{"root_group":{"name":"","path":"","id":"d41d8cd98f00b204e9800998ecf8427e","groups":[],"checks":[{"name":"status es 200","path":"::status es 200","id":"c8f562f01bcdf8f7be8c15f6ad60295d","passes":28,"fails":0}]},"options":{"summaryTrendStats":["avg","min","med","max","p(90)","p(95)","p(99)"],"summaryTimeUnit":"","noColor":false},"state":{"isStdOutTTY":false,"isStdErrTTY":false,"testRunDurationMs":30976.964473},"metrics":{"http_req_duration{expected_response:true}":{"type":"trend","contains":"time","values":{"min":72.984983,"med":102.01316399999999,"max":188.556035,"p(90)":108.4460749,"p(95)":114.37277284999999,"p(99)":169.33379675000003,"avg":101.58880460714285}},"http_req_tls_handshaking":{"type":"trend","contains":"time","values":{"avg":1.0627827857142857,"min":0,"med":0,"max":29.757918,"p(90)":0,"p(95)":0,"p(99)":21.723280140000014}},"http_req_duration":{"type":"trend","contains":"time","values":{"avg":101.58880460714285,"min":72.984983,"med":102.01316399999999,"max":188.556035,"p(90)":108.4460749,"p(95)":114.37277284999999,"p(99)":169.33379675000003},"thresholds":{"p(95)<800":{"ok":true}}},"http_req_waiting":{"type":"trend","contains":"time","values":{"p(90)":103.5325309,"p(95)":109.57699284999998,"p(99)":165.03189007000003,"avg":96.91478207142855,"min":68.102039,"med":97.4804255,"max":184.414963}},"vus":{"values":{"min":1,"max":1,"value":1},"type":"gauge","contains":"default"},"data_received":{"type":"counter","contains":"data","values":{"count":1646037,"rate":53137.453201223485}},"iteration_duration":{"type":"trend","contains":"time","values":{"p(95)":1115.03360035,"p(99)":1251.8525603,"avg":1106.2819246071429,"min":1073.442432,"med":1102.7332495,"max":1301.34062,"p(90)":1108.7623276}},"http_req_connecting":{"type":"trend","contains":"time","values":{"p(90)":0,"p(95)":0,"p(99)":13.097614740000008,"avg":0.6407835000000001,"min":0,"med":0,"max":17.941938}},"checks":{"type":"rate","contains":"default","values":{"rate":1,"passes":28,"fails":0}},"vus_max":{"type":"gauge","contains":"default","values":{"value":1,"min":1,"max":1}},"data_sent":{"type":"counter","contains":"data","values":{"rate":312.84537283977016,"count":9691}},"http_req_blocked":{"type":"trend","contains":"time","values":{"med":0.00037850000000000004,"max":112.402359,"p(90)":0.0004069,"p(95)":0.00047744999999999987,"p(99)":82.05385788000005,"avg":4.014724357142857,"min":0.000317}},"http_req_receiving":{"contains":"time","values":{"min":4.009909,"med":4.6928160000000005,"max":4.976888,"p(90)":4.8518158,"p(95)":4.86289425,"p(99)":4.9473594499999995,"avg":4.6266923928571435},"type":"trend"},"http_req_failed":{"thresholds":{"rate<0.01":{"ok":true}},"type":"rate","contains":"default","values":{"rate":0,"passes":0,"fails":28}},"http_reqs":{"type":"counter","contains":"default","values":{"count":28,"rate":0.9038974759584734}},"http_req_sending":{"type":"trend","contains":"time","values":{"p(95)":0.0658801,"p(99)":0.11364567000000003,"avg":0.047330142857142855,"min":0.037873,"med":0.041507,"max":0.131163,"p(90)":0.0623958}},"iterations":{"type":"counter","contains":"default","values":{"count":28,"rate":0.9038974759584734}}}}