{"root_group":{"name":"","path":"","id":"d41d8cd98f00b204e9800998ecf8427e","groups":[],"checks":[{"name":"status es 200","path":"::status es 200","id":"c8f562f01bcdf8f7be8c15f6ad60295d","passes":28,"fails":0}]},"options":{"summaryTrendStats":["avg","min","med","max","p(90)","p(95)","p(99)"],"summaryTimeUnit":"","noColor":false},"state":{"isStdOutTTY":false,"isStdErrTTY":false,"testRunDurationMs":30973.941413},"metrics":{"iterations":{"values":{"count":28,"rate":0.9039856964489572},"type":"counter","contains":"default"},"http_req_waiting":{"type":"trend","contains":"time","values":{"p(95)":160.3741101999999,"p(99)":188.55056116,"avg":96.63235782142858,"min":67.262145,"med":98.137136,"max":191.09215,"p(90)":113.9914744}},"http_req_duration{expected_response:true}":{"type":"trend","contains":"time","values":{"max":194.526242,"p(90)":121.5607942,"p(95)":165.97723324999993,"p(99)":192.1320683,"avg":101.86036760714286,"min":71.940798,"med":103.083067}},"http_req_connecting":{"type":"trend","contains":"time","values":{"p(90)":0,"p(95)":0,"p(99)":13.570559840000008,"avg":0.6639217142857143,"min":0,"med":0,"max":18.589808}},"vus":{"type":"gauge","contains":"default","values":{"max":1,"value":1,"min":1}},"http_reqs":{"type":"counter","contains":"default","values":{"count":28,"rate":0.9039856964489572}},"vus_max":{"type":"gauge","contains":"default","values":{"value":1,"min":1,"max":1}},"checks":{"type":"rate","contains":"default","values":{"rate":1,"passes":28,"fails":0}},"iteration_duration":{"type":"trend","contains":"time","values":{"avg":1106.191316714286,"min":1072.971799,"med":1103.73886,"max":1212.209671,"p(90)":1146.7411981,"p(95)":1192.2584593,"p(99)":1207.71663637}},"http_req_failed":{"type":"rate","contains":"default","values":{"rate":0,"passes":0,"fails":28},"thresholds":{"rate<0.01":{"ok":true}}},"http_req_sending":{"type":"trend","contains":"time","values":{"p(90)":0.06590640000000002,"p(95)":0.08849354999999996,"p(99)":0.11870525000000001,"avg":0.05249742857142856,"min":0.031949,"med":0.0435785,"max":0.126839}},"http_req_duration":{"values":{"max":194.526242,"p(90)":121.5607942,"p(95)":165.97723324999993,"p(99)":192.1320683,"avg":101.86036760714286,"min":71.940798,"med":103.083067},"thresholds":{"p(95)<800":{"ok":true}},"type":"trend","contains":"time"},"http_req_receiving":{"contains":"time","values":{"avg":5.175512357142859,"min":3.205303,"med":4.8282495,"max":12.388578,"p(90)":6.312746400000001,"p(95)":8.050891249999998,"p(99)":11.357361330000003},"type":"trend"},"data_received":{"values":{"count":1646132,"rate":53145.70651667553},"type":"counter","contains":"data"},"http_req_tls_handshaking":{"type":"trend","contains":"time","values":{"p(95)":0,"p(99)":21.23835063000001,"avg":1.03905825,"min":0,"med":0,"max":29.093631,"p(90)":0}},"data_sent":{"type":"counter","contains":"data","values":{"count":9493,"rate":306.4834362996411}},"http_req_blocked":{"type":"trend","contains":"time","values":{"p(99)":73.72687304000004,"avg":3.6073495357142855,"min":0.000311,"med":0.000368,"max":100.995509,"p(90)":0.0005034000000000001,"p(95)":0.00055995}}}}