{"state":{"isStdErrTTY":false,"testRunDurationMs":30925.331238,"isStdOutTTY":false},"metrics":{"http_req_sending":{"type":"trend","contains":"time","values":{"med":0.0998375,"max":0.150612,"p(90)":0.13471149999999998,"p(95)":0.1392,"p(99)":0.14789175,"avg":0.10479992307692307,"min":0.079539}},"http_req_receiving":{"values":{"avg":0.33741415384615375,"min":0.186759,"med":0.3266205,"max":0.704358,"p(90)":0.437372,"p(95)":0.46273325,"p(99)":0.644637},"type":"trend","contains":"time"},"checks":{"type":"rate","contains":"default","values":{"rate":1,"passes":26,"fails":0}},"http_req_failed":{"type":"rate","contains":"default","values":{"fails":26,"rate":0,"passes":0},"thresholds":{"rate<0.01":{"ok":true}}},"http_req_tls_handshaking":{"values":{"avg":0.43273,"min":0,"med":0,"max":11.25098,"p(90)":0,"p(95)":0,"p(99)":8.438235},"type":"trend","contains":"time"},"http_req_duration":{"thresholds":{"p(95)<800":{"ok":true}},"type":"trend","contains":"time","values":{"p(95)":191.3781335,"p(99)":321.700448,"avg":187.1093460769231,"min":176.48724,"med":179.0834735,"max":364.655515,"p(90)":184.680571}},"vus_max":{"type":"gauge","contains":"default","values":{"value":1,"min":1,"max":1}},"data_received":{"type":"counter","contains":"data","values":{"count":1528468,"rate":49424.466571981946}},"iterations":{"values":{"count":26,"rate":0.840734729723835},"type":"counter","contains":"default"},"data_sent":{"type":"counter","contains":"data","values":{"count":7067,"rate":228.518166729167}},"iteration_duration":{"type":"trend","contains":"time","values":{"avg":1189.4021742307689,"min":1177.011548,"med":1179.666432,"max":1406.501073,"p(90)":1185.390067,"p(95)":1192.347139,"p(99)":1353.353823}},"http_req_blocked":{"type":"trend","contains":"time","values":{"avg":1.554963538461539,"min":0.000291,"med":0.0003255,"max":40.419274,"p(90)":0.000796,"p(95)":0.00086425,"p(99)":30.314676000000002}},"http_req_duration{expected_response:true}":{"type":"trend","contains":"time","values":{"avg":187.1093460769231,"min":176.48724,"med":179.0834735,"max":364.655515,"p(90)":184.680571,"p(95)":191.3781335,"p(99)":321.700448}},"http_req_waiting":{"type":"trend","contains":"time","values":{"p(99)":321.2006355,"avg":186.667132,"min":176.092041,"med":178.59615250000002,"max":364.152297,"p(90)":184.17672249999998,"p(95)":190.87150725}},"vus":{"type":"gauge","contains":"default","values":{"value":1,"min":1,"max":1}},"http_reqs":{"contains":"default","values":{"count":26,"rate":0.840734729723835},"type":"counter"},"http_req_connecting":{"contains":"time","values":{"max":1.592761,"p(90)":0,"p(95)":0,"p(99)":1.19457075,"avg":0.06126003846153846,"min":0,"med":0},"type":"trend"}},"root_group":{"id":"d41d8cd98f00b204e9800998ecf8427e","groups":[],"checks":[{"name":"status es 200","path":"::status es 200","id":"c8f562f01bcdf8f7be8c15f6ad60295d","passes":26,"fails":0}],"name":"","path":""},"options":{"noColor":false,"summaryTrendStats":["avg","min","med","max","p(90)","p(95)","p(99)"],"summaryTimeUnit":""}}