{"options":{"summaryTrendStats":["avg","min","med","max","p(90)","p(95)","p(99)"],"summaryTimeUnit":"","noColor":false},"state":{"isStdOutTTY":false,"isStdErrTTY":false,"testRunDurationMs":30608.418171},"metrics":{"http_req_waiting":{"type":"trend","contains":"time","values":{"max":301.138976,"p(90)":185.23779000000002,"p(95)":269.53209575,"p(99)":299.6776105,"avg":169.17478534615384,"min":102.96787,"med":163.09448500000002}},"http_reqs":{"contains":"default","values":{"count":26,"rate":0.8494395187214786},"type":"counter"},"http_req_sending":{"type":"trend","contains":"time","values":{"p(95)":0.10270675,"p(99)":0.12563875000000002,"avg":0.08299846153846152,"min":0.045595,"med":0.08561949999999999,"max":0.132867,"p(90)":0.098173}},"http_req_receiving":{"type":"trend","contains":"time","values":{"p(90)":2.392141,"p(95)":8.023810000000001,"p(99)":46.907052500000006,"avg":4.700620576923077,"min":1.631625,"med":2.2678624999999997,"max":59.24544}},"vus_max":{"type":"gauge","contains":"default","values":{"value":1,"min":1,"max":1}},"checks":{"type":"rate","contains":"default","values":{"rate":1,"passes":26,"fails":0}},"vus":{"values":{"value":1,"min":1,"max":1},"type":"gauge","contains":"default"},"http_req_failed":{"type":"rate","contains":"default","values":{"fails":26,"rate":0,"passes":0},"thresholds":{"rate<0.01":{"ok":true}}},"http_req_duration{expected_response:true}":{"type":"trend","contains":"time","values":{"avg":173.9584043846154,"min":105.31232,"med":166.246685,"max":311.122787,"p(90)":206.99550749999997,"p(95)":277.6598275,"p(99)":307.60851425}},"http_req_connecting":{"values":{"p(99)":6.5368717499999995,"avg":0.3352241923076923,"min":0,"med":0,"max":8.715829,"p(90)":0,"p(95)":0},"type":"trend","contains":"time"},"data_sent":{"type":"counter","contains":"data","values":{"count":8646,"rate":282.47131072561166}},"data_received":{"type":"counter","contains":"data","values":{"count":1528360,"rate":49932.66857050612}},"iterations":{"type":"counter","contains":"default","values":{"count":26,"rate":0.8494395187214786}},"http_req_blocked":{"contains":"time","values":{"p(95)":0.000546,"p(99)":47.6552295,"avg":2.444207307692309,"min":0.000301,"med":0.000346,"max":63.540119,"p(90)":0.000471},"type":"trend"},"http_req_duration":{"type":"trend","contains":"time","values":{"avg":173.9584043846154,"min":105.31232,"med":166.246685,"max":311.122787,"p(90)":206.99550749999997,"p(95)":277.6598275,"p(99)":307.60851425},"thresholds":{"p(95)<800":{"ok":true}}},"iteration_duration":{"values":{"med":1167.0152465,"max":1361.734734,"p(90)":1207.7017895,"p(95)":1288.78865675,"p(99)":1349.2330695,"avg":1177.217228307692,"min":1105.842521},"type":"trend","contains":"time"},"http_req_tls_handshaking":{"type":"trend","contains":"time","values":{"med":0,"max":25.338782,"p(90)":0,"p(95)":0,"p(99)":19.0040865,"avg":0.9745685384615383,"min":0}}},"root_group":{"groups":[],"checks":[{"path":"::status es 200","id":"c8f562f01bcdf8f7be8c15f6ad60295d","passes":26,"fails":0,"name":"status es 200"}],"name":"","path":"","id":"d41d8cd98f00b204e9800998ecf8427e"}}