{"state":{"testRunDurationMs":30941.853336,"isStdOutTTY":false,"isStdErrTTY":false},"metrics":{"data_sent":{"type":"counter","contains":"data","values":{"count":8435,"rate":272.6081048993309}},"http_req_receiving":{"type":"trend","contains":"time","values":{"med":0.603122,"max":2.8923,"p(90)":1.3787975999999988,"p(95)":2.8021251999999994,"p(99)":2.88208616,"avg":0.8243106551724136,"min":0.430831}},"vus":{"type":"gauge","contains":"default","values":{"max":1,"value":1,"min":1}},"http_req_duration":{"type":"trend","contains":"time","values":{"avg":61.83193703448275,"min":44.543948,"med":61.135628,"max":112.74738,"p(90)":70.11354279999999,"p(95)":77.90538579999998,"p(99)":104.06316067999997},"thresholds":{"p(95)<800":{"ok":true}}},"vus_max":{"type":"gauge","contains":"default","values":{"min":1,"max":1,"value":1}},"http_reqs":{"type":"counter","contains":"default","values":{"count":29,"rate":0.9372418544256782}},"http_req_connecting":{"type":"trend","contains":"time","values":{"p(99)":1.927964159999997,"avg":0.09233544827586207,"min":0,"med":0,"max":2.677728,"p(90)":0,"p(95)":0}},"iteration_duration":{"values":{"avg":1066.929327275862,"min":1045.507549,"med":1061.40881,"max":1235.98695,"p(90)":1070.9390236,"p(95)":1078.9840596,"p(99)":1193.1297434399999},"type":"trend","contains":"time"},"http_req_tls_handshaking":{"type":"trend","contains":"time","values":{"p(90)":0,"p(95)":0,"p(99)":9.558096479999985,"avg":0.45776324137931035,"min":0,"med":0,"max":13.275134}},"data_received":{"type":"counter","contains":"data","values":{"count":1704384,"rate":55083.44899356742}},"iterations":{"type":"counter","contains":"default","values":{"count":29,"rate":0.9372418544256782}},"http_req_duration{expected_response:true}":{"values":{"avg":61.83193703448275,"min":44.543948,"med":61.135628,"max":112.74738,"p(90)":70.11354279999999,"p(95)":77.90538579999998,"p(99)":104.06316067999997},"type":"trend","contains":"time"},"http_req_failed":{"values":{"rate":0,"passes":0,"fails":29},"thresholds":{"rate<0.01":{"ok":true}},"type":"rate","contains":"default"},"http_req_blocked":{"type":"trend","contains":"time","values":{"avg":4.210384413793102,"min":0.0003,"med":0.000321,"max":122.091347,"p(90)":0.000431,"p(95)":0.0006055999999999993,"p(99)":87.90597199999986}},"http_req_sending":{"contains":"time","values":{"min":0.05947,"med":0.09121,"max":0.182492,"p(90)":0.12146699999999999,"p(95)":0.131221,"p(99)":0.16875995999999993,"avg":0.09643962068965518},"type":"trend"},"checks":{"type":"rate","contains":"default","values":{"rate":1,"passes":29,"fails":0}},"http_req_waiting":{"values":{"max":109.709066,"p(90)":69.0348022,"p(95)":76.32574739999997,"p(99)":101.65913291999998,"avg":60.91118675862071,"min":43.403494,"med":60.531273},"type":"trend","contains":"time"}},"root_group":{"checks":[{"passes":29,"fails":0,"name":"status es 200","path":"::status es 200","id":"c8f562f01bcdf8f7be8c15f6ad60295d"}],"name":"","path":"","id":"d41d8cd98f00b204e9800998ecf8427e","groups":[]},"options":{"summaryTimeUnit":"","noColor":false,"summaryTrendStats":["avg","min","med","max","p(90)","p(95)","p(99)"]}}