{"state":{"isStdOutTTY":false,"isStdErrTTY":false,"testRunDurationMs":30044.846076},"metrics":{"iteration_duration":{"type":"trend","contains":"time","values":{"p(99)":1087.80855648,"avg":1035.9896551724137,"min":1027.078496,"med":1031.434707,"max":1092.158611,"p(90)":1039.7420452000001,"p(95)":1062.8316475999998}},"iterations":{"type":"counter","contains":"default","values":{"count":29,"rate":0.9652237833618117}},"http_req_duration{expected_response:true}":{"type":"trend","contains":"time","values":{"max":75.830718,"p(90)":39.042071199999995,"p(95)":43.29658319999999,"p(99)":67.17716063999997,"avg":33.531646413793105,"min":25.978157,"med":30.954332}},"http_req_connecting":{"type":"trend","contains":"time","values":{"p(90)":0,"p(95)":0,"p(99)":4.916710079999992,"avg":0.23547462068965516,"min":0,"med":0,"max":6.828764}},"http_req_waiting":{"type":"trend","contains":"time","values":{"p(95)":41.56311999999999,"p(99)":65.63441655999998,"avg":31.775717344827587,"min":24.215431,"med":29.355074,"max":74.358292,"p(90)":37.44492339999999}},"http_req_receiving":{"type":"trend","contains":"time","values":{"p(99)":4.181100919999997,"avg":1.645277620689655,"min":1.026607,"med":1.494202,"max":4.909692,"p(90)":1.7464131999999999,"p(95)":2.1048837999999988}},"http_reqs":{"type":"counter","contains":"default","values":{"count":29,"rate":0.9652237833618117}},"http_req_tls_handshaking":{"type":"trend","contains":"time","values":{"avg":0.6691682413793103,"min":0,"med":0,"max":19.405879,"p(90)":0,"p(95)":0,"p(99)":13.972232879999977}},"http_req_failed":{"type":"rate","contains":"default","values":{"passes":0,"fails":29,"rate":0},"thresholds":{"rate<0.01":{"ok":true}}},"http_req_blocked":{"type":"trend","contains":"time","values":{"avg":1.5980222068965522,"min":0.00031,"med":0.00034,"max":46.331098,"p(90)":0.0006789999999999999,"p(95)":0.0008049999999999998,"p(99)":33.35862603999995}},"data_sent":{"contains":"data","values":{"count":8805,"rate":293.061910775888},"type":"counter"},"http_req_sending":{"type":"trend","contains":"time","values":{"min":0.083254,"med":0.107419,"max":0.183663,"p(90)":0.1241248,"p(95)":0.15143559999999992,"p(99)":0.17881759999999997,"avg":0.11065144827586205}},"data_received":{"type":"counter","contains":"data","values":{"count":1704132,"rate":56719.61159958382}},"checks":{"type":"rate","contains":"default","values":{"rate":1,"passes":29,"fails":0}},"vus":{"type":"gauge","contains":"default","values":{"value":1,"min":1,"max":1}},"vus_max":{"type":"gauge","contains":"default","values":{"max":1,"value":1,"min":1}},"http_req_duration":{"thresholds":{"p(95)<800":{"ok":true}},"type":"trend","contains":"time","values":{"med":30.954332,"max":75.830718,"p(90)":39.042071199999995,"p(95)":43.29658319999999,"p(99)":67.17716063999997,"avg":33.531646413793105,"min":25.978157}}},"root_group":{"checks":[{"path":"::status es 200","id":"c8f562f01bcdf8f7be8c15f6ad60295d","passes":29,"fails":0,"name":"status es 200"}],"name":"","path":"","id":"d41d8cd98f00b204e9800998ecf8427e","groups":[]},"options":{"noColor":false,"summaryTrendStats":["avg","min","med","max","p(90)","p(95)","p(99)"],"summaryTimeUnit":""}}