{"root_group":{"name":"","path":"","id":"d41d8cd98f00b204e9800998ecf8427e","groups":[],"checks":[{"name":"status es 200","path":"::status es 200","id":"c8f562f01bcdf8f7be8c15f6ad60295d","passes":27,"fails":0}]},"options":{"summaryTrendStats":["avg","min","med","max","p(90)","p(95)","p(99)"],"summaryTimeUnit":"","noColor":false},"state":{"isStdOutTTY":false,"isStdErrTTY":false,"testRunDurationMs":30107.436682},"metrics":{"http_req_sending":{"type":"trend","contains":"time","values":{"p(95)":0.13966320000000002,"p(99)":0.14224762,"avg":0.09698714814814816,"min":0.067179,"med":0.091695,"max":0.142823,"p(90)":0.12969540000000002}},"data_received":{"type":"counter","contains":"data","values":{"count":1587344,"rate":52722.65509567634}},"http_req_duration":{"values":{"avg":110.145089,"min":76.473896,"med":108.823822,"max":196.951681,"p(90)":124.894362,"p(95)":159.72483509999995,"p(99)":190.82245321999997},"thresholds":{"p(95)<800":{"ok":true}},"type":"trend","contains":"time"},"http_req_waiting":{"type":"trend","contains":"time","values":{"min":71.741195,"med":104.013968,"max":192.999398,"p(90)":120.02572100000002,"p(95)":154.84219909999996,"p(99)":186.62985325999998,"avg":105.35103559259258}},"http_reqs":{"type":"counter","contains":"default","values":{"count":27,"rate":0.89678840099138}},"vus_max":{"values":{"max":1,"value":1,"min":1},"type":"gauge","contains":"default"},"iteration_duration":{"type":"trend","contains":"time","values":{"med":1109.600368,"max":1305.730711,"p(90)":1126.0828062,"p(95)":1160.7465156,"p(99)":1271.5611524599997,"avg":1115.0512519629629,"min":1077.370868}},"http_req_tls_handshaking":{"type":"trend","contains":"time","values":{"med":0,"max":25.613581,"p(90)":0,"p(95)":0,"p(99)":18.95404993999996,"avg":0.9486511481481481,"min":0}},"data_sent":{"type":"counter","contains":"data","values":{"count":8865,"rate":294.4455249921698}},"http_req_receiving":{"type":"trend","contains":"time","values":{"p(99)":5.6427302799999985,"avg":4.69706625925926,"min":3.82776,"med":4.696085,"max":5.89335,"p(90)":4.875592200000001,"p(95)":4.9269704}},"http_req_failed":{"type":"rate","contains":"default","values":{"fails":27,"rate":0,"passes":0},"thresholds":{"rate<0.01":{"ok":true}}},"vus":{"type":"gauge","contains":"default","values":{"min":1,"max":1,"value":1}},"http_req_blocked":{"type":"trend","contains":"time","values":{"avg":3.997234111111112,"min":0.000321,"med":0.000421,"max":107.913034,"p(90)":0.0007610000000000001,"p(95)":0.0008351,"p(99)":79.85586953999983}},"iterations":{"type":"counter","contains":"default","values":{"count":27,"rate":0.89678840099138}},"http_req_connecting":{"type":"trend","contains":"time","values":{"p(95)":0,"p(99)":16.601581059999965,"avg":0.8309099629629629,"min":0,"med":0,"max":22.434569,"p(90)":0}},"checks":{"type":"rate","contains":"default","values":{"passes":27,"fails":0,"rate":1}},"http_req_duration{expected_response:true}":{"type":"trend","contains":"time","values":{"p(95)":159.72483509999995,"p(99)":190.82245321999997,"avg":110.145089,"min":76.473896,"med":108.823822,"max":196.951681,"p(90)":124.894362}}}}