{"options":{"summaryTrendStats":["avg","min","med","max","p(90)","p(95)","p(99)"],"summaryTimeUnit":"","noColor":false},"state":{"testRunDurationMs":30743.848561,"isStdOutTTY":false,"isStdErrTTY":false},"metrics":{"http_req_receiving":{"type":"trend","contains":"time","values":{"max":0.576854,"p(90)":0.5398766,"p(95)":0.5632126,"p(99)":0.5746713999999999,"avg":0.3765701034482759,"min":0.234607,"med":0.350723}},"checks":{"type":"rate","contains":"default","values":{"rate":1,"passes":29,"fails":0}},"http_reqs":{"type":"counter","contains":"default","values":{"count":29,"rate":0.9432781306627904}},"http_req_sending":{"type":"trend","contains":"time","values":{"p(90)":0.11422439999999999,"p(95)":0.12852079999999996,"p(99)":0.13935415999999998,"avg":0.09960127586206899,"min":0.049662,"med":0.103142,"max":0.141203}},"data_received":{"contains":"data","values":{"count":1704579,"rate":55444.554920243056},"type":"counter"},"http_req_connecting":{"contains":"time","values":{"avg":0.06289444827586207,"min":0,"med":0,"max":1.823939,"p(90)":0,"p(95)":0,"p(99)":1.3132360799999978},"type":"trend"},"http_req_tls_handshaking":{"values":{"avg":0.3360376206896552,"min":0,"med":0,"max":9.745091,"p(90)":0,"p(95)":0,"p(99)":7.016465519999989},"type":"trend","contains":"time"},"iterations":{"type":"counter","contains":"default","values":{"count":29,"rate":0.9432781306627904}},"http_req_blocked":{"values":{"med":0.000321,"max":21.911873,"p(90)":0.0004309999999999999,"p(95)":0.0007295999999999995,"p(99)":15.776778719999974,"avg":0.7559186896551724,"min":0.00029},"type":"trend","contains":"time"},"vus_max":{"values":{"value":1,"min":1,"max":1},"type":"gauge","contains":"default"},"data_sent":{"type":"counter","contains":"data","values":{"rate":264.4431449064995,"count":8130}},"http_req_duration{expected_response:true}":{"type":"trend","contains":"time","values":{"p(90)":66.2437034,"p(95)":68.9631934,"p(99)":101.43312371999994,"avg":58.51067206896551,"min":41.29419,"med":59.191096,"max":114.005558}},"http_req_failed":{"contains":"default","values":{"rate":0,"passes":0,"fails":29},"thresholds":{"rate<0.01":{"ok":true}},"type":"rate"},"iteration_duration":{"type":"trend","contains":"time","values":{"p(95)":1069.982439,"p(99)":1118.5340205199998,"avg":1060.1012332413793,"min":1041.946814,"med":1059.625037,"max":1137.333477,"p(90)":1066.9669728}},"http_req_waiting":{"type":"trend","contains":"time","values":{"avg":58.03450068965519,"min":40.609285,"med":58.828397,"max":113.309912,"p(90)":65.84200059999999,"p(95)":68.4037284,"p(99)":100.74453903999995}},"vus":{"type":"gauge","contains":"default","values":{"value":1,"min":1,"max":1}},"http_req_duration":{"type":"trend","contains":"time","values":{"p(95)":68.9631934,"p(99)":101.43312371999994,"avg":58.51067206896551,"min":41.29419,"med":59.191096,"max":114.005558,"p(90)":66.2437034},"thresholds":{"p(95)<800":{"ok":true}}}},"root_group":{"name":"","path":"","id":"d41d8cd98f00b204e9800998ecf8427e","groups":[],"checks":[{"passes":29,"fails":0,"name":"status es 200","path":"::status es 200","id":"c8f562f01bcdf8f7be8c15f6ad60295d"}]}}