{"root_group":{"id":"d41d8cd98f00b204e9800998ecf8427e","groups":[],"checks":[{"id":"c8f562f01bcdf8f7be8c15f6ad60295d","passes":29,"fails":0,"name":"status es 200","path":"::status es 200"}],"name":"","path":""},"options":{"summaryTrendStats":["avg","min","med","max","p(90)","p(95)","p(99)"],"summaryTimeUnit":"","noColor":false},"state":{"isStdOutTTY":false,"isStdErrTTY":false,"testRunDurationMs":30046.851208},"metrics":{"http_req_waiting":{"type":"trend","contains":"time","values":{"max":43.943767,"p(90)":37.7993452,"p(95)":40.1496088,"p(99)":42.90296696,"avg":31.12758155172414,"min":23.787451,"med":30.816507}},"checks":{"type":"rate","contains":"default","values":{"rate":1,"passes":29,"fails":0}},"http_req_sending":{"type":"trend","contains":"time","values":{"avg":0.09821037931034483,"min":0.059651,"med":0.099145,"max":0.151133,"p(90)":0.12225420000000001,"p(95)":0.1248792,"p(99)":0.14419263999999998}},"http_reqs":{"type":"counter","contains":"default","values":{"count":29,"rate":0.9651593705858511}},"http_req_duration{expected_response:true}":{"type":"trend","contains":"time","values":{"avg":31.810120793103454,"min":24.395671,"med":31.323812,"max":44.517502,"p(90)":38.542504799999996,"p(95)":40.7477324,"p(99)":43.49897512}},"http_req_blocked":{"type":"trend","contains":"time","values":{"min":0.00029,"med":0.000321,"max":98.183062,"p(90)":0.0004222,"p(95)":0.00047959999999999984,"p(99)":70.6919479999999,"avg":3.385955275862068}},"http_req_failed":{"thresholds":{"rate<0.01":{"ok":true}},"type":"rate","contains":"default","values":{"fails":29,"rate":0,"passes":0}},"http_req_connecting":{"contains":"time","values":{"med":0,"max":6.441396,"p(90)":0,"p(95)":0,"p(99)":4.637805119999992,"avg":0.22211710344827587,"min":0},"type":"trend"},"http_req_receiving":{"type":"trend","contains":"time","values":{"p(95)":0.6486407999999999,"p(99)":1.9723449599999978,"avg":0.5843288620689656,"min":0.38904,"med":0.513407,"max":2.485597,"p(90)":0.6366574}},"iteration_duration":{"values":{"max":1143.846071,"p(90)":1039.7225144000001,"p(95)":1041.2964972,"p(99)":1115.1781732799998,"avg":1036.0688469310344,"min":1025.08129,"med":1031.871181},"type":"trend","contains":"time"},"data_received":{"type":"counter","contains":"data","values":{"count":1704041,"rate":56712.79789698222}},"http_req_tls_handshaking":{"values":{"med":0,"max":9.741107,"p(90)":0,"p(95)":0,"p(99)":7.013597039999989,"avg":0.33590024137931035,"min":0},"type":"trend","contains":"time"},"vus":{"contains":"default","values":{"min":1,"max":1,"value":1},"type":"gauge"},"vus_max":{"type":"gauge","contains":"default","values":{"min":1,"max":1,"value":1}},"data_sent":{"type":"counter","contains":"data","values":{"count":7897,"rate":262.8228810178092}},"http_req_duration":{"type":"trend","contains":"time","values":{"p(95)":40.7477324,"p(99)":43.49897512,"avg":31.810120793103454,"min":24.395671,"med":31.323812,"max":44.517502,"p(90)":38.542504799999996},"thresholds":{"p(95)<800":{"ok":true}}},"iterations":{"contains":"default","values":{"count":29,"rate":0.9651593705858511},"type":"counter"}}}