{"options":{"summaryTrendStats":["avg","min","med","max","p(90)","p(95)","p(99)"],"summaryTimeUnit":"","noColor":false},"state":{"isStdOutTTY":false,"isStdErrTTY":false,"testRunDurationMs":30465.240011},"metrics":{"vus_max":{"type":"gauge","contains":"default","values":{"value":1,"min":1,"max":1}},"http_req_tls_handshaking":{"type":"trend","contains":"time","values":{"p(95)":0,"p(99)":6.9032535,"avg":0.354013,"min":0,"med":0,"max":9.204338,"p(90)":0}},"http_req_duration{expected_response:true}":{"values":{"avg":169.4627895769231,"min":83.085966,"med":183.8464335,"max":355.151444,"p(90)":186.990353,"p(95)":188.72382725,"p(99)":313.67977800000006},"type":"trend","contains":"time"},"checks":{"type":"rate","contains":"default","values":{"rate":1,"passes":26,"fails":0}},"http_req_blocked":{"type":"trend","contains":"time","values":{"min":0.00029,"med":0.00032,"max":37.203481,"p(90)":0.000461,"p(95)":0.0006335,"p(99)":27.902783499999995,"avg":1.431238000000001}},"http_req_waiting":{"type":"trend","contains":"time","values":{"p(90)":186.20820600000002,"p(95)":188.24247175,"p(99)":313.2630315,"avg":168.35155965384618,"min":81.79241,"med":183.457434,"max":354.746142}},"http_req_duration":{"contains":"time","values":{"med":183.8464335,"max":355.151444,"p(90)":186.990353,"p(95)":188.72382725,"p(99)":313.67977800000006,"avg":169.4627895769231,"min":83.085966},"thresholds":{"p(95)<800":{"ok":true}},"type":"trend"},"iterations":{"contains":"default","values":{"count":26,"rate":0.8534316483511127},"type":"counter"},"vus":{"values":{"value":1,"min":1,"max":1},"type":"gauge","contains":"default"},"http_req_connecting":{"type":"trend","contains":"time","values":{"avg":0.06835738461538463,"min":0,"med":0,"max":1.777292,"p(90)":0,"p(95)":0,"p(99)":1.332969}},"http_req_receiving":{"type":"trend","contains":"time","values":{"med":0.35885449999999997,"max":5.453578,"p(90)":3.1108660000000006,"p(95)":5.18179575,"p(99)":5.40481625,"avg":1.0064312692307693,"min":0.22477}},"iteration_duration":{"type":"trend","contains":"time","values":{"avg":1171.7083837307694,"min":1083.37227,"med":1184.5817905,"max":1355.516704,"p(90)":1187.688641,"p(95)":1189.810629,"p(99)":1314.2497234999998}},"data_sent":{"type":"counter","contains":"data","values":{"rate":225.66702240053462,"count":6875}},"http_reqs":{"values":{"rate":0.8534316483511127,"count":26},"type":"counter","contains":"default"},"http_req_sending":{"type":"trend","contains":"time","values":{"max":0.237364,"p(90)":0.11777,"p(95)":0.13332175000000002,"p(99)":0.21264775,"avg":0.10479865384615383,"min":0.072195,"med":0.100202}},"data_received":{"values":{"count":1528990,"rate":50188.01753893722},"type":"counter","contains":"data"},"http_req_failed":{"type":"rate","contains":"default","values":{"rate":0,"passes":0,"fails":26},"thresholds":{"rate<0.01":{"ok":true}}}},"root_group":{"path":"","id":"d41d8cd98f00b204e9800998ecf8427e","groups":[],"checks":[{"name":"status es 200","path":"::status es 200","id":"c8f562f01bcdf8f7be8c15f6ad60295d","passes":26,"fails":0}],"name":""}}