{"options":{"summaryTrendStats":["avg","min","med","max","p(90)","p(95)","p(99)"],"summaryTimeUnit":"","noColor":false},"state":{"isStdOutTTY":false,"isStdErrTTY":false,"testRunDurationMs":30805.406063},"metrics":{"http_req_connecting":{"type":"trend","contains":"time","values":{"avg":0.056763666666666664,"min":0,"med":0,"max":1.532619,"p(90)":0,"p(95)":0,"p(99)":1.1341380599999975}},"http_req_waiting":{"type":"trend","contains":"time","values":{"avg":136.76656459259257,"min":85.516037,"med":153.732031,"max":304.147806,"p(90)":158.9279052,"p(95)":161.1153336,"p(99)":267.1657642799998}},"vus":{"contains":"default","values":{"value":1,"min":1,"max":1},"type":"gauge"},"data_received":{"type":"counter","contains":"data","values":{"rate":51544.78394969632,"count":1587858}},"data_sent":{"contains":"data","values":{"rate":253.94893298926874,"count":7823},"type":"counter"},"http_req_receiving":{"values":{"med":0.37008,"max":11.835326,"p(90)":4.163772,"p(95)":5.056898099999999,"p(99)":10.16714571999999,"avg":1.6999794074074077,"min":0.280486},"type":"trend","contains":"time"},"http_req_tls_handshaking":{"type":"trend","contains":"time","values":{"p(95)":0,"p(99)":6.264572119999987,"avg":0.3135421481481482,"min":0,"med":0,"max":8.465638,"p(90)":0}},"http_req_duration":{"type":"trend","contains":"time","values":{"p(90)":159.3814992,"p(95)":161.6102019,"p(99)":267.72439589999976,"avg":138.5639949259259,"min":86.658343,"med":154.090191,"max":304.72182},"thresholds":{"p(95)<800":{"ok":true}}},"iterations":{"type":"counter","contains":"default","values":{"count":27,"rate":0.8764695373527107}},"vus_max":{"type":"gauge","contains":"default","values":{"value":1,"min":1,"max":1}},"checks":{"contains":"default","values":{"rate":1,"passes":27,"fails":0},"type":"rate"},"http_req_sending":{"type":"trend","contains":"time","values":{"med":0.098543,"max":0.205522,"p(90)":0.1140374,"p(95)":0.1199285,"p(99)":0.18389129999999987,"avg":0.0974509259259259,"min":0.050143}},"http_req_duration{expected_response:true}":{"type":"trend","contains":"time","values":{"min":86.658343,"med":154.090191,"max":304.72182,"p(90)":159.3814992,"p(95)":161.6102019,"p(99)":267.72439589999976,"avg":138.5639949259259}},"iteration_duration":{"values":{"max":1343.644335,"p(90)":1160.5147764,"p(95)":1162.8978700999999,"p(99)":1296.8624377599997,"avg":1140.9008878888887,"min":1087.981667,"med":1155.264324},"type":"trend","contains":"time"},"http_req_blocked":{"values":{"avg":1.405154666666666,"min":0.000281,"med":0.000301,"max":37.930893,"p(90)":0.000389,"p(95)":0.0004989999999999999,"p(99)":28.069001479999937},"type":"trend","contains":"time"},"http_reqs":{"type":"counter","contains":"default","values":{"count":27,"rate":0.8764695373527107}},"http_req_failed":{"type":"rate","contains":"default","values":{"rate":0,"passes":0,"fails":27},"thresholds":{"rate<0.01":{"ok":true}}}},"root_group":{"path":"","id":"d41d8cd98f00b204e9800998ecf8427e","groups":[],"checks":[{"fails":0,"name":"status es 200","path":"::status es 200","id":"c8f562f01bcdf8f7be8c15f6ad60295d","passes":27}],"name":""}}