{"root_group":{"groups":[],"checks":[{"name":"status es 200","path":"::status es 200","id":"c8f562f01bcdf8f7be8c15f6ad60295d","passes":27,"fails":0}],"name":"","path":"","id":"d41d8cd98f00b204e9800998ecf8427e"},"options":{"summaryTrendStats":["avg","min","med","max","p(90)","p(95)","p(99)"],"summaryTimeUnit":"","noColor":false},"state":{"isStdErrTTY":false,"testRunDurationMs":30731.52094,"isStdOutTTY":false},"metrics":{"http_req_tls_handshaking":{"type":"trend","contains":"time","values":{"p(99)":10.132765239999978,"avg":0.5071454074074074,"min":0,"med":0,"max":13.692926,"p(90)":0,"p(95)":0}},"http_req_waiting":{"type":"trend","contains":"time","values":{"med":159.32063,"max":319.802542,"p(90)":168.29165460000002,"p(95)":177.6037117,"p(99)":283.2630301599998,"avg":134.21502896296298,"min":83.089898}},"checks":{"values":{"rate":1,"passes":27,"fails":0},"type":"rate","contains":"default"},"data_sent":{"type":"counter","contains":"data","values":{"rate":230.28472992980346,"count":7077}},"http_req_duration":{"type":"trend","contains":"time","values":{"p(90)":168.6609032,"p(95)":177.9706931,"p(99)":283.6250791799998,"avg":135.84308370370374,"min":83.48999,"med":159.697944,"max":320.159332},"thresholds":{"p(95)<800":{"ok":true}}},"vus_max":{"type":"gauge","contains":"default","values":{"value":1,"min":1,"max":1}},"http_req_failed":{"contains":"default","values":{"rate":0,"passes":0,"fails":27},"thresholds":{"rate<0.01":{"ok":true}},"type":"rate"},"data_received":{"type":"counter","contains":"data","values":{"rate":51669.22922884792,"count":1587874}},"http_req_blocked":{"type":"trend","contains":"time","values":{"p(90)":0.000415,"p(95)":0.0006099999999999999,"p(99)":30.81065685999993,"avg":1.5424035925925932,"min":0.000291,"med":0.000321,"max":41.63578}},"http_req_sending":{"type":"trend","contains":"time","values":{"min":0.071534,"med":0.10225,"max":0.201276,"p(90)":0.15212000000000003,"p(95)":0.1618231,"p(99)":0.19154419999999994,"avg":0.10915855555555556}},"vus":{"type":"gauge","contains":"default","values":{"value":1,"min":1,"max":1}},"http_reqs":{"type":"counter","contains":"default","values":{"count":27,"rate":0.8785767568326542}},"http_req_connecting":{"type":"trend","contains":"time","values":{"max":1.593848,"p(90)":0,"p(95)":0,"p(99)":1.1794475199999974,"avg":0.05903140740740741,"min":0,"med":0}},"iteration_duration":{"values":{"avg":1138.168779148148,"min":1084.460408,"med":1160.856928,"max":1320.721857,"p(90)":1169.2315358,"p(95)":1178.4889231,"p(99)":1284.1232635399997},"type":"trend","contains":"time"},"http_req_duration{expected_response:true}":{"type":"trend","contains":"time","values":{"p(99)":283.6250791799998,"avg":135.84308370370374,"min":83.48999,"med":159.697944,"max":320.159332,"p(90)":168.6609032,"p(95)":177.9706931}},"http_req_receiving":{"type":"trend","contains":"time","values":{"min":0.246163,"med":0.343781,"max":5.260268,"p(90)":4.834581,"p(95)":5.0595772,"p(99)":5.217363059999999,"avg":1.5188961851851852}},"iterations":{"type":"counter","contains":"default","values":{"count":27,"rate":0.8785767568326542}}}}