{"root_group":{"name":"","path":"","id":"d41d8cd98f00b204e9800998ecf8427e","groups":[],"checks":[{"name":"status es 200","path":"::status es 200","id":"c8f562f01bcdf8f7be8c15f6ad60295d","passes":27,"fails":0}]},"options":{"noColor":false,"summaryTrendStats":["avg","min","med","max","p(90)","p(95)","p(99)"],"summaryTimeUnit":""},"state":{"isStdOutTTY":false,"isStdErrTTY":false,"testRunDurationMs":31000.037816},"metrics":{"iterations":{"type":"counter","contains":"default","values":{"count":27,"rate":0.8709666794685177}},"http_req_duration":{"type":"trend","contains":"time","values":{"max":313.003949,"p(90)":154.3898256,"p(95)":156.3339777,"p(99)":272.37201609999977,"avg":145.95055359259254,"min":84.629108,"med":151.27348},"thresholds":{"p(95)<800":{"ok":true}}},"http_req_blocked":{"type":"trend","contains":"time","values":{"avg":1.3630862962962955,"min":0.00024,"med":0.000261,"max":36.792636,"p(90)":0.0006510000000000003,"p(95)":0.0017993999999999987,"p(99)":27.22713641999994}},"http_reqs":{"type":"counter","contains":"default","values":{"rate":0.8709666794685177,"count":27}},"http_req_duration{expected_response:true}":{"type":"trend","contains":"time","values":{"avg":145.95055359259254,"min":84.629108,"med":151.27348,"max":313.003949,"p(90)":154.3898256,"p(95)":156.3339777,"p(99)":272.37201609999977}},"http_req_tls_handshaking":{"type":"trend","contains":"time","values":{"p(95)":0,"p(99)":6.168217459999987,"avg":0.3087195925925926,"min":0,"med":0,"max":8.335429,"p(90)":0}},"http_req_receiving":{"type":"trend","contains":"time","values":{"med":0.315384,"max":2.58686,"p(90)":1.1116276000000007,"p(95)":1.8204449999999994,"p(99)":2.450448399999999,"avg":0.5453475185185185,"min":0.17969}},"vus":{"values":{"max":1,"value":1,"min":1},"type":"gauge","contains":"default"},"http_req_failed":{"values":{"rate":0,"passes":0,"fails":27},"thresholds":{"rate<0.01":{"ok":true}},"type":"rate","contains":"default"},"http_req_connecting":{"contains":"time","values":{"p(99)":1.4339964199999968,"avg":0.0717715925925926,"min":0,"med":0,"max":1.937833,"p(90)":0,"p(95)":0},"type":"trend"},"http_req_sending":{"contains":"time","values":{"p(90)":0.1139298,"p(95)":0.11727749999999999,"p(99)":0.1605368399999999,"avg":0.09547544444444442,"min":0.060561,"med":0.090246,"max":0.175374},"type":"trend"},"checks":{"type":"rate","contains":"default","values":{"rate":1,"passes":27,"fails":0}},"data_sent":{"type":"counter","contains":"data","values":{"count":8015,"rate":258.54807170148774}},"data_received":{"values":{"rate":51212.58268854752,"count":1587592},"type":"counter","contains":"data"},"iteration_duration":{"type":"trend","contains":"time","values":{"p(99)":1300.7894015599998,"avg":1148.1157776666669,"min":1085.187825,"med":1151.905293,"max":1351.059308,"p(90)":1155.1186586,"p(95)":1157.3748386}},"http_req_waiting":{"type":"trend","contains":"time","values":{"avg":145.30973062962963,"min":82.333711,"med":150.870835,"max":312.464518,"p(90)":154.04379980000002,"p(95)":155.97310199999998,"p(99)":271.87563667999973}},"vus_max":{"type":"gauge","contains":"default","values":{"value":1,"min":1,"max":1}}}}