{"root_group":{"name":"","path":"","id":"d41d8cd98f00b204e9800998ecf8427e","groups":[],"checks":[{"name":"status es 200","path":"::status es 200","id":"c8f562f01bcdf8f7be8c15f6ad60295d","passes":26,"fails":0}]},"options":{"summaryTrendStats":["avg","min","med","max","p(90)","p(95)","p(99)"],"summaryTimeUnit":"","noColor":false},"state":{"isStdOutTTY":false,"isStdErrTTY":false,"testRunDurationMs":30926.745745},"metrics":{"http_req_blocked":{"type":"trend","contains":"time","values":{"avg":7.905967884615385,"min":0.00031,"med":0.00033600000000000004,"max":205.545344,"p(90)":0.0005215,"p(95)":0.0007920000000000001,"p(99)":154.1592235}},"checks":{"type":"rate","contains":"default","values":{"rate":1,"passes":26,"fails":0}},"data_sent":{"contains":"data","values":{"count":9073,"rate":293.3706661156502},"type":"counter"},"vus_max":{"contains":"default","values":{"value":1,"min":1,"max":1},"type":"gauge"},"http_req_duration{expected_response:true}":{"values":{"p(95)":203.38035775,"p(99)":317.3492635,"avg":180.81600061538464,"min":130.262382,"med":179.6942275,"max":353.409491,"p(90)":185.86100900000002},"type":"trend","contains":"time"},"http_req_duration":{"type":"trend","contains":"time","values":{"p(99)":317.3492635,"avg":180.81600061538464,"min":130.262382,"med":179.6942275,"max":353.409491,"p(90)":185.86100900000002,"p(95)":203.38035775},"thresholds":{"p(95)<800":{"ok":true}}},"http_reqs":{"type":"counter","contains":"default","values":{"count":26,"rate":0.8406962767559687}},"http_req_connecting":{"type":"trend","contains":"time","values":{"p(95)":0,"p(99)":13.1610585,"avg":0.6749260769230769,"min":0,"med":0,"max":17.548078,"p(90)":0}},"vus":{"type":"gauge","contains":"default","values":{"value":1,"min":1,"max":1}},"http_req_receiving":{"type":"trend","contains":"time","values":{"p(90)":6.000275,"p(95)":6.7537614999999995,"p(99)":26.833795499999997,"avg":5.7973792692307695,"min":3.856366,"med":4.6429545,"max":33.465782}},"http_req_waiting":{"type":"trend","contains":"time","values":{"min":123.995341,"med":175.0428685,"max":349.337458,"p(90)":180.29841549999998,"p(95)":181.1898435,"p(99)":307.31678700000003,"avg":174.94720396153846}},"iteration_duration":{"values":{"p(95)":1204.423464,"p(99)":1472.7965132499999,"avg":1189.4657096153844,"min":1131.32913,"med":1180.4825425,"max":1560.280859,"p(90)":1186.4136535},"type":"trend","contains":"time"},"iterations":{"type":"counter","contains":"default","values":{"count":26,"rate":0.8406962767559687}},"http_req_failed":{"thresholds":{"rate<0.01":{"ok":true}},"type":"rate","contains":"default","values":{"rate":0,"passes":0,"fails":26}},"http_req_sending":{"type":"trend","contains":"time","values":{"p(99)":0.1514185,"avg":0.07141738461538462,"min":0.042399,"med":0.06578300000000001,"max":0.165039,"p(90)":0.09452150000000001,"p(95)":0.10676975}},"http_req_tls_handshaking":{"type":"trend","contains":"time","values":{"max":27.858735,"p(90)":0,"p(95)":0,"p(99)":20.89405125,"avg":1.0714898076923076,"min":0,"med":0}},"data_received":{"type":"counter","contains":"data","values":{"count":1528507,"rate":49423.46707290137}}}}