{"metrics":{"http_req_waiting":{"type":"trend","contains":"time","values":{"p(90)":24.1808975,"p(95)":24.6042241,"p(99)":30.031190670000008,"avg":21.291602266666665,"min":18.414675,"med":20.615550499999998,"max":32.174777}},"vus_max":{"type":"gauge","contains":"default","values":{"value":1,"min":1,"max":1}},"http_reqs":{"type":"counter","contains":"default","values":{"rate":0.9747764366496942,"count":30}},"vus":{"type":"gauge","contains":"default","values":{"value":1,"min":1,"max":1}},"http_req_duration{expected_response:true}":{"values":{"p(95)":25.1174601,"p(99)":30.58190477000001,"avg":21.836340266666674,"min":18.999253,"med":21.083137,"max":32.744953,"p(90)":24.7569635},"type":"trend","contains":"time"},"http_req_connecting":{"type":"trend","contains":"time","values":{"p(90)":0,"p(95)":0,"p(99)":1.4976853600000017,"avg":0.07031386666666667,"min":0,"med":0,"max":2.109416}},"data_sent":{"type":"counter","contains":"data","values":{"count":8365,"rate":271.80016308582304}},"http_req_failed":{"type":"rate","contains":"default","values":{"rate":0,"passes":0,"fails":30},"thresholds":{"rate<0.01":{"ok":true}}},"http_req_receiving":{"type":"trend","contains":"time","values":{"avg":0.45084166666666664,"min":0.32275,"med":0.4510105,"max":0.598019,"p(90)":0.5158543,"p(95)":0.5492819499999999,"p(99)":0.58667391}},"iteration_duration":{"type":"trend","contains":"time","values":{"min":1020.114885,"med":1021.983892,"max":1127.883712,"p(90)":1025.9372492,"p(95)":1026.1632731,"p(99)":1098.41950842,"avg":1025.8479246333332}},"data_received":{"type":"counter","contains":"data","values":{"rate":57293.134915043534,"count":1763270}},"http_req_tls_handshaking":{"type":"trend","contains":"time","values":{"max":8.747654,"p(90)":0,"p(95)":0,"p(99)":6.210834340000008,"avg":0.2915884666666667,"min":0,"med":0}},"http_req_duration":{"type":"trend","contains":"time","values":{"p(95)":25.1174601,"p(99)":30.58190477000001,"avg":21.836340266666674,"min":18.999253,"med":21.083137,"max":32.744953,"p(90)":24.7569635},"thresholds":{"p(95)<800":{"ok":true}}},"http_req_sending":{"type":"trend","contains":"time","values":{"p(90)":0.109023,"p(95)":0.11432429999999998,"p(99)":0.12515379000000001,"avg":0.09389633333333335,"min":0.06403,"med":0.094617,"max":0.12801}},"http_req_blocked":{"type":"trend","contains":"time","values":{"avg":3.126404766666667,"min":0.00029,"med":0.000311,"max":93.782584,"p(90)":0.000424,"p(95)":0.0004565,"p(99)":66.58576833000008}},"iterations":{"type":"counter","contains":"default","values":{"count":30,"rate":0.9747764366496942}},"checks":{"type":"rate","contains":"default","values":{"passes":30,"fails":0,"rate":1}}},"root_group":{"path":"","id":"d41d8cd98f00b204e9800998ecf8427e","groups":[],"checks":[{"name":"status es 200","path":"::status es 200","id":"c8f562f01bcdf8f7be8c15f6ad60295d","passes":30,"fails":0}],"name":""},"options":{"summaryTrendStats":["avg","min","med","max","p(90)","p(95)","p(99)"],"summaryTimeUnit":"","noColor":false},"state":{"isStdOutTTY":false,"isStdErrTTY":false,"testRunDurationMs":30776.287641}}