{"state":{"testRunDurationMs":31009.260027,"isStdOutTTY":false,"isStdErrTTY":false},"metrics":{"vus":{"type":"gauge","contains":"default","values":{"value":1,"min":1,"max":1}},"http_req_blocked":{"type":"trend","contains":"time","values":{"p(90)":0.00041900000000000005,"p(95)":0.0005569999999999999,"p(99)":29.120938559999935,"avg":1.4578251851851856,"min":0.0003,"med":0.000311,"max":39.352405}},"iterations":{"values":{"count":27,"rate":0.870707652375158},"type":"counter","contains":"default"},"http_reqs":{"type":"counter","contains":"default","values":{"count":27,"rate":0.870707652375158}},"http_req_sending":{"type":"trend","contains":"time","values":{"min":0.06966,"med":0.10186,"max":0.150501,"p(90)":0.11797060000000002,"p(95)":0.1304223,"p(99)":0.14566655999999997,"avg":0.09964433333333335}},"http_req_waiting":{"type":"trend","contains":"time","values":{"p(99)":263.57075251999976,"avg":145.56696874074075,"min":81.210016,"med":155.161845,"max":300.958492,"p(90)":156.7148388,"p(95)":157.0396959}},"vus_max":{"type":"gauge","contains":"default","values":{"value":1,"min":1,"max":1}},"http_req_duration":{"type":"trend","contains":"time","values":{"p(95)":157.50538889999999,"p(99)":264.0475381199998,"avg":146.16423737037036,"min":81.582733,"med":155.614959,"max":301.454775,"p(90)":157.2222016},"thresholds":{"p(95)<800":{"ok":true}}},"http_req_failed":{"type":"rate","contains":"default","values":{"fails":27,"rate":0,"passes":0},"thresholds":{"rate<0.01":{"ok":true}}},"http_req_connecting":{"type":"trend","contains":"time","values":{"avg":0.056053074074074075,"min":0,"med":0,"max":1.513433,"p(90)":0,"p(95)":0,"p(99)":1.1199404199999976}},"http_req_receiving":{"type":"trend","contains":"time","values":{"p(90)":0.6537998000000004,"p(95)":0.8053245,"p(99)":3.1232554799999948,"avg":0.49762429629629634,"min":0.217877,"med":0.341534,"max":3.931245}},"data_received":{"type":"counter","contains":"data","values":{"count":1587398,"rate":51191.09577648227}},"checks":{"type":"rate","contains":"default","values":{"rate":1,"passes":27,"fails":0}},"iteration_duration":{"type":"trend","contains":"time","values":{"med":1156.48001,"max":1341.752457,"p(90)":1158.3964938,"p(95)":1158.5893313000001,"p(99)":1294.1317220199999,"avg":1148.4599554444442,"min":1082.83029}},"data_sent":{"type":"counter","contains":"data","values":{"rate":219.8375580089427,"count":6817}},"http_req_tls_handshaking":{"contains":"time","values":{"max":11.87016,"p(90)":0,"p(95)":0,"p(99)":8.783918399999981,"avg":0.43963555555555556,"min":0,"med":0},"type":"trend"},"http_req_duration{expected_response:true}":{"values":{"avg":146.16423737037036,"min":81.582733,"med":155.614959,"max":301.454775,"p(90)":157.2222016,"p(95)":157.50538889999999,"p(99)":264.0475381199998},"type":"trend","contains":"time"}},"root_group":{"path":"","id":"d41d8cd98f00b204e9800998ecf8427e","groups":[],"checks":[{"name":"status es 200","path":"::status es 200","id":"c8f562f01bcdf8f7be8c15f6ad60295d","passes":27,"fails":0}],"name":""},"options":{"summaryTrendStats":["avg","min","med","max","p(90)","p(95)","p(99)"],"summaryTimeUnit":"","noColor":false}}