{"state":{"isStdOutTTY":false,"isStdErrTTY":false,"testRunDurationMs":31015.386048},"metrics":{"vus_max":{"type":"gauge","contains":"default","values":{"value":1,"min":1,"max":1}},"http_req_receiving":{"values":{"avg":0.641473724137931,"min":0.536982,"med":0.630697,"max":0.878735,"p(90)":0.6945205999999999,"p(95)":0.707149,"p(99)":0.8314289999999999},"type":"trend","contains":"time"},"http_req_sending":{"type":"trend","contains":"time","values":{"min":0.062927,"med":0.104215,"max":0.177551,"p(90)":0.1332664,"p(95)":0.14176439999999998,"p(99)":0.16779439999999995,"avg":0.10626179310344828}},"checks":{"type":"rate","contains":"default","values":{"rate":1,"passes":29,"fails":0}},"http_req_waiting":{"type":"trend","contains":"time","values":{"avg":66.72247186206896,"min":63.21095,"med":64.554148,"max":119.836702,"p(90)":66.6884614,"p(95)":70.95651559999999,"p(99)":106.73569407999994}},"data_received":{"contains":"data","values":{"count":1704017,"rate":54941.0217678036},"type":"counter"},"iteration_duration":{"type":"trend","contains":"time","values":{"p(90)":1068.4634138000001,"p(95)":1072.7073332,"p(99)":1133.22622,"avg":1069.464582655172,"min":1064.396272,"med":1065.93882,"max":1156.018906}},"http_req_duration{expected_response:true}":{"contains":"time","values":{"p(95)":71.69111819999999,"p(99)":107.52776947999995,"avg":67.47020737931035,"min":63.956021,"med":65.281186,"max":120.657343,"p(90)":67.3706444},"type":"trend"},"http_req_failed":{"type":"rate","contains":"default","values":{"fails":29,"rate":0,"passes":0},"thresholds":{"rate<0.01":{"ok":true}}},"iterations":{"type":"counter","contains":"default","values":{"count":29,"rate":0.9350197980808316}},"http_req_connecting":{"type":"trend","contains":"time","values":{"p(95)":0,"p(99)":2.0855757599999967,"avg":0.09988389655172414,"min":0,"med":0,"max":2.896633,"p(90)":0}},"data_sent":{"values":{"count":8178,"rate":263.6755830587945},"type":"counter","contains":"data"},"http_req_duration":{"contains":"time","values":{"min":63.956021,"med":65.281186,"max":120.657343,"p(90)":67.3706444,"p(95)":71.69111819999999,"p(99)":107.52776947999995,"avg":67.47020737931035},"thresholds":{"p(95)<800":{"ok":true}},"type":"trend"},"http_req_blocked":{"contains":"time","values":{"med":0.000331,"max":34.193124,"p(90)":0.0005624,"p(95)":0.0009419999999999988,"p(99)":24.61937463999996,"avg":1.1794382068965517,"min":0.00029},"type":"trend"},"http_req_tls_handshaking":{"type":"trend","contains":"time","values":{"p(90)":0,"p(95)":0,"p(99)":7.499601359999987,"avg":0.35917631034482755,"min":0,"med":0,"max":10.416113}},"vus":{"type":"gauge","contains":"default","values":{"value":1,"min":1,"max":1}},"http_reqs":{"type":"counter","contains":"default","values":{"count":29,"rate":0.9350197980808316}}},"root_group":{"groups":[],"checks":[{"name":"status es 200","path":"::status es 200","id":"c8f562f01bcdf8f7be8c15f6ad60295d","passes":29,"fails":0}],"name":"","path":"","id":"d41d8cd98f00b204e9800998ecf8427e"},"options":{"summaryTrendStats":["avg","min","med","max","p(90)","p(95)","p(99)"],"summaryTimeUnit":"","noColor":false}}