{"options":{"summaryTrendStats":["avg","min","med","max","p(90)","p(95)","p(99)"],"summaryTimeUnit":"","noColor":false},"state":{"isStdOutTTY":false,"isStdErrTTY":false,"testRunDurationMs":31137.345943},"metrics":{"iterations":{"type":"counter","contains":"default","values":{"count":27,"rate":0.8671259281194414}},"http_req_blocked":{"type":"trend","contains":"time","values":{"max":39.92545,"p(90)":0.000635,"p(95)":0.0008019999999999999,"p(99)":29.545059459999937,"avg":1.4790869629629628,"min":0.00029,"med":0.00032}},"checks":{"type":"rate","contains":"default","values":{"fails":0,"rate":1,"passes":27}},"http_req_waiting":{"type":"trend","contains":"time","values":{"max":301.994698,"p(90)":165.011706,"p(95)":167.9668632,"p(99)":267.4398327199998,"avg":150.3411797777778,"min":86.236553,"med":158.659728}},"http_req_receiving":{"type":"trend","contains":"time","values":{"p(95)":0.4538332,"p(99)":0.7290099599999995,"avg":0.33386744444444444,"min":0.20746,"med":0.331531,"max":0.82031,"p(90)":0.4008636000000001}},"http_reqs":{"values":{"count":27,"rate":0.8671259281194414},"type":"counter","contains":"default"},"http_req_connecting":{"type":"trend","contains":"time","values":{"p(99)":1.2656782399999973,"avg":0.06334725925925926,"min":0,"med":0,"max":1.710376,"p(90)":0,"p(95)":0}},"http_req_tls_handshaking":{"type":"trend","contains":"time","values":{"p(95)":0,"p(99)":9.73683785999998,"avg":0.48732922222222225,"min":0,"med":0,"max":13.157889,"p(90)":0}},"vus_max":{"type":"gauge","contains":"default","values":{"value":1,"min":1,"max":1}},"vus":{"type":"gauge","contains":"default","values":{"value":1,"min":1,"max":1}},"data_sent":{"values":{"count":6577,"rate":211.22545293487283},"type":"counter","contains":"data"},"data_received":{"contains":"data","values":{"count":1587507,"rate":50984.01780633741},"type":"counter"},"http_req_duration":{"type":"trend","contains":"time","values":{"avg":150.78848177777778,"min":86.687117,"med":159.143722,"max":303.010744,"p(90)":165.4359942,"p(95)":168.3583268,"p(99)":268.2950884799998},"thresholds":{"p(95)<800":{"ok":true}}},"http_req_sending":{"type":"trend","contains":"time","values":{"p(99)":0.18369877999999992,"avg":0.11343455555555552,"min":0.082725,"med":0.109034,"max":0.195736,"p(90)":0.13866500000000004,"p(95)":0.1480716}},"http_req_duration{expected_response:true}":{"type":"trend","contains":"time","values":{"med":159.143722,"max":303.010744,"p(90)":165.4359942,"p(95)":168.3583268,"p(99)":268.2950884799998,"avg":150.78848177777778,"min":86.687117}},"iteration_duration":{"type":"trend","contains":"time","values":{"med":1159.949026,"max":1343.942134,"p(90)":1165.9101068,"p(95)":1169.1983327,"p(99)":1298.8586006999997,"avg":1153.2007568518518,"min":1087.901244}},"http_req_failed":{"type":"rate","contains":"default","values":{"rate":0,"passes":0,"fails":27},"thresholds":{"rate<0.01":{"ok":true}}}},"root_group":{"path":"","id":"d41d8cd98f00b204e9800998ecf8427e","groups":[],"checks":[{"passes":27,"fails":0,"name":"status es 200","path":"::status es 200","id":"c8f562f01bcdf8f7be8c15f6ad60295d"}],"name":""}}