{"state":{"isStdOutTTY":false,"isStdErrTTY":false,"testRunDurationMs":30027.472491},"metrics":{"data_received":{"type":"counter","contains":"data","values":{"count":1587522,"rate":52868.98524262476}},"iterations":{"type":"counter","contains":"default","values":{"count":27,"rate":0.8991765793172432}},"vus":{"type":"gauge","contains":"default","values":{"value":1,"min":1,"max":1}},"http_req_blocked":{"type":"trend","contains":"time","values":{"med":0.00032,"max":97.702978,"p(90)":0.000431,"p(95)":0.0005919999999999999,"p(99)":72.30037557999985,"avg":3.618959370370371,"min":0.00029}},"http_req_receiving":{"type":"trend","contains":"time","values":{"p(99)":4.93315724,"avg":4.772160370370369,"min":4.137557,"med":4.829549,"max":4.937896,"p(90)":4.9038645999999995,"p(95)":4.9162809}},"http_req_sending":{"values":{"p(99)":0.17641543999999992,"avg":0.10247929629629628,"min":0.076222,"med":0.098554,"max":0.189924,"p(90)":0.12207360000000003,"p(95)":0.1354522},"type":"trend","contains":"time"},"data_sent":{"values":{"count":9763,"rate":325.1355905138609},"type":"counter","contains":"data"},"http_req_duration":{"type":"trend","contains":"time","values":{"p(90)":112.262269,"p(95)":113.9235637,"p(99)":168.8186285599999,"avg":107.63481855555558,"min":99.955656,"med":103.605916,"max":187.993224},"thresholds":{"p(95)<800":{"ok":true}}},"checks":{"type":"rate","contains":"default","values":{"rate":1,"passes":27,"fails":0}},"http_req_waiting":{"values":{"p(99)":164.3598610799999,"avg":102.7601788888889,"min":94.914337,"med":98.669819,"max":183.665743,"p(90)":107.35158340000001,"p(95)":109.1079095},"type":"trend","contains":"time"},"iteration_duration":{"type":"trend","contains":"time","values":{"p(95)":1114.6075004,"p(99)":1242.1210777799997,"avg":1112.0978659999998,"min":1101.022387,"med":1104.189462,"max":1286.752027,"p(90)":1112.7250022}},"http_req_failed":{"type":"rate","contains":"default","values":{"rate":0,"passes":0,"fails":27},"thresholds":{"rate<0.01":{"ok":true}}},"http_reqs":{"contains":"default","values":{"count":27,"rate":0.8991765793172432},"type":"counter"},"http_req_tls_handshaking":{"type":"trend","contains":"time","values":{"min":0,"med":0,"max":34.529319,"p(90)":0,"p(95)":0,"p(99)":25.551696059999948,"avg":1.2788636666666666}},"http_req_connecting":{"type":"trend","contains":"time","values":{"med":0,"max":17.959494,"p(90)":0,"p(95)":0,"p(99)":13.290025559999972,"avg":0.6651664444444444,"min":0}},"vus_max":{"type":"gauge","contains":"default","values":{"value":1,"min":1,"max":1}},"http_req_duration{expected_response:true}":{"type":"trend","contains":"time","values":{"avg":107.63481855555558,"min":99.955656,"med":103.605916,"max":187.993224,"p(90)":112.262269,"p(95)":113.9235637,"p(99)":168.8186285599999}}},"root_group":{"name":"","path":"","id":"d41d8cd98f00b204e9800998ecf8427e","groups":[],"checks":[{"passes":27,"fails":0,"name":"status es 200","path":"::status es 200","id":"c8f562f01bcdf8f7be8c15f6ad60295d"}]},"options":{"summaryTrendStats":["avg","min","med","max","p(90)","p(95)","p(99)"],"summaryTimeUnit":"","noColor":false}}