{"metrics":{"vus_max":{"type":"gauge","contains":"default","values":{"value":1,"min":1,"max":1}},"http_req_failed":{"thresholds":{"rate<0.01":{"ok":true}},"type":"rate","contains":"default","values":{"rate":0,"passes":0,"fails":29}},"http_req_tls_handshaking":{"type":"trend","contains":"time","values":{"med":0,"max":19.97708,"p(90)":0,"p(95)":0,"p(99)":14.383497599999977,"avg":0.6888648275862069,"min":0}},"http_reqs":{"type":"counter","contains":"default","values":{"count":29,"rate":0.9591186440920598}},"iteration_duration":{"type":"trend","contains":"time","values":{"p(90)":1056.3301706,"p(95)":1058.2961502,"p(99)":1118.4002032399999,"avg":1042.5743577241383,"min":1026.540601,"med":1036.836843,"max":1141.767328}},"http_req_waiting":{"contains":"time","values":{"avg":39.11281182758619,"min":25.409597,"med":35.282938,"max":81.250931,"p(90)":54.9830504,"p(95)":56.6078044,"p(99)":74.36442927999997},"type":"trend"},"data_received":{"type":"counter","contains":"data","values":{"count":1704719,"rate":56380.26813234387}},"http_req_blocked":{"type":"trend","contains":"time","values":{"p(90)":0.0004449999999999999,"p(95)":0.000593,"p(99)":42.476415639999935,"avg":2.0346462068965527,"min":0.000291,"med":0.00032,"max":58.994788}},"http_req_duration":{"type":"trend","contains":"time","values":{"max":82.130853,"p(90)":55.614934,"p(95)":57.505984399999996,"p(99)":75.25706271999996,"avg":39.691160103448276,"min":25.971278,"med":35.713853},"thresholds":{"p(95)<800":{"ok":true}}},"data_sent":{"type":"counter","contains":"data","values":{"count":8229,"rate":272.1581835252952}},"checks":{"type":"rate","contains":"default","values":{"rate":1,"passes":29,"fails":0}},"http_req_connecting":{"values":{"min":0,"med":0,"max":1.889358,"p(90)":0,"p(95)":0,"p(99)":1.360337759999998,"avg":0.06515027586206897},"type":"trend","contains":"time"},"http_req_receiving":{"type":"trend","contains":"time","values":{"max":0.948381,"p(90)":0.7319692,"p(95)":0.8940961999999997,"p(99)":0.94747884,"avg":0.47412368965517226,"min":0.22444,"med":0.441228}},"iterations":{"type":"counter","contains":"default","values":{"count":29,"rate":0.9591186440920598}},"http_req_sending":{"type":"trend","contains":"time","values":{"avg":0.10422458620689656,"min":0.081171,"med":0.100097,"max":0.169336,"p(90)":0.1201866,"p(95)":0.1243118,"p(99)":0.15725091999999993}},"vus":{"type":"gauge","contains":"default","values":{"value":1,"min":1,"max":1}},"http_req_duration{expected_response:true}":{"type":"trend","contains":"time","values":{"avg":39.691160103448276,"min":25.971278,"med":35.713853,"max":82.130853,"p(90)":55.614934,"p(95)":57.505984399999996,"p(99)":75.25706271999996}}},"root_group":{"groups":[],"checks":[{"fails":0,"name":"status es 200","path":"::status es 200","id":"c8f562f01bcdf8f7be8c15f6ad60295d","passes":29}],"name":"","path":"","id":"d41d8cd98f00b204e9800998ecf8427e"},"options":{"summaryTrendStats":["avg","min","med","max","p(90)","p(95)","p(99)"],"summaryTimeUnit":"","noColor":false},"state":{"isStdOutTTY":false,"isStdErrTTY":false,"testRunDurationMs":30236.092457}}