{"root_group":{"id":"d41d8cd98f00b204e9800998ecf8427e","groups":[],"checks":[{"fails":0,"name":"status es 200","path":"::status es 200","id":"c8f562f01bcdf8f7be8c15f6ad60295d","passes":28}],"name":"","path":""},"options":{"noColor":false,"summaryTrendStats":["avg","min","med","max","p(90)","p(95)","p(99)"],"summaryTimeUnit":""},"state":{"isStdOutTTY":false,"isStdErrTTY":false,"testRunDurationMs":30422.748827},"metrics":{"http_req_tls_handshaking":{"type":"trend","contains":"time","values":{"max":72.440067,"p(90)":0,"p(95)":0,"p(99)":34.810166450000196,"avg":1.365395232142857,"min":0,"med":0}},"http_req_sending":{"type":"trend","contains":"time","values":{"max":0.169236,"p(90)":0.118677,"p(95)":0.1283635,"p(99)":0.16505930000000002,"avg":0.07860846428571426,"min":0.033863,"med":0.06750149999999999}},"vus_max":{"contains":"default","values":{"value":1,"min":1,"max":1},"type":"gauge"},"http_req_duration":{"type":"trend","contains":"time","values":{"p(95)":71.89771400000001,"p(99)":72.15667975,"avg":36.985743571428564,"min":2.279741,"med":37.505004500000005,"max":72.208949,"p(90)":71.57598949999999},"thresholds":{"p(95)<800":{"ok":true}}},"vus":{"type":"gauge","contains":"default","values":{"value":1,"min":1,"max":1}},"http_req_connecting":{"type":"trend","contains":"time","values":{"max":70.914422,"p(90)":0,"p(95)":0,"p(99)":32.8495715500002,"avg":1.2967861607142857,"min":0,"med":0}},"iteration_duration":{"type":"trend","contains":"time","values":{"min":1073.912018,"med":1074.757959,"max":1402.697492,"p(90)":1075.5765083,"p(95)":1076.060982,"p(99)":1314.5730884000002,"avg":1086.4949570357142}},"iterations":{"type":"counter","contains":"default","values":{"count":28,"rate":0.9203639079171628}},"http_req_receiving":{"type":"trend","contains":"time","values":{"p(99)":0.12009340000000009,"avg":0.05852451785714287,"min":0.033733,"med":0.049465499999999996,"max":0.136842,"p(90)":0.086462,"p(95)":0.10291225000000001}},"data_received":{"type":"counter","contains":"data","values":{"count":111396,"rate":3661.602067369295}},"http_req_failed":{"values":{"passes":0,"fails":56,"rate":0},"thresholds":{"rate<0.01":{"ok":true}},"type":"rate","contains":"default"},"checks":{"values":{"rate":1,"passes":28,"fails":0},"type":"rate","contains":"default"},"http_req_waiting":{"type":"trend","contains":"time","values":{"p(95)":71.7373985,"p(99)":72.0340306,"avg":36.84861058928573,"min":2.145646,"med":37.374436,"max":72.115479,"p(90)":71.44542}},"http_req_blocked":{"type":"trend","contains":"time","values":{"p(90)":0.0006115000000000001,"p(95)":0.0008294999999999999,"p(99)":163.46890915000003,"avg":5.85668214285714,"min":0.00028,"med":0.000386,"max":169.047354}},"http_reqs":{"contains":"default","values":{"count":56,"rate":1.8407278158343257},"type":"counter"},"http_req_duration{expected_response:true}":{"type":"trend","contains":"time","values":{"med":37.505004500000005,"max":72.208949,"p(90)":71.57598949999999,"p(95)":71.89771400000001,"p(99)":72.15667975,"avg":36.985743571428564,"min":2.279741}},"data_sent":{"type":"counter","contains":"data","values":{"count":6052,"rate":198.93008466838106}}}}