{"state":{"isStdOutTTY":false,"isStdErrTTY":false,"testRunDurationMs":30383.477993},"metrics":{"http_req_duration":{"type":"trend","contains":"time","values":{"med":327.348126,"max":436.322256,"p(90)":419.2663446,"p(95)":423.62473819999997,"p(99)":433.5466139,"avg":318.3456072173913,"min":168.545173},"thresholds":{"p(95)<800":{"ok":true}}},"http_req_receiving":{"contains":"time","values":{"avg":1.279394043478261,"min":0.697658,"med":1.252978,"max":2.932043,"p(90)":1.2941362,"p(95)":1.5521542999999995,"p(99)":2.6347743800000014},"type":"trend"},"http_req_connecting":{"type":"trend","contains":"time","values":{"med":0,"max":4.986255,"p(90)":0,"p(95)":0,"p(99)":3.8892789000000056,"avg":0.2167936956521739,"min":0}},"http_req_sending":{"values":{"min":0.034595,"med":0.061224,"max":0.189433,"p(90)":0.097705,"p(95)":0.13948469999999993,"p(99)":0.17943950000000003,"avg":0.06896613043478261},"type":"trend","contains":"time"},"http_req_waiting":{"contains":"time","values":{"med":326.017895,"max":435.097488,"p(90)":417.9007146,"p(95)":422.2826953,"p(99)":432.2966603,"avg":316.9972470434783,"min":167.197092},"type":"trend"},"http_req_failed":{"type":"rate","contains":"default","values":{"passes":0,"fails":23,"rate":0},"thresholds":{"rate<0.01":{"ok":true}}},"vus":{"values":{"value":1,"min":1,"max":1},"type":"gauge","contains":"default"},"data_received":{"type":"counter","contains":"data","values":{"count":1352444,"rate":44512.48143190149}},"http_req_blocked":{"values":{"avg":1.803559782608696,"min":0.0003,"med":0.000341,"max":41.473787,"p(90)":0.000461,"p(95)":0.0005779999999999998,"p(99)":32.34968388000005},"type":"trend","contains":"time"},"checks":{"values":{"rate":1,"passes":23,"fails":0},"type":"rate","contains":"default"},"vus_max":{"type":"gauge","contains":"default","values":{"min":1,"max":1,"value":1}},"iterations":{"contains":"default","values":{"count":23,"rate":0.7569903618439907},"type":"counter"},"data_sent":{"values":{"rate":253.9867227108729,"count":7717},"type":"counter","contains":"data"},"iteration_duration":{"type":"trend","contains":"time","values":{"avg":1320.977024043478,"min":1168.983077,"med":1327.964145,"max":1466.292721,"p(90)":1419.9176704,"p(95)":1435.2209030000001,"p(99)":1459.7441328}},"http_req_tls_handshaking":{"values":{"med":0,"max":15.86521,"p(90)":0,"p(95)":0,"p(99)":12.374863800000018,"avg":0.6897917391304348,"min":0},"type":"trend","contains":"time"},"http_reqs":{"type":"counter","contains":"default","values":{"count":23,"rate":0.7569903618439907}},"http_req_duration{expected_response:true}":{"type":"trend","contains":"time","values":{"avg":318.3456072173913,"min":168.545173,"med":327.348126,"max":436.322256,"p(90)":419.2663446,"p(95)":423.62473819999997,"p(99)":433.5466139}}},"root_group":{"groups":[],"checks":[{"path":"::status es 200","id":"c8f562f01bcdf8f7be8c15f6ad60295d","passes":23,"fails":0,"name":"status es 200"}],"name":"","path":"","id":"d41d8cd98f00b204e9800998ecf8427e"},"options":{"summaryTrendStats":["avg","min","med","max","p(90)","p(95)","p(99)"],"summaryTimeUnit":"","noColor":false}}