{"metrics":{"data_sent":{"contains":"data","values":{"count":9083,"rate":294.94818421089946},"type":"counter"},"http_req_connecting":{"type":"trend","contains":"time","values":{"med":0,"max":17.532279,"p(90)":0,"p(95)":0,"p(99)":13.149209249999998,"avg":0.674318423076923,"min":0}},"http_req_tls_handshaking":{"type":"trend","contains":"time","values":{"max":27.450612,"p(90)":0,"p(95)":0,"p(99)":20.587958999999998,"avg":1.0557927692307691,"min":0,"med":0}},"http_req_receiving":{"values":{"avg":5.086240846153846,"min":3.692976,"med":4.7238745,"max":7.185775,"p(90)":7.012651,"p(95)":7.16712225,"p(99)":7.184324999999999},"type":"trend","contains":"time"},"checks":{"type":"rate","contains":"default","values":{"fails":0,"rate":1,"passes":26}},"http_req_waiting":{"type":"trend","contains":"time","values":{"med":191.21322550000002,"max":372.522612,"p(90)":198.5590795,"p(95)":204.02679999999998,"p(99)":330.77325299999995,"avg":174.94791765384616,"min":110.165786}},"http_req_duration":{"type":"trend","contains":"time","values":{"avg":180.10018476923076,"min":117.148806,"med":195.7676435,"max":376.84435,"p(90)":203.28875,"p(95)":208.451785,"p(99)":335.09385050000003},"thresholds":{"p(95)<800":{"ok":true}}},"http_req_blocked":{"type":"trend","contains":"time","values":{"p(99)":68.812503,"avg":3.529197807692309,"min":0.00029,"med":0.00038100000000000005,"max":91.749857,"p(90)":0.0004355,"p(95)":0.00044075}},"http_req_failed":{"type":"rate","contains":"default","values":{"rate":0,"passes":0,"fails":26},"thresholds":{"rate<0.01":{"ok":true}}},"http_req_sending":{"type":"trend","contains":"time","values":{"p(95)":0.10939725,"p(99)":0.137933,"avg":0.06602626923076922,"min":0.040156,"med":0.0590705,"max":0.145442,"p(90)":0.0888265}},"data_received":{"contains":"data","values":{"rate":49644.68600520833,"count":1528820},"type":"counter"},"http_reqs":{"type":"counter","contains":"default","values":{"count":26,"rate":0.8442863359554537}},"vus_max":{"type":"gauge","contains":"default","values":{"value":1,"min":1,"max":1}},"iteration_duration":{"type":"trend","contains":"time","values":{"p(90)":1204.3564845,"p(95)":1209.3379765,"p(99)":1404.8887925,"avg":1184.4096117692307,"min":1118.119001,"med":1196.6496269999998,"max":1469.614952}},"http_req_duration{expected_response:true}":{"values":{"avg":180.10018476923076,"min":117.148806,"med":195.7676435,"max":376.84435,"p(90)":203.28875,"p(95)":208.451785,"p(99)":335.09385050000003},"type":"trend","contains":"time"},"vus":{"type":"gauge","contains":"default","values":{"value":1,"min":1,"max":1}},"iterations":{"type":"counter","contains":"default","values":{"count":26,"rate":0.8442863359554537}}},"root_group":{"name":"","path":"","id":"d41d8cd98f00b204e9800998ecf8427e","groups":[],"checks":[{"fails":0,"name":"status es 200","path":"::status es 200","id":"c8f562f01bcdf8f7be8c15f6ad60295d","passes":26}]},"options":{"summaryTrendStats":["avg","min","med","max","p(90)","p(95)","p(99)"],"summaryTimeUnit":"","noColor":false},"state":{"isStdErrTTY":false,"testRunDurationMs":30795.239592,"isStdOutTTY":false}}