{"options":{"summaryTrendStats":["avg","min","med","max","p(90)","p(95)","p(99)"],"summaryTimeUnit":"","noColor":false},"state":{"isStdOutTTY":false,"isStdErrTTY":false,"testRunDurationMs":30865.806895},"metrics":{"http_req_duration":{"type":"trend","contains":"time","values":{"avg":26.381421166666666,"min":20.893554,"med":24.057256,"max":53.739787,"p(90)":31.81869130000001,"p(95)":36.81126555,"p(99)":48.83687126000002},"thresholds":{"p(95)<800":{"ok":true}}},"data_received":{"contains":"data","values":{"count":1763067,"rate":57120.39234864785},"type":"counter"},"vus_max":{"type":"gauge","contains":"default","values":{"max":1,"value":1,"min":1}},"iterations":{"contains":"default","values":{"count":30,"rate":0.9719493192598101},"type":"counter"},"http_req_receiving":{"contains":"time","values":{"p(99)":1.495537060000001,"avg":0.4585637666666666,"min":0.172722,"med":0.3823495,"max":1.797133,"p(90)":0.6945782,"p(95)":0.75253045},"type":"trend"},"checks":{"type":"rate","contains":"default","values":{"rate":1,"passes":30,"fails":0}},"http_reqs":{"contains":"default","values":{"count":30,"rate":0.9719493192598101},"type":"counter"},"http_req_tls_handshaking":{"type":"trend","contains":"time","values":{"p(99)":7.192212670000009,"avg":0.33766256666666666,"min":0,"med":0,"max":10.129877,"p(90)":0,"p(95)":0}},"iteration_duration":{"type":"trend","contains":"time","values":{"med":1025.1054515,"max":1103.344417,"p(90)":1032.8173688,"p(95)":1037.12851555,"p(99)":1084.1497975300001,"avg":1028.8231727,"min":1021.660891}},"http_req_failed":{"type":"rate","contains":"default","values":{"rate":0,"passes":0,"fails":30},"thresholds":{"rate<0.01":{"ok":true}}},"http_req_duration{expected_response:true}":{"type":"trend","contains":"time","values":{"max":53.739787,"p(90)":31.81869130000001,"p(95)":36.81126555,"p(99)":48.83687126000002,"avg":26.381421166666666,"min":20.893554,"med":24.057256}},"http_req_waiting":{"type":"trend","contains":"time","values":{"avg":25.809815166666667,"min":20.390443,"med":23.5724005,"max":52.797084,"p(90)":31.03531180000001,"p(95)":36.342192649999994,"p(99)":48.05930209000001}},"http_req_blocked":{"type":"trend","contains":"time","values":{"avg":1.6228775333333334,"min":0.000281,"med":0.000301,"max":48.676187,"p(90)":0.00043500000000000017,"p(95)":0.0007100499999999992,"p(99)":34.560334050000044}},"vus":{"type":"gauge","contains":"default","values":{"value":1,"min":1,"max":1}},"data_sent":{"type":"counter","contains":"data","values":{"count":8267,"rate":267.83683407736163}},"http_req_connecting":{"type":"trend","contains":"time","values":{"p(99)":1.3030424100000015,"avg":0.061175700000000006,"min":0,"med":0,"max":1.835271,"p(90)":0,"p(95)":0}},"http_req_sending":{"contains":"time","values":{"p(99)":0.18304286,"avg":0.11304223333333335,"min":0.086802,"med":0.107731,"max":0.185556,"p(90)":0.1352375,"p(95)":0.1656732999999999},"type":"trend"}},"root_group":{"name":"","path":"","id":"d41d8cd98f00b204e9800998ecf8427e","groups":[],"checks":[{"name":"status es 200","path":"::status es 200","id":"c8f562f01bcdf8f7be8c15f6ad60295d","passes":30,"fails":0}]}}