{"options":{"summaryTrendStats":["avg","min","med","max","p(90)","p(95)","p(99)"],"summaryTimeUnit":"","noColor":false},"state":{"isStdErrTTY":false,"testRunDurationMs":30863.678949,"isStdOutTTY":false},"metrics":{"http_req_tls_handshaking":{"type":"trend","contains":"time","values":{"avg":0.34361511111111115,"min":0,"med":0,"max":9.277608,"p(90)":0,"p(95)":0,"p(99)":6.865429919999986}},"http_req_connecting":{"type":"trend","contains":"time","values":{"avg":0.05768977777777778,"min":0,"med":0,"max":1.557624,"p(90)":0,"p(95)":0,"p(99)":1.1526417599999974}},"vus":{"type":"gauge","contains":"default","values":{"min":1,"max":1,"value":1}},"http_reqs":{"type":"counter","contains":"default","values":{"rate":0.8748146986824076,"count":27}},"iteration_duration":{"type":"trend","contains":"time","values":{"avg":1143.0685995555557,"min":1084.858654,"med":1148.1864,"max":1286.023563,"p(90)":1153.22047,"p(95)":1161.0521224,"p(99)":1254.2938574599998}},"http_req_failed":{"contains":"default","values":{"fails":27,"rate":0,"passes":0},"thresholds":{"rate<0.01":{"ok":true}},"type":"rate"},"http_req_blocked":{"values":{"p(90)":0.0005570000000000006,"p(95)":0.000752,"p(99)":26.884330519999946,"avg":1.345890925925926,"min":0.00028,"med":0.000301,"max":36.329909},"type":"trend","contains":"time"},"checks":{"type":"rate","contains":"default","values":{"rate":1,"passes":27,"fails":0}},"data_sent":{"type":"counter","contains":"data","values":{"count":7381,"rate":239.1484181842537}},"http_req_duration{expected_response:true}":{"type":"trend","contains":"time","values":{"avg":140.91167111111113,"min":84.157549,"med":147.076985,"max":285.35091,"p(90)":151.2667502,"p(95)":152.8131716,"p(99)":251.0135094999998}},"data_received":{"type":"counter","contains":"data","values":{"count":1587402,"rate":51432.688974735225}},"http_req_duration":{"contains":"time","values":{"p(99)":251.0135094999998,"avg":140.91167111111113,"min":84.157549,"med":147.076985,"max":285.35091,"p(90)":151.2667502,"p(95)":152.8131716},"thresholds":{"p(95)<800":{"ok":true}},"type":"trend"},"http_req_waiting":{"type":"trend","contains":"time","values":{"max":285.045448,"p(90)":150.73351540000002,"p(95)":152.3743751,"p(99)":250.6649537999998,"avg":139.46708555555557,"min":83.855227,"med":146.566839}},"iterations":{"type":"counter","contains":"default","values":{"count":27,"rate":0.8748146986824076}},"vus_max":{"type":"gauge","contains":"default","values":{"value":1,"min":1,"max":1}},"http_req_receiving":{"type":"trend","contains":"time","values":{"min":0.228585,"med":0.373343,"max":8.768039,"p(90)":4.1417866000000005,"p(95)":4.8195979,"p(99)":7.7923063199999945,"avg":1.3555646666666672}},"http_req_sending":{"type":"trend","contains":"time","values":{"p(90)":0.11543720000000002,"p(95)":0.1211364,"p(99)":0.13802733999999997,"avg":0.08902088888888889,"min":0.051987,"med":0.086059,"max":0.143849}}},"root_group":{"path":"","id":"d41d8cd98f00b204e9800998ecf8427e","groups":[],"checks":[{"name":"status es 200","path":"::status es 200","id":"c8f562f01bcdf8f7be8c15f6ad60295d","passes":27,"fails":0}],"name":""}}