{"state":{"isStdOutTTY":false,"isStdErrTTY":false,"testRunDurationMs":30788.264368},"metrics":{"http_req_sending":{"type":"trend","contains":"time","values":{"max":0.172123,"p(90)":0.11219590000000002,"p(95)":0.13004034999999994,"p(99)":0.16311328000000003,"avg":0.09442670000000002,"min":0.067256,"med":0.0911805}},"http_req_waiting":{"type":"trend","contains":"time","values":{"min":19.626354,"med":21.9436835,"max":42.240197,"p(90)":31.646647,"p(95)":33.328603199999996,"p(99)":39.77783977000001,"avg":23.99129173333333}},"data_sent":{"contains":"data","values":{"count":8664,"rate":281.4059245575723},"type":"counter"},"http_req_duration{expected_response:true}":{"type":"trend","contains":"time","values":{"min":20.155497,"med":22.484382,"max":44.131817,"p(90)":32.2286358,"p(95)":33.9084103,"p(99)":41.275652820000005,"avg":24.597045099999995}},"iteration_duration":{"values":{"avg":1026.2389911333332,"min":1020.649248,"med":1023.144097,"max":1069.282503,"p(90)":1032.828107,"p(95)":1035.0532647,"p(99)":1059.41790882},"type":"trend","contains":"time"},"http_req_connecting":{"type":"trend","contains":"time","values":{"p(99)":1.4281344700000018,"avg":0.06704856666666667,"min":0,"med":0,"max":2.011457,"p(90)":0,"p(95)":0}},"http_req_tls_handshaking":{"type":"trend","contains":"time","values":{"p(99)":8.29269847000001,"avg":0.38932856666666665,"min":0,"med":0,"max":11.679857,"p(90)":0,"p(95)":0}},"vus":{"type":"gauge","contains":"default","values":{"value":1,"min":1,"max":1}},"http_req_duration":{"type":"trend","contains":"time","values":{"min":20.155497,"med":22.484382,"max":44.131817,"p(90)":32.2286358,"p(95)":33.9084103,"p(99)":41.275652820000005,"avg":24.597045099999995},"thresholds":{"p(95)<800":{"ok":true}}},"http_req_receiving":{"type":"trend","contains":"time","values":{"p(95)":0.793358749999999,"p(99)":1.4930377400000006,"avg":0.5113266666666667,"min":0.281046,"med":0.4613215,"max":1.719497,"p(90)":0.5543176000000001}},"vus_max":{"type":"gauge","contains":"default","values":{"value":1,"min":1,"max":1}},"http_req_failed":{"thresholds":{"rate<0.01":{"ok":true}},"type":"rate","contains":"default","values":{"passes":0,"fails":30,"rate":0}},"iterations":{"type":"counter","contains":"default","values":{"count":30,"rate":0.974397245697965}},"checks":{"type":"rate","contains":"default","values":{"rate":1,"passes":30,"fails":0}},"data_received":{"type":"counter","contains":"data","values":{"count":1763195,"rate":57268.41172094745}},"http_reqs":{"type":"counter","contains":"default","values":{"count":30,"rate":0.974397245697965}},"http_req_blocked":{"type":"trend","contains":"time","values":{"min":0.00028,"med":0.000316,"max":24.319315,"p(90)":0.0004940000000000002,"p(95)":0.0006274999999999999,"p(99)":17.266899540000022,"avg":0.8109889333333331}}},"root_group":{"name":"","path":"","id":"d41d8cd98f00b204e9800998ecf8427e","groups":[],"checks":[{"name":"status es 200","path":"::status es 200","id":"c8f562f01bcdf8f7be8c15f6ad60295d","passes":30,"fails":0}]},"options":{"summaryTrendStats":["avg","min","med","max","p(90)","p(95)","p(99)"],"summaryTimeUnit":"","noColor":false}}