{"root_group":{"checks":[{"name":"status es 200","path":"::status es 200","id":"c8f562f01bcdf8f7be8c15f6ad60295d","passes":27,"fails":0}],"name":"","path":"","id":"d41d8cd98f00b204e9800998ecf8427e","groups":[]},"options":{"summaryTrendStats":["avg","min","med","max","p(90)","p(95)","p(99)"],"summaryTimeUnit":"","noColor":false},"state":{"isStdOutTTY":false,"isStdErrTTY":false,"testRunDurationMs":31025.810383},"metrics":{"http_req_sending":{"type":"trend","contains":"time","values":{"max":0.214809,"p(90)":0.12230160000000001,"p(95)":0.13306849999999998,"p(99)":0.19459815999999988,"avg":0.11455411111111113,"min":0.094887,"med":0.110205}},"checks":{"contains":"default","values":{"passes":27,"fails":0,"rate":1},"type":"rate"},"http_req_failed":{"contains":"default","values":{"rate":0,"passes":0,"fails":27},"thresholds":{"rate<0.01":{"ok":true}},"type":"rate"},"http_req_receiving":{"type":"trend","contains":"time","values":{"max":4.251114,"p(90)":1.7045586000000026,"p(95)":2.8937933999999994,"p(99)":3.9542896799999983,"avg":0.7810337037037036,"min":0.240135,"med":0.391558}},"http_req_waiting":{"type":"trend","contains":"time","values":{"p(90)":155.768796,"p(95)":157.6727802,"p(99)":264.58013751999977,"avg":144.03671896296296,"min":88.483006,"med":149.608199,"max":301.887368}},"http_req_duration":{"type":"trend","contains":"time","values":{"med":150.150869,"max":302.784494,"p(90)":156.2003998,"p(95)":158.4338173,"p(99)":265.4702507999998,"avg":144.93230677777777,"min":89.323914},"thresholds":{"p(95)<800":{"ok":true}}},"http_req_connecting":{"type":"trend","contains":"time","values":{"max":1.962239,"p(90)":0,"p(95)":0,"p(99)":1.452056859999997,"avg":0.07267551851851851,"min":0,"med":0}},"http_req_blocked":{"contains":"time","values":{"min":0.000291,"med":0.000311,"max":90.159873,"p(90)":0.0006854000000000014,"p(95)":0.0015166999999999997,"p(99)":66.71874879999986,"avg":3.339647259259258},"type":"trend"},"iteration_duration":{"type":"trend","contains":"time","values":{"max":1393.814891,"p(90)":1157.1566582,"p(95)":1159.1959846,"p(99)":1333.0052779799996,"avg":1149.0678564814816,"min":1090.649613,"med":1151.177841}},"data_sent":{"type":"counter","contains":"data","values":{"count":7631,"rate":245.95650865516993}},"iterations":{"type":"counter","contains":"default","values":{"rate":0.8702431835525603,"count":27}},"http_req_tls_handshaking":{"type":"trend","contains":"time","values":{"p(95)":0,"p(99)":12.817337979999975,"avg":0.6415084074074074,"min":0,"med":0,"max":17.320727,"p(90)":0}},"vus":{"type":"gauge","contains":"default","values":{"value":1,"min":1,"max":1}},"http_req_duration{expected_response:true}":{"type":"trend","contains":"time","values":{"p(95)":158.4338173,"p(99)":265.4702507999998,"avg":144.93230677777777,"min":89.323914,"med":150.150869,"max":302.784494,"p(90)":156.2003998}},"vus_max":{"values":{"value":1,"min":1,"max":1},"type":"gauge","contains":"default"},"data_received":{"type":"counter","contains":"data","values":{"count":1587074,"rate":51153.34556642578}},"http_reqs":{"type":"counter","contains":"default","values":{"count":27,"rate":0.8702431835525603}}}}