{"root_group":{"name":"","path":"","id":"d41d8cd98f00b204e9800998ecf8427e","groups":[],"checks":[{"name":"status es 200","path":"::status es 200","id":"c8f562f01bcdf8f7be8c15f6ad60295d","passes":30,"fails":0}]},"options":{"summaryTimeUnit":"","noColor":false,"summaryTrendStats":["avg","min","med","max","p(90)","p(95)","p(99)"]},"state":{"isStdOutTTY":false,"isStdErrTTY":false,"testRunDurationMs":30972.595376},"metrics":{"http_req_duration":{"type":"trend","contains":"time","values":{"p(99)":39.04324136,"avg":28.13710886666667,"min":23.537848,"med":26.565375500000002,"max":39.284352,"p(90)":35.0381384,"p(95)":37.606605249999994},"thresholds":{"p(95)<800":{"ok":true}}},"http_req_waiting":{"values":{"min":22.942409,"med":25.8503115,"max":38.580985,"p(90)":34.340251,"p(95)":36.98338575,"p(99)":38.38999361,"avg":27.479697833333336},"type":"trend","contains":"time"},"data_received":{"type":"counter","contains":"data","values":{"count":1762628,"rate":56909.27668805639}},"http_req_blocked":{"values":{"max":101.095011,"p(90)":0.00040490000000000003,"p(95)":0.00046804999999999986,"p(99)":71.77760020000008,"avg":3.370154266666665,"min":0.000281,"med":0.00032050000000000004},"type":"trend","contains":"time"},"http_req_connecting":{"contains":"time","values":{"p(90)":0,"p(95)":0,"p(99)":1.8266326200000023,"avg":0.08575740000000001,"min":0,"med":0,"max":2.572722},"type":"trend"},"http_req_sending":{"contains":"time","values":{"p(99)":0.17545547000000009,"avg":0.10138813333333332,"min":0.066685,"med":0.1000975,"max":0.199774,"p(90)":0.1131654,"p(95)":0.11554305},"type":"trend"},"iteration_duration":{"type":"trend","contains":"time","values":{"p(95)":1038.5747463,"p(99)":1111.90492593,"avg":1032.3862093999999,"min":1024.344577,"med":1027.371591,"max":1141.473669,"p(90)":1035.6995345999999}},"iterations":{"type":"counter","contains":"default","values":{"count":30,"rate":0.96859819578589}},"vus_max":{"type":"gauge","contains":"default","values":{"value":1,"min":1,"max":1}},"http_req_failed":{"type":"rate","contains":"default","values":{"rate":0,"passes":0,"fails":30},"thresholds":{"rate<0.01":{"ok":true}}},"http_reqs":{"contains":"default","values":{"count":30,"rate":0.96859819578589},"type":"counter"},"http_req_receiving":{"type":"trend","contains":"time","values":{"med":0.5359395,"max":0.991333,"p(90)":0.6624424,"p(95)":0.7675540999999996,"p(99)":0.9462812100000002,"avg":0.5560229,"min":0.329206}},"http_req_tls_handshaking":{"values":{"p(90)":0,"p(95)":0,"p(99)":9.070098060000012,"avg":0.42582620000000004,"min":0,"med":0,"max":12.774786},"type":"trend","contains":"time"},"data_sent":{"type":"counter","contains":"data","values":{"rate":283.96070439789673,"count":8795}},"http_req_duration{expected_response:true}":{"type":"trend","contains":"time","values":{"avg":28.13710886666667,"min":23.537848,"med":26.565375500000002,"max":39.284352,"p(90)":35.0381384,"p(95)":37.606605249999994,"p(99)":39.04324136}},"vus":{"values":{"value":1,"min":1,"max":1},"type":"gauge","contains":"default"},"checks":{"type":"rate","contains":"default","values":{"rate":1,"passes":30,"fails":0}}}}