{"state":{"isStdOutTTY":false,"isStdErrTTY":false,"testRunDurationMs":480122.531163},"metrics":{"http_req_waiting":{"type":"trend","contains":"time","values":{"avg":27.946588672126477,"min":14.756589,"med":20.642775999999998,"max":799.654884,"p(90)":32.49708,"p(95)":59.008165500000004,"p(99)":160.31093689999867}},"vus":{"contains":"default","values":{"value":2,"min":1,"max":199},"type":"gauge"},"checks":{"type":"rate","contains":"default","values":{"rate":1,"passes":39256,"fails":0}},"data_received":{"type":"counter","contains":"data","values":{"count":2299982792,"rate":4790407.9536295775}},"iteration_duration":{"type":"trend","contains":"time","values":{"p(95)":1068.4853335,"p(99)":1199.7536632499994,"avg":1031.0582632851542,"min":1015.435317,"med":1021.9480745,"max":1946.738644,"p(90)":1035.7370535}},"http_req_receiving":{"type":"trend","contains":"time","values":{"p(95)":2.7276195000000003,"p(99)":71.6539677999997,"avg":2.3544796692734966,"min":0.074069,"med":0.5449385,"max":398.141266,"p(90)":0.9420175}},"http_reqs":{"type":"counter","contains":"default","values":{"count":39256,"rate":81.76246156353099}},"http_req_tls_handshaking":{"type":"trend","contains":"time","values":{"avg":0.04621070475850825,"min":0,"med":0,"max":17.28232,"p(90)":0,"p(95)":0,"p(99)":0}},"vus_max":{"type":"gauge","contains":"default","values":{"value":200,"min":200,"max":200}},"http_req_duration{expected_response:true}":{"type":"trend","contains":"time","values":{"p(99)":199.1225228999988,"avg":30.34196655591495,"min":15.28579,"med":21.2716335,"max":946.591358,"p(90)":34.529322,"p(95)":67.729615}},"http_req_connecting":{"type":"trend","contains":"time","values":{"avg":0.011732919884858365,"min":0,"med":0,"max":5.547781,"p(90)":0,"p(95)":0,"p(99)":0}},"http_req_duration":{"contains":"time","values":{"med":21.2716335,"max":946.591358,"p(90)":34.529322,"p(95)":67.729615,"p(99)":199.1225228999988,"avg":30.34196655591495,"min":15.28579},"thresholds":{"p(95)<800":{"ok":true}},"type":"trend"},"http_req_sending":{"values":{"max":2.815618,"p(90)":0.06320300000000001,"p(95)":0.07739725,"p(99)":0.10399949999999997,"avg":0.04089821451497855,"min":0.01587,"med":0.036077},"type":"trend","contains":"time"},"http_req_failed":{"contains":"default","values":{"rate":0,"passes":0,"fails":39256},"thresholds":{"rate<0.01":{"ok":true}},"type":"rate"},"iterations":{"contains":"default","values":{"count":39256,"rate":81.76246156353099},"type":"counter"},"http_req_blocked":{"type":"trend","contains":"time","values":{"max":98.488044,"p(90)":0.000401,"p(95)":0.000481,"p(99)":0.000911,"avg":0.06319704065620829,"min":0.000111,"med":0.000281}},"data_sent":{"type":"counter","contains":"data","values":{"count":7648904,"rate":15931.149870163503}}},"root_group":{"name":"","path":"","id":"d41d8cd98f00b204e9800998ecf8427e","groups":[],"checks":[{"name":"status es 200","path":"::status es 200","id":"c8f562f01bcdf8f7be8c15f6ad60295d","passes":39256,"fails":0}]},"options":{"summaryTimeUnit":"","noColor":false,"summaryTrendStats":["avg","min","med","max","p(90)","p(95)","p(99)"]}}