{"root_group":{"groups":[],"checks":[{"name":"status es 200","path":"::status es 200","id":"c8f562f01bcdf8f7be8c15f6ad60295d","passes":27,"fails":0}],"name":"","path":"","id":"d41d8cd98f00b204e9800998ecf8427e"},"options":{"summaryTrendStats":["avg","min","med","max","p(90)","p(95)","p(99)"],"summaryTimeUnit":"","noColor":false},"state":{"isStdOutTTY":false,"isStdErrTTY":false,"testRunDurationMs":30509.470917},"metrics":{"http_req_duration":{"values":{"min":110.825717,"med":118.351773,"max":210.072049,"p(90)":128.2222158,"p(95)":168.14474699999997,"p(99)":203.55620173999995,"avg":124.4707241481482},"thresholds":{"p(95)<800":{"ok":true}},"type":"trend","contains":"time"},"http_req_connecting":{"type":"trend","contains":"time","values":{"avg":0.6679385925925926,"min":0,"med":0,"max":18.034342,"p(90)":0,"p(95)":0,"p(99)":13.345413079999972}},"vus":{"values":{"min":1,"max":1,"value":1},"type":"gauge","contains":"default"},"data_sent":{"type":"counter","contains":"data","values":{"count":9184,"rate":301.02128040780406}},"http_req_duration{expected_response:true}":{"type":"trend","contains":"time","values":{"p(99)":203.55620173999995,"avg":124.4707241481482,"min":110.825717,"med":118.351773,"max":210.072049,"p(90)":128.2222158,"p(95)":168.14474699999997}},"checks":{"type":"rate","contains":"default","values":{"rate":1,"passes":27,"fails":0}},"iteration_duration":{"contains":"time","values":{"p(90)":1129.175284,"p(95)":1169.20204,"p(99)":1297.4525578599996,"avg":1129.9488444444446,"min":1111.72472,"med":1119.216036,"max":1336.591213},"type":"trend"},"http_req_failed":{"contains":"default","values":{"rate":0,"passes":0,"fails":27},"thresholds":{"rate<0.01":{"ok":true}},"type":"rate"},"http_req_waiting":{"type":"trend","contains":"time","values":{"med":113.570203,"max":205.387835,"p(90)":123.2676608,"p(95)":163.34802119999998,"p(99)":198.86450025999997,"avg":119.62055300000002,"min":105.977386}},"iterations":{"type":"counter","contains":"default","values":{"count":27,"rate":0.8849710987598769}},"http_req_tls_handshaking":{"type":"trend","contains":"time","values":{"med":0,"max":32.83524,"p(90)":0,"p(95)":0,"p(99)":24.29807759999995,"avg":1.2161199999999999,"min":0}},"http_req_sending":{"values":{"med":0.098107,"max":0.176516,"p(90)":0.11676960000000002,"p(95)":0.13797689999999999,"p(99)":0.16845651999999994,"avg":0.10373925925925925,"min":0.074972},"type":"trend","contains":"time"},"http_req_blocked":{"type":"trend","contains":"time","values":{"min":0.00024,"med":0.000261,"max":125.31614,"p(90)":0.0004926000000000002,"p(95)":0.0005407,"p(99)":92.7340842599998,"avg":4.641632333333332}},"vus_max":{"type":"gauge","contains":"default","values":{"value":1,"min":1,"max":1}},"data_received":{"type":"counter","contains":"data","values":{"count":1587396,"rate":52029.61415877902}},"http_req_receiving":{"type":"trend","contains":"time","values":{"p(90)":4.8722304,"p(95)":4.890302,"p(99)":4.9082399,"avg":4.746431888888888,"min":4.538696,"med":4.747339,"max":4.914281}},"http_reqs":{"type":"counter","contains":"default","values":{"count":27,"rate":0.8849710987598769}}}}