{"root_group":{"id":"d41d8cd98f00b204e9800998ecf8427e","groups":[],"checks":[{"name":"status es 200","path":"::status es 200","id":"c8f562f01bcdf8f7be8c15f6ad60295d","passes":27,"fails":0}],"name":"","path":""},"options":{"summaryTrendStats":["avg","min","med","max","p(90)","p(95)","p(99)"],"summaryTimeUnit":"","noColor":false},"state":{"isStdErrTTY":false,"testRunDurationMs":30939.874505,"isStdOutTTY":false},"metrics":{"http_req_waiting":{"values":{"max":345.416486,"p(90)":169.9499432,"p(95)":172.2946794,"p(99)":300.42361053999974,"avg":141.74830977777776,"min":82.240919,"med":165.633222},"type":"trend","contains":"time"},"http_req_sending":{"values":{"med":0.092052,"max":0.158628,"p(90)":0.1182012,"p(95)":0.1232069,"p(99)":0.14972169999999993,"avg":0.09378766666666667,"min":0.053691},"type":"trend","contains":"time"},"checks":{"type":"rate","contains":"default","values":{"passes":27,"fails":0,"rate":1}},"vus":{"type":"gauge","contains":"default","values":{"value":1,"min":1,"max":1}},"iteration_duration":{"values":{"p(90)":1171.3894664,"p(95)":1173.3719074,"p(99)":1335.0700530999998,"avg":1145.8891860370375,"min":1084.853102,"med":1166.897691,"max":1391.842006},"type":"trend","contains":"time"},"http_req_receiving":{"type":"trend","contains":"time","values":{"min":0.343877,"med":0.492085,"max":5.731205,"p(90)":3.7722394000000015,"p(95)":4.200143799999999,"p(99)":5.335321199999997,"avg":1.5188584074074072}},"http_req_connecting":{"type":"trend","contains":"time","values":{"med":0,"max":2.039748,"p(90)":0,"p(95)":0,"p(99)":1.5094135199999967,"avg":0.07554622222222222,"min":0}},"http_req_tls_handshaking":{"type":"trend","contains":"time","values":{"p(95)":0,"p(99)":11.842911899999974,"avg":0.5927383333333333,"min":0,"med":0,"max":16.003935,"p(90)":0}},"http_req_duration":{"type":"trend","contains":"time","values":{"max":346.17458,"p(90)":170.506334,"p(95)":172.8380216,"p(99)":301.1133942199997,"avg":143.36095585185186,"min":84.470184,"med":166.087592},"thresholds":{"p(95)<800":{"ok":true}}},"http_req_duration{expected_response:true}":{"contains":"time","values":{"p(99)":301.1133942199997,"avg":143.36095585185186,"min":84.470184,"med":166.087592,"max":346.17458,"p(90)":170.506334,"p(95)":172.8380216},"type":"trend"},"iterations":{"type":"counter","contains":"default","values":{"count":27,"rate":0.8726602945864147}},"http_reqs":{"values":{"count":27,"rate":0.8726602945864147},"type":"counter","contains":"default"},"data_received":{"type":"counter","contains":"data","values":{"rate":51312.84549145265,"count":1587613}},"http_req_failed":{"contains":"default","values":{"fails":27,"rate":0,"passes":0},"thresholds":{"rate<0.01":{"ok":true}},"type":"rate"},"http_req_blocked":{"type":"trend","contains":"time","values":{"avg":1.670894555555556,"min":0.00029,"med":0.00031,"max":45.105558,"p(90)":0.000411,"p(95)":0.0005096999999999999,"p(99)":33.37825643999993}},"vus_max":{"type":"gauge","contains":"default","values":{"max":1,"value":1,"min":1}},"data_sent":{"type":"counter","contains":"data","values":{"count":8341,"rate":269.58738952389945}}}}