{"options":{"summaryTrendStats":["avg","min","med","max","p(90)","p(95)","p(99)"],"summaryTimeUnit":"","noColor":false},"state":{"testRunDurationMs":30847.075408,"isStdOutTTY":false,"isStdErrTTY":false},"metrics":{"http_req_connecting":{"values":{"med":0,"max":8.742189,"p(90)":0,"p(95)":0,"p(99)":6.469219859999986,"avg":0.32378477777777775,"min":0},"type":"trend","contains":"time"},"iteration_duration":{"values":{"avg":1142.447760037037,"min":1085.970749,"med":1158.559007,"max":1302.13754,"p(90)":1168.3449148,"p(95)":1204.3337754,"p(99)":1279.5530255799997},"type":"trend","contains":"time"},"vus_max":{"contains":"default","values":{"value":1,"min":1,"max":1},"type":"gauge"},"http_req_duration":{"type":"trend","contains":"time","values":{"max":301.197021,"p(90)":160.5414104,"p(95)":197.90082619999998,"p(99)":278.4918423999999,"avg":139.63895307407407,"min":85.075997,"med":157.505359},"thresholds":{"p(95)<800":{"ok":true}}},"http_req_failed":{"contains":"default","values":{"rate":0,"passes":0,"fails":27},"thresholds":{"rate<0.01":{"ok":true}},"type":"rate"},"http_req_waiting":{"type":"trend","contains":"time","values":{"avg":137.78153885185185,"min":84.617364,"med":157.068229,"max":300.806838,"p(90)":160.1845252,"p(95)":191.85784249999998,"p(99)":275.99662035999984}},"data_received":{"contains":"data","values":{"count":1587185,"rate":51453.33808819923},"type":"counter"},"iterations":{"type":"counter","contains":"default","values":{"count":27,"rate":0.8752855706054298}},"http_req_duration{expected_response:true}":{"type":"trend","contains":"time","values":{"max":301.197021,"p(90)":160.5414104,"p(95)":197.90082619999998,"p(99)":278.4918423999999,"avg":139.63895307407407,"min":85.075997,"med":157.505359}},"http_req_blocked":{"type":"trend","contains":"time","values":{"avg":1.8784612592592593,"min":0.00028,"med":0.00032,"max":50.709748,"p(90)":0.00039900000000000005,"p(95)":0.0005509999999999998,"p(99)":37.52537237999992}},"http_req_sending":{"type":"trend","contains":"time","values":{"min":0.062867,"med":0.090719,"max":0.146232,"p(90)":0.109512,"p(95)":0.13351779999999996,"p(99)":0.14557316,"avg":0.09452681481481483}},"data_sent":{"type":"counter","contains":"data","values":{"count":7825,"rate":253.67072555509216}},"http_req_receiving":{"type":"trend","contains":"time","values":{"p(95)":5.4308721,"p(99)":7.638291339999996,"avg":1.7628874074074072,"min":0.158665,"med":0.357586,"max":8.400206,"p(90)":5.1670208}},"http_req_tls_handshaking":{"type":"trend","contains":"time","values":{"avg":0.5247821481481482,"min":0,"med":0,"max":14.169118,"p(90)":0,"p(95)":0,"p(99)":10.485147319999978}},"vus":{"type":"gauge","contains":"default","values":{"max":1,"value":1,"min":1}},"http_reqs":{"values":{"count":27,"rate":0.8752855706054298},"type":"counter","contains":"default"},"checks":{"values":{"rate":1,"passes":27,"fails":0},"type":"rate","contains":"default"}},"root_group":{"id":"d41d8cd98f00b204e9800998ecf8427e","groups":[],"checks":[{"fails":0,"name":"status es 200","path":"::status es 200","id":"c8f562f01bcdf8f7be8c15f6ad60295d","passes":27}],"name":"","path":""}}