{"root_group":{"name":"","path":"","id":"d41d8cd98f00b204e9800998ecf8427e","groups":[],"checks":[{"name":"status es 200","path":"::status es 200","id":"c8f562f01bcdf8f7be8c15f6ad60295d","passes":26,"fails":0}]},"options":{"summaryTrendStats":["avg","min","med","max","p(90)","p(95)","p(99)"],"summaryTimeUnit":"","noColor":false},"state":{"isStdOutTTY":false,"isStdErrTTY":false,"testRunDurationMs":30671.180537},"metrics":{"http_req_duration{expected_response:true}":{"contains":"time","values":{"max":346.068887,"p(90)":175.646029,"p(95)":184.80342225,"p(99)":306.45088675,"avg":177.16946219230775,"min":167.802062,"med":169.226238},"type":"trend"},"vus_max":{"type":"gauge","contains":"default","values":{"value":1,"min":1,"max":1}},"http_req_sending":{"contains":"time","values":{"med":0.099837,"max":0.148638,"p(90)":0.134206,"p(95)":0.140135,"p(99)":0.1469625,"avg":0.10235892307692307,"min":0.05347},"type":"trend"},"iterations":{"type":"counter","contains":"default","values":{"rate":0.8477013125932681,"count":26}},"checks":{"type":"rate","contains":"default","values":{"fails":0,"rate":1,"passes":26}},"data_sent":{"type":"counter","contains":"data","values":{"count":7067,"rate":230.41173754217792}},"http_req_waiting":{"type":"trend","contains":"time","values":{"avg":176.68115576923077,"min":167.287032,"med":168.6742795,"max":345.468124,"p(90)":175.2547655,"p(95)":184.342546,"p(99)":305.87548625}},"http_req_receiving":{"contains":"time","values":{"p(90)":0.4901435,"p(95)":0.60326925,"p(99)":0.70224375,"avg":0.38594749999999994,"min":0.237584,"med":0.362697,"max":0.72689},"type":"trend"},"http_reqs":{"type":"counter","contains":"default","values":{"count":26,"rate":0.8477013125932681}},"data_received":{"type":"counter","contains":"data","values":{"count":1528419,"rate":49832.41509586501}},"iteration_duration":{"type":"trend","contains":"time","values":{"p(90)":1176.5710785,"p(95)":1185.45830975,"p(99)":1337.5960575,"avg":1179.620091769231,"min":1168.509225,"med":1170.2581155,"max":1387.427954}},"vus":{"contains":"default","values":{"value":1,"min":1,"max":1},"type":"gauge"},"http_req_connecting":{"type":"trend","contains":"time","values":{"avg":0.07355084615384616,"min":0,"med":0,"max":1.912322,"p(90)":0,"p(95)":0,"p(99)":1.4342415000000002}},"http_req_duration":{"contains":"time","values":{"p(99)":306.45088675,"avg":177.16946219230775,"min":167.802062,"med":169.226238,"max":346.068887,"p(90)":175.646029,"p(95)":184.80342225},"thresholds":{"p(95)<800":{"ok":true}},"type":"trend"},"http_req_blocked":{"type":"trend","contains":"time","values":{"max":40.07102,"p(90)":0.0006360000000000001,"p(95)":0.00119,"p(99)":30.05360325,"avg":1.5415687692307702,"min":0.00029,"med":0.000311}},"http_req_failed":{"thresholds":{"rate<0.01":{"ok":true}},"type":"rate","contains":"default","values":{"rate":0,"passes":0,"fails":26}},"http_req_tls_handshaking":{"type":"trend","contains":"time","values":{"med":0,"max":11.488862,"p(90)":0,"p(95)":0,"p(99)":8.6166465,"avg":0.44187930769230765,"min":0}}}}