{"root_group":{"checks":[{"path":"::status es 200","id":"c8f562f01bcdf8f7be8c15f6ad60295d","passes":27,"fails":0,"name":"status es 200"}],"name":"","path":"","id":"d41d8cd98f00b204e9800998ecf8427e","groups":[]},"options":{"summaryTrendStats":["avg","min","med","max","p(90)","p(95)","p(99)"],"summaryTimeUnit":"","noColor":false},"state":{"testRunDurationMs":30137.444526,"isStdOutTTY":false,"isStdErrTTY":false},"metrics":{"http_req_sending":{"type":"trend","contains":"time","values":{"p(95)":0.1436036,"p(99)":0.16343821999999997,"avg":0.10734585185185185,"min":0.064601,"med":0.111347,"max":0.169406,"p(90)":0.12522740000000004}},"data_sent":{"type":"counter","contains":"data","values":{"count":8205,"rate":272.2526786543375}},"http_req_receiving":{"values":{"p(90)":5.4161812000000005,"p(95)":5.5122889,"p(99)":16.885139639999977,"avg":3.489285925925925,"min":0.210763,"med":3.702425,"max":20.87429},"type":"trend","contains":"time"},"checks":{"type":"rate","contains":"default","values":{"rate":1,"passes":27,"fails":0}},"iteration_duration":{"type":"trend","contains":"time","values":{"min":1088.099075,"med":1093.337697,"max":1297.626511,"p(90)":1157.215742,"p(95)":1158.6746239000001,"p(99)":1261.6336839999997,"avg":1116.1668482592593}},"http_req_duration{expected_response:true}":{"type":"trend","contains":"time","values":{"p(90)":156.41159520000002,"p(95)":158.1826323,"p(99)":260.5924615999998,"avg":114.26540211111114,"min":87.102346,"med":92.718899,"max":296.322556}},"http_req_blocked":{"type":"trend","contains":"time","values":{"p(99)":21.065023099999955,"avg":1.0546632592592589,"min":0.00029,"med":0.000321,"max":28.465966,"p(90)":0.0007056,"p(95)":0.000774}},"http_reqs":{"type":"counter","contains":"default","values":{"count":27,"rate":0.8958954690636334}},"http_req_waiting":{"type":"trend","contains":"time","values":{"min":85.493621,"med":89.569649,"max":295.616928,"p(90)":155.8452218,"p(95)":156.9011299,"p(99)":259.6578019399998,"avg":110.66877033333334}},"data_received":{"type":"counter","contains":"data","values":{"rate":52691.12975488119,"count":1587976}},"http_req_failed":{"type":"rate","contains":"default","values":{"rate":0,"passes":0,"fails":27},"thresholds":{"rate<0.01":{"ok":true}}},"vus_max":{"contains":"default","values":{"value":1,"min":1,"max":1},"type":"gauge"},"http_req_connecting":{"values":{"p(99)":1.9012427799999958,"avg":0.0951572962962963,"min":0,"med":0,"max":2.569247,"p(90)":0,"p(95)":0},"type":"trend","contains":"time"},"vus":{"contains":"default","values":{"value":1,"min":1,"max":1},"type":"gauge"},"iterations":{"type":"counter","contains":"default","values":{"count":27,"rate":0.8958954690636334}},"http_req_tls_handshaking":{"type":"trend","contains":"time","values":{"med":0,"max":9.730346,"p(90)":0,"p(95)":0,"p(99)":7.2004560399999855,"avg":0.3603831851851852,"min":0}},"http_req_duration":{"type":"trend","contains":"time","values":{"max":296.322556,"p(90)":156.41159520000002,"p(95)":158.1826323,"p(99)":260.5924615999998,"avg":114.26540211111114,"min":87.102346,"med":92.718899},"thresholds":{"p(95)<800":{"ok":true}}}}}