{"state":{"isStdOutTTY":false,"isStdErrTTY":false,"testRunDurationMs":30429.699574},"metrics":{"vus":{"type":"gauge","contains":"default","values":{"value":1,"min":1,"max":1}},"http_req_blocked":{"type":"trend","contains":"time","values":{"min":0.000301,"med":0.000321,"max":166.277267,"p(90)":0.000447,"p(95)":0.0004675,"p(99)":121.38253208000008,"avg":5.938805750000001}},"checks":{"type":"rate","contains":"default","values":{"rate":1,"passes":28,"fails":0}},"http_req_failed":{"thresholds":{"rate<0.01":{"ok":true}},"type":"rate","contains":"default","values":{"rate":0,"passes":0,"fails":28}},"data_received":{"type":"counter","contains":"data","values":{"count":1645561,"rate":54077.46455065281}},"http_req_waiting":{"type":"trend","contains":"time","values":{"med":72.9707265,"max":132.750699,"p(90)":94.3078098,"p(95)":113.20182039999996,"p(99)":130.05712554000002,"avg":77.22162092857143,"min":59.853739}},"iteration_duration":{"type":"trend","contains":"time","values":{"p(90)":1096.6698758,"p(95)":1115.9966012,"p(99)":1254.60292635,"avg":1086.7427893928568,"min":1063.232264,"med":1076.7393659999998,"max":1302.093441}},"data_sent":{"type":"counter","contains":"data","values":{"count":8385,"rate":275.5531640925033}},"http_req_connecting":{"values":{"p(90)":0,"p(95)":0,"p(99)":9.087195490000006,"avg":0.44457903571428575,"min":0,"med":0,"max":12.448213},"type":"trend","contains":"time"},"http_req_receiving":{"type":"trend","contains":"time","values":{"min":0.482272,"med":2.8340245,"max":3.410504,"p(90)":3.3094900000000003,"p(95)":3.3760488,"p(99)":3.40467794,"avg":2.7605358928571424}},"http_reqs":{"contains":"default","values":{"count":28,"rate":0.9201536785438393},"type":"counter"},"iterations":{"type":"counter","contains":"default","values":{"count":28,"rate":0.9201536785438393}},"http_req_sending":{"contains":"time","values":{"max":0.173864,"p(90)":0.11386550000000001,"p(95)":0.13664569999999998,"p(99)":0.16575968000000002,"avg":0.09718842857142858,"min":0.067896,"med":0.093339},"type":"trend"},"vus_max":{"type":"gauge","contains":"default","values":{"value":1,"min":1,"max":1}},"http_req_duration":{"values":{"med":76.05883399999999,"max":135.11473,"p(90)":96.20905330000001,"p(95)":115.53415834999996,"p(99)":132.55786321000002,"avg":80.07934524999999,"min":62.771754},"thresholds":{"p(95)<800":{"ok":true}},"type":"trend","contains":"time"},"http_req_duration{expected_response:true}":{"type":"trend","contains":"time","values":{"avg":80.07934524999999,"min":62.771754,"med":76.05883399999999,"max":135.11473,"p(90)":96.20905330000001,"p(95)":115.53415834999996,"p(99)":132.55786321000002}},"http_req_tls_handshaking":{"type":"trend","contains":"time","values":{"p(90)":0,"p(95)":0,"p(99)":20.421449240000012,"avg":0.9990924285714285,"min":0,"med":0,"max":27.974588}}},"root_group":{"path":"","id":"d41d8cd98f00b204e9800998ecf8427e","groups":[],"checks":[{"name":"status es 200","path":"::status es 200","id":"c8f562f01bcdf8f7be8c15f6ad60295d","passes":28,"fails":0}],"name":""},"options":{"summaryTrendStats":["avg","min","med","max","p(90)","p(95)","p(99)"],"summaryTimeUnit":"","noColor":false}}