{"root_group":{"name":"","path":"","id":"d41d8cd98f00b204e9800998ecf8427e","groups":[],"checks":[{"path":"::status es 200","id":"c8f562f01bcdf8f7be8c15f6ad60295d","passes":27,"fails":0,"name":"status es 200"}]},"options":{"summaryTrendStats":["avg","min","med","max","p(90)","p(95)","p(99)"],"summaryTimeUnit":"","noColor":false},"state":{"isStdOutTTY":false,"isStdErrTTY":false,"testRunDurationMs":30409.769262},"metrics":{"iteration_duration":{"type":"trend","contains":"time","values":{"p(90)":1166.205707,"p(95)":1228.3955485,"p(99)":1287.42841364,"avg":1126.252076925926,"min":1094.892121,"med":1105.506137,"max":1298.943927}},"http_req_duration":{"type":"trend","contains":"time","values":{"p(90)":164.8381584,"p(95)":166.3392479,"p(99)":263.60512391999976,"avg":122.12726825925927,"min":94.15615,"med":104.850688,"max":297.678724},"thresholds":{"p(95)<800":{"ok":true}}},"http_req_connecting":{"contains":"time","values":{"p(99)":6.682550759999986,"avg":0.334462,"min":0,"med":0,"max":9.030474,"p(90)":0,"p(95)":0},"type":"trend"},"vus":{"type":"gauge","contains":"default","values":{"value":1,"min":1,"max":1}},"http_req_waiting":{"type":"trend","contains":"time","values":{"avg":119.2119195925926,"min":92.167739,"med":102.419107,"max":295.306138,"p(90)":162.48898920000002,"p(95)":163.9368848,"p(99)":261.23072519999977}},"http_req_receiving":{"type":"trend","contains":"time","values":{"avg":2.8021501111111116,"min":1.559418,"med":2.256908,"max":5.400744,"p(90)":4.428944400000001,"p(95)":5.104661899999999,"p(99)":5.3723611}},"http_req_failed":{"type":"rate","contains":"default","values":{"rate":0,"passes":0,"fails":27},"thresholds":{"rate<0.01":{"ok":true}}},"data_sent":{"type":"counter","contains":"data","values":{"count":8927,"rate":293.55697911049805}},"http_req_duration{expected_response:true}":{"type":"trend","contains":"time","values":{"p(95)":166.3392479,"p(99)":263.60512391999976,"avg":122.12726825925927,"min":94.15615,"med":104.850688,"max":297.678724,"p(90)":164.8381584}},"http_reqs":{"contains":"default","values":{"count":27,"rate":0.887872570402537},"type":"counter"},"data_received":{"type":"counter","contains":"data","values":{"count":1587018,"rate":52187.7685531516}},"http_req_tls_handshaking":{"contains":"time","values":{"avg":0.790124,"min":0,"med":0,"max":21.333348,"p(90)":0,"p(95)":0,"p(99)":15.786677519999968},"type":"trend"},"http_req_sending":{"type":"trend","contains":"time","values":{"min":0.092002,"med":0.108062,"max":0.217525,"p(90)":0.1254924,"p(95)":0.14583229999999997,"p(99)":0.2009557199999999,"avg":0.11319855555555557}},"iterations":{"type":"counter","contains":"default","values":{"count":27,"rate":0.887872570402537}},"vus_max":{"type":"gauge","contains":"default","values":{"value":1,"min":1,"max":1}},"http_req_blocked":{"type":"trend","contains":"time","values":{"med":0.000331,"max":87.799177,"p(90)":0.0005470000000000004,"p(95)":0.000682,"p(99)":64.97157063999987,"avg":3.252185,"min":0.000271}},"checks":{"type":"rate","contains":"default","values":{"rate":1,"passes":27,"fails":0}}}}