{"options":{"summaryTrendStats":["avg","min","med","max","p(90)","p(95)","p(99)"],"summaryTimeUnit":"","noColor":false},"state":{"isStdErrTTY":false,"testRunDurationMs":30148.736427,"isStdOutTTY":false},"metrics":{"http_req_receiving":{"type":"trend","contains":"time","values":{"p(95)":4.0244869,"p(99)":4.04662432,"avg":3.750634785714286,"min":3.36256,"med":3.7417225,"max":4.053856,"p(90)":3.9947407999999998}},"data_received":{"contains":"data","values":{"count":1645783,"rate":54588.788620875755},"type":"counter"},"http_req_duration":{"thresholds":{"p(95)<800":{"ok":true}},"type":"trend","contains":"time","values":{"p(90)":83.1276191,"p(95)":84.04914665,"p(99)":123.70569540000002,"avg":69.7700025357143,"min":52.214107,"med":65.7072715,"max":138.263685}},"http_req_blocked":{"type":"trend","contains":"time","values":{"min":0.000281,"med":0.000316,"max":168.109032,"p(90)":0.000699,"p(95)":0.0009236499999999996,"p(99)":122.71986930000008,"avg":6.004274428571434}},"http_req_failed":{"thresholds":{"rate<0.01":{"ok":true}},"type":"rate","contains":"default","values":{"rate":0,"passes":0,"fails":28}},"http_req_duration{expected_response:true}":{"type":"trend","contains":"time","values":{"min":52.214107,"med":65.7072715,"max":138.263685,"p(90)":83.1276191,"p(95)":84.04914665,"p(99)":123.70569540000002,"avg":69.7700025357143}},"iterations":{"type":"counter","contains":"default","values":{"count":28,"rate":0.9287288065221971}},"http_req_connecting":{"type":"trend","contains":"time","values":{"avg":0.5580663928571429,"min":0,"med":0,"max":15.625859,"p(90)":0,"p(95)":0,"p(99)":11.406877070000007}},"http_req_waiting":{"values":{"med":61.664719500000004,"max":134.505389,"p(90)":79.29452380000001,"p(95)":80.1959306,"p(99)":119.93043125000003,"avg":65.91860510714285,"min":48.425885},"type":"trend","contains":"time"},"data_sent":{"contains":"data","values":{"rate":304.92156851280566,"count":9193},"type":"counter"},"http_req_tls_handshaking":{"type":"trend","contains":"time","values":{"min":0,"med":0,"max":26.073934,"p(90)":0,"p(95)":0,"p(99)":19.033971820000012,"avg":0.9312119285714286}},"http_req_sending":{"contains":"time","values":{"avg":0.10076264285714286,"min":0.069677,"med":0.0979965,"max":0.149062,"p(90)":0.12236230000000001,"p(95)":0.13009825,"p(99)":0.14415961},"type":"trend"},"iteration_duration":{"values":{"max":1243.295514,"p(90)":1084.3667464,"p(95)":1120.31715765,"p(99)":1215.1909521,"avg":1076.703712642857,"min":1053.452024,"med":1066.746991},"type":"trend","contains":"time"},"http_reqs":{"type":"counter","contains":"default","values":{"count":28,"rate":0.9287288065221971}},"checks":{"contains":"default","values":{"rate":1,"passes":28,"fails":0},"type":"rate"},"vus":{"type":"gauge","contains":"default","values":{"value":1,"min":1,"max":1}},"vus_max":{"type":"gauge","contains":"default","values":{"min":1,"max":1,"value":1}}},"root_group":{"id":"d41d8cd98f00b204e9800998ecf8427e","groups":[],"checks":[{"name":"status es 200","path":"::status es 200","id":"c8f562f01bcdf8f7be8c15f6ad60295d","passes":28,"fails":0}],"name":"","path":""}}