{"root_group":{"name":"","path":"","id":"d41d8cd98f00b204e9800998ecf8427e","groups":[],"checks":[{"id":"c8f562f01bcdf8f7be8c15f6ad60295d","passes":28,"fails":0,"name":"status es 200","path":"::status es 200"}]},"options":{"summaryTimeUnit":"","noColor":false,"summaryTrendStats":["avg","min","med","max","p(90)","p(95)","p(99)"]},"state":{"isStdOutTTY":false,"isStdErrTTY":false,"testRunDurationMs":30409.378358},"metrics":{"http_req_duration":{"type":"trend","contains":"time","values":{"min":2.056537,"med":39.4358895,"max":72.447798,"p(90)":70.968755,"p(95)":71.10054575000001,"p(99)":71.91414895,"avg":36.7431074642857},"thresholds":{"p(95)<800":{"ok":true}}},"http_req_blocked":{"values":{"p(95)":0.00051875,"p(99)":161.3095931,"avg":5.772079714285712,"min":0.00028,"med":0.00035000000000000005,"max":164.599219,"p(90)":0.000411},"type":"trend","contains":"time"},"http_req_duration{expected_response:true}":{"type":"trend","contains":"time","values":{"avg":36.7431074642857,"min":2.056537,"med":39.4358895,"max":72.447798,"p(90)":70.968755,"p(95)":71.10054575000001,"p(99)":71.91414895}},"data_sent":{"values":{"count":6017,"rate":197.8665900092978},"type":"counter","contains":"data"},"data_received":{"type":"counter","contains":"data","values":{"count":111334,"rate":3661.173164715832}},"http_req_sending":{"values":{"min":0.038923,"med":0.08487800000000001,"max":0.178674,"p(90)":0.1205495,"p(95)":0.147037,"p(99)":0.1786575,"avg":0.087019375},"type":"trend","contains":"time"},"iteration_duration":{"type":"trend","contains":"time","values":{"p(95)":1078.68203355,"p(99)":1312.02140682,"avg":1086.0143397857144,"min":1073.20577,"med":1074.2202585,"max":1397.746416,"p(90)":1075.2428375}},"iterations":{"type":"counter","contains":"default","values":{"count":28,"rate":0.9207685757454444}},"http_req_receiving":{"type":"trend","contains":"time","values":{"med":0.058234,"max":0.169797,"p(90)":0.12373600000000001,"p(95)":0.14084925,"p(99)":0.15891910000000006,"avg":0.07217942857142855,"min":0.034274}},"checks":{"type":"rate","contains":"default","values":{"rate":1,"passes":28,"fails":0}},"http_req_waiting":{"contains":"time","values":{"med":39.28394900000001,"max":72.331117,"p(90)":70.7989365,"p(95)":70.9354185,"p(99)":71.78038825,"avg":36.58390866071429,"min":1.894484},"type":"trend"},"http_req_tls_handshaking":{"type":"trend","contains":"time","values":{"min":0,"med":0,"max":71.974497,"p(90)":0,"p(95)":0,"p(99)":35.53029030000019,"avg":1.3872642857142858}},"http_reqs":{"values":{"count":56,"rate":1.8415371514908887},"type":"counter","contains":"default"},"vus":{"type":"gauge","contains":"default","values":{"value":1,"min":1,"max":1}},"http_req_connecting":{"type":"trend","contains":"time","values":{"avg":1.2828815,"min":0,"med":0,"max":70.356315,"p(90)":0,"p(95)":0,"p(99)":32.47711870000019}},"vus_max":{"type":"gauge","contains":"default","values":{"value":1,"min":1,"max":1}},"http_req_failed":{"type":"rate","contains":"default","values":{"rate":0,"passes":0,"fails":56},"thresholds":{"rate<0.01":{"ok":true}}}}}