{"root_group":{"groups":[],"checks":[{"fails":0,"name":"status es 200","path":"::status es 200","id":"c8f562f01bcdf8f7be8c15f6ad60295d","passes":29}],"name":"","path":"","id":"d41d8cd98f00b204e9800998ecf8427e"},"options":{"summaryTrendStats":["avg","min","med","max","p(90)","p(95)","p(99)"],"summaryTimeUnit":"","noColor":false},"state":{"isStdOutTTY":false,"isStdErrTTY":false,"testRunDurationMs":30105.419279},"metrics":{"http_req_duration":{"type":"trend","contains":"time","values":{"max":92.516368,"p(90)":43.11948879999999,"p(95)":62.42295239999996,"p(99)":86.45673287999998,"avg":35.37711593103449,"min":26.40618,"med":30.910968},"thresholds":{"p(95)<800":{"ok":true}}},"http_reqs":{"type":"counter","contains":"default","values":{"count":29,"rate":0.9632817178609738}},"http_req_connecting":{"type":"trend","contains":"time","values":{"min":0,"med":0,"max":2.667632,"p(90)":0,"p(95)":0,"p(99)":1.920695039999997,"avg":0.09198731034482757}},"http_req_waiting":{"type":"trend","contains":"time","values":{"min":25.604895,"med":30.545333,"max":91.8752,"p(90)":42.28500139999999,"p(95)":61.61769579999995,"p(99)":85.78070963999998,"avg":34.546744517241386}},"iteration_duration":{"type":"trend","contains":"time","values":{"max":1128.611245,"p(90)":1044.1070476,"p(95)":1076.1483104,"p(99)":1118.68098424,"avg":1038.0862325172413,"min":1027.314989,"med":1031.979674}},"vus":{"type":"gauge","contains":"default","values":{"value":1,"min":1,"max":1}},"http_req_receiving":{"type":"trend","contains":"time","values":{"p(99)":1.9681436799999994,"avg":0.7222353793103449,"min":0.143698,"med":0.605331,"max":2.123668,"p(90)":1.3257459999999999,"p(95)":1.5326935999999998}},"checks":{"type":"rate","contains":"default","values":{"rate":1,"passes":29,"fails":0}},"http_req_duration{expected_response:true}":{"contains":"time","values":{"avg":35.37711593103449,"min":26.40618,"med":30.910968,"max":92.516368,"p(90)":43.11948879999999,"p(95)":62.42295239999996,"p(99)":86.45673287999998},"type":"trend"},"http_req_blocked":{"type":"trend","contains":"time","values":{"avg":1.947458206896552,"min":0.000291,"med":0.000321,"max":56.466929,"p(90)":0.000393,"p(95)":0.00044299999999999987,"p(99)":40.656320759999936}},"http_req_tls_handshaking":{"type":"trend","contains":"time","values":{"avg":0.6426486206896552,"min":0,"med":0,"max":18.63681,"p(90)":0,"p(95)":0,"p(99)":13.418503199999979}},"data_received":{"type":"counter","contains":"data","values":{"count":1704602,"rate":56621.10147687075}},"vus_max":{"type":"gauge","contains":"default","values":{"max":1,"value":1,"min":1}},"data_sent":{"type":"counter","contains":"data","values":{"count":9021,"rate":299.6470474766843}},"http_req_failed":{"contains":"default","values":{"passes":0,"fails":29,"rate":0},"thresholds":{"rate<0.01":{"ok":true}},"type":"rate"},"http_req_sending":{"type":"trend","contains":"time","values":{"p(90)":0.1326518,"p(95)":0.15430839999999996,"p(99)":0.16454639999999998,"avg":0.10813603448275863,"min":0.078387,"med":0.104224,"max":0.16619}},"iterations":{"type":"counter","contains":"default","values":{"rate":0.9632817178609738,"count":29}}}}