{"root_group":{"groups":[],"checks":[{"path":"::status es 200","id":"c8f562f01bcdf8f7be8c15f6ad60295d","passes":28,"fails":0,"name":"status es 200"}],"name":"","path":"","id":"d41d8cd98f00b204e9800998ecf8427e"},"options":{"summaryTrendStats":["avg","min","med","max","p(90)","p(95)","p(99)"],"summaryTimeUnit":"","noColor":false},"state":{"isStdOutTTY":false,"isStdErrTTY":false,"testRunDurationMs":30646.583393},"metrics":{"http_req_receiving":{"type":"trend","contains":"time","values":{"p(99)":4.493637820000001,"avg":2.9392941785714286,"min":2.285278,"med":2.870263,"max":4.945951,"p(90)":3.0763266000000002,"p(95)":3.26632205}},"http_req_failed":{"type":"rate","contains":"default","values":{"rate":0,"passes":0,"fails":28},"thresholds":{"rate<0.01":{"ok":true}}},"iterations":{"type":"counter","contains":"default","values":{"count":28,"rate":0.9136418125615755}},"http_req_waiting":{"contains":"time","values":{"p(90)":92.7350689,"p(95)":94.93504735,"p(99)":136.44244927000003,"avg":88.10491457142857,"min":79.976797,"med":85.3318185,"max":151.701175},"type":"trend"},"http_req_blocked":{"type":"trend","contains":"time","values":{"min":0.00028,"med":0.00032050000000000004,"max":72.757512,"p(90)":0.0006193,"p(95)":0.001051149999999999,"p(99)":53.113327200000036,"avg":2.5988606071428575}},"http_req_duration{expected_response:true}":{"type":"trend","contains":"time","values":{"p(99)":139.34393413,"avg":91.14263357142856,"min":82.970208,"med":88.1932475,"max":154.588183,"p(90)":95.6669457,"p(95)":97.86987105}},"http_req_sending":{"type":"trend","contains":"time","values":{"avg":0.09842482142857142,"min":0.060072,"med":0.096706,"max":0.152554,"p(90)":0.1213103,"p(95)":0.1237229,"p(99)":0.14506123}},"iteration_duration":{"contains":"time","values":{"avg":1094.4889202142858,"min":1083.856853,"med":1088.730613,"max":1227.983432,"p(90)":1096.750628,"p(95)":1098.86914005,"p(99)":1193.23911785},"type":"trend"},"http_reqs":{"type":"counter","contains":"default","values":{"count":28,"rate":0.9136418125615755}},"http_req_tls_handshaking":{"type":"trend","contains":"time","values":{"med":0,"max":28.630321,"p(90)":0,"p(95)":0,"p(99)":20.90013433000001,"avg":1.0225114642857143,"min":0}},"vus_max":{"values":{"max":1,"value":1,"min":1},"type":"gauge","contains":"default"},"data_sent":{"type":"counter","contains":"data","values":{"count":9155,"rate":298.72824264290085}},"http_req_connecting":{"type":"trend","contains":"time","values":{"min":0,"med":0,"max":13.106519,"p(90)":0,"p(95)":0,"p(99)":9.567758870000006,"avg":0.4680899642857143}},"http_req_duration":{"contains":"time","values":{"min":82.970208,"med":88.1932475,"max":154.588183,"p(90)":95.6669457,"p(95)":97.86987105,"p(99)":139.34393413,"avg":91.14263357142856},"thresholds":{"p(95)<800":{"ok":true}},"type":"trend"},"checks":{"type":"rate","contains":"default","values":{"rate":1,"passes":28,"fails":0}},"data_received":{"type":"counter","contains":"data","values":{"rate":53695.18614515007,"count":1645574}},"vus":{"type":"gauge","contains":"default","values":{"max":1,"value":1,"min":1}}}}