{"state":{"isStdOutTTY":false,"isStdErrTTY":false,"testRunDurationMs":30069.542101},"metrics":{"http_req_duration{expected_response:true}":{"type":"trend","contains":"time","values":{"max":123.931225,"p(90)":70.3436673,"p(95)":72.12665655,"p(99)":109.96649641000002,"avg":68.56382475000001,"min":63.162106,"med":66.17635200000001}},"iterations":{"type":"counter","contains":"default","values":{"count":28,"rate":0.931174804922248}},"http_reqs":{"type":"counter","contains":"default","values":{"rate":0.931174804922248,"count":28}},"http_req_waiting":{"type":"trend","contains":"time","values":{"max":123.236096,"p(90)":69.72254769999999,"p(95)":71.49204095,"p(99)":109.30337564000001,"avg":67.81583053571427,"min":62.389587,"med":65.4028025}},"http_req_connecting":{"type":"trend","contains":"time","values":{"max":2.82905,"p(90)":0,"p(95)":0,"p(99)":2.0652065000000013,"avg":0.1010375,"min":0,"med":0}},"data_received":{"type":"counter","contains":"data","values":{"count":1645655,"rate":54728.30262836865}},"iteration_duration":{"type":"trend","contains":"time","values":{"max":1250.607337,"p(90)":1070.8360073,"p(95)":1072.59211415,"p(99)":1202.56472284,"avg":1073.8789410714285,"min":1064.059365,"med":1067.1403464999999}},"http_req_sending":{"contains":"time","values":{"max":0.152615,"p(90)":0.1270733,"p(95)":0.14411104999999996,"p(99)":0.15218219,"avg":0.10322628571428573,"min":0.058619,"med":0.101194},"type":"trend"},"http_req_tls_handshaking":{"type":"trend","contains":"time","values":{"min":0,"med":0,"max":14.790751,"p(90)":0,"p(95)":0,"p(99)":10.797248230000006,"avg":0.5282411071428571}},"vus":{"type":"gauge","contains":"default","values":{"value":1,"min":1,"max":1}},"http_req_failed":{"contains":"default","values":{"rate":0,"passes":0,"fails":28},"thresholds":{"rate<0.01":{"ok":true}},"type":"rate"},"http_req_blocked":{"type":"trend","contains":"time","values":{"p(99)":91.83369018000005,"avg":4.493159642857142,"min":0.000301,"med":0.00032050000000000004,"max":125.799357,"p(90)":0.0004067,"p(95)":0.0005311499999999998}},"vus_max":{"values":{"value":1,"min":1,"max":1},"type":"gauge","contains":"default"},"data_sent":{"type":"counter","contains":"data","values":{"count":8579,"rate":285.3053089795702}},"http_req_duration":{"type":"trend","contains":"time","values":{"med":66.17635200000001,"max":123.931225,"p(90)":70.3436673,"p(95)":72.12665655,"p(99)":109.96649641000002,"avg":68.56382475000001,"min":63.162106},"thresholds":{"p(95)<800":{"ok":true}}},"http_req_receiving":{"contains":"time","values":{"p(99)":1.4944871700000002,"avg":0.6447679285714285,"min":0.441759,"med":0.6126510000000001,"max":1.779291,"p(90)":0.7131938000000001,"p(95)":0.72135505},"type":"trend"},"checks":{"contains":"default","values":{"rate":1,"passes":28,"fails":0},"type":"rate"}},"root_group":{"name":"","path":"","id":"d41d8cd98f00b204e9800998ecf8427e","groups":[],"checks":[{"name":"status es 200","path":"::status es 200","id":"c8f562f01bcdf8f7be8c15f6ad60295d","passes":28,"fails":0}]},"options":{"summaryTrendStats":["avg","min","med","max","p(90)","p(95)","p(99)"],"summaryTimeUnit":"","noColor":false}}