{"options":{"summaryTimeUnit":"","noColor":false,"summaryTrendStats":["avg","min","med","max","p(90)","p(95)","p(99)"]},"state":{"isStdOutTTY":false,"isStdErrTTY":false,"testRunDurationMs":30681.95662},"metrics":{"http_req_failed":{"type":"rate","contains":"default","values":{"rate":0,"passes":0,"fails":60},"thresholds":{"rate<0.01":{"ok":true}}},"data_sent":{"type":"counter","contains":"data","values":{"count":6233,"rate":203.14871301059807}},"http_req_sending":{"type":"trend","contains":"time","values":{"p(99)":0.3188948899999988,"avg":0.08286351666666666,"min":0.03767,"med":0.0738585,"max":0.525117,"p(90)":0.10130750000000001,"p(95)":0.13888884999999995}},"checks":{"type":"rate","contains":"default","values":{"rate":1,"passes":30,"fails":0}},"http_req_duration{expected_response:true}":{"type":"trend","contains":"time","values":{"p(95)":14.333990599999998,"p(99)":14.798042569999998,"avg":8.704906900000003,"min":2.982121,"med":8.9045535,"max":15.081583,"p(90)":14.259972000000001}},"vus":{"type":"gauge","contains":"default","values":{"value":1,"min":1,"max":1}},"vus_max":{"values":{"min":1,"max":1,"value":1},"type":"gauge","contains":"default"},"http_req_blocked":{"type":"trend","contains":"time","values":{"avg":2.2107351833333357,"min":0.0003,"med":0.0003905,"max":95.442648,"p(90)":0.000511,"p(95)":0.0005239999999999998,"p(99)":61.06722429999981}},"http_req_tls_handshaking":{"type":"trend","contains":"time","values":{"med":0,"max":15.539749,"p(90)":0,"p(95)":0,"p(99)":8.432662099999959,"avg":0.3172264666666667,"min":0}},"iterations":{"type":"counter","contains":"default","values":{"count":30,"rate":0.9777733660064082}},"http_req_waiting":{"type":"trend","contains":"time","values":{"min":2.838081,"med":8.799983000000001,"max":14.958331,"p(90)":14.0987803,"p(95)":14.1890082,"p(99)":14.673893179999999,"avg":8.567358983333332}},"iteration_duration":{"type":"trend","contains":"time","values":{"max":1150.986826,"p(90)":1019.0294963,"p(95)":1019.2596536499999,"p(99)":1112.8167365800002,"avg":1022.7030549666666,"min":1017.626399,"med":1018.2353505000001}},"data_received":{"type":"counter","contains":"data","values":{"count":118630,"rate":3866.4418136446734}},"http_req_connecting":{"type":"trend","contains":"time","values":{"p(90)":0,"p(95)":0,"p(99)":6.946252569999961,"avg":0.26590758333333336,"min":0,"med":0,"max":13.704866}},"http_req_duration":{"type":"trend","contains":"time","values":{"p(90)":14.259972000000001,"p(95)":14.333990599999998,"p(99)":14.798042569999998,"avg":8.704906900000003,"min":2.982121,"med":8.9045535,"max":15.081583},"thresholds":{"p(95)<800":{"ok":true}}},"http_reqs":{"type":"counter","contains":"default","values":{"count":60,"rate":1.9555467320128164}},"http_req_receiving":{"type":"trend","contains":"time","values":{"avg":0.05468439999999999,"min":0.034545,"med":0.046402,"max":0.123511,"p(90)":0.0845542,"p(95)":0.10305334999999997,"p(99)":0.11955032999999997}}},"root_group":{"path":"","id":"d41d8cd98f00b204e9800998ecf8427e","groups":[],"checks":[{"path":"::status es 200","id":"c8f562f01bcdf8f7be8c15f6ad60295d","passes":30,"fails":0,"name":"status es 200"}],"name":""}}