{"root_group":{"groups":[],"checks":[{"name":"status es 200","path":"::status es 200","id":"c8f562f01bcdf8f7be8c15f6ad60295d","passes":29,"fails":0}],"name":"","path":"","id":"d41d8cd98f00b204e9800998ecf8427e"},"options":{"summaryTrendStats":["avg","min","med","max","p(90)","p(95)","p(99)"],"summaryTimeUnit":"","noColor":false},"state":{"isStdOutTTY":false,"isStdErrTTY":false,"testRunDurationMs":30996.827372},"metrics":{"http_req_duration{expected_response:true}":{"contains":"time","values":{"p(95)":81.32181779999995,"p(99)":114.18012019999996,"avg":64.0891109310345,"min":59.30778,"med":60.623396,"max":123.284274,"p(90)":65.050674},"type":"trend"},"data_received":{"contains":"data","values":{"count":1703834,"rate":54968.01267923002},"type":"counter"},"data_sent":{"type":"counter","contains":"data","values":{"count":8365,"rate":269.86632856355675}},"iteration_duration":{"values":{"min":1060.36582,"med":1061.549951,"max":1236.541145,"p(90)":1065.6104118,"p(95)":1081.981578,"p(99)":1195.8960927199998,"avg":1068.826563448276},"type":"trend","contains":"time"},"http_req_receiving":{"values":{"avg":0.6422225517241378,"min":0.512417,"med":0.629169,"max":1.182208,"p(90)":0.7283392000000001,"p(95)":0.7547294,"p(99)":1.0655076399999994},"type":"trend","contains":"time"},"vus_max":{"type":"gauge","contains":"default","values":{"value":1,"min":1,"max":1}},"http_req_duration":{"type":"trend","contains":"time","values":{"max":123.284274,"p(90)":65.050674,"p(95)":81.32181779999995,"p(99)":114.18012019999996,"avg":64.0891109310345,"min":59.30778,"med":60.623396},"thresholds":{"p(95)<800":{"ok":true}}},"http_req_tls_handshaking":{"type":"trend","contains":"time","values":{"p(99)":7.037146079999989,"avg":0.33702806896551724,"min":0,"med":0,"max":9.773814,"p(90)":0,"p(95)":0}},"http_req_blocked":{"contains":"time","values":{"p(99)":80.96526067999987,"avg":3.8779579999999987,"min":0.00029,"med":0.00031,"max":112.451525,"p(90)":0.000405,"p(95)":0.0005169999999999997},"type":"trend"},"vus":{"type":"gauge","contains":"default","values":{"value":1,"min":1,"max":1}},"iterations":{"type":"counter","contains":"default","values":{"count":29,"rate":0.9355796208419779}},"http_reqs":{"type":"counter","contains":"default","values":{"count":29,"rate":0.9355796208419779}},"http_req_sending":{"contains":"time","values":{"min":0.068999,"med":0.1014,"max":0.198972,"p(90)":0.12016579999999999,"p(95)":0.1327392,"p(99)":0.18084983999999993,"avg":0.10494379310344829},"type":"trend"},"http_req_waiting":{"type":"trend","contains":"time","values":{"p(99)":112.96288187999997,"avg":63.34194458620688,"min":58.500749,"med":59.93451,"max":121.903094,"p(90)":64.38073,"p(95)":80.59486619999996}},"checks":{"type":"rate","contains":"default","values":{"fails":0,"rate":1,"passes":29}},"http_req_failed":{"type":"rate","contains":"default","values":{"rate":0,"passes":0,"fails":29},"thresholds":{"rate<0.01":{"ok":true}}},"http_req_connecting":{"values":{"p(90)":0,"p(95)":0,"p(99)":2.036890799999997,"avg":0.09755224137931034,"min":0,"med":0,"max":2.829015},"type":"trend","contains":"time"}}}