{"state":{"isStdErrTTY":false,"testRunDurationMs":30152.941536,"isStdOutTTY":false},"metrics":{"http_req_tls_handshaking":{"type":"trend","contains":"time","values":{"p(99)":20.294337990000013,"avg":0.9928736785714286,"min":0,"med":0,"max":27.800463,"p(90)":0,"p(95)":0}},"http_req_receiving":{"type":"trend","contains":"time","values":{"min":3.191408,"med":3.6684555000000003,"max":5.020918,"p(90)":3.7790987,"p(95)":3.8285317500000002,"p(99)":4.704180190000001,"avg":3.6654622857142862}},"data_sent":{"contains":"data","values":{"count":9895,"rate":328.1603550415215},"type":"counter"},"http_req_duration":{"type":"trend","contains":"time","values":{"max":148.398813,"p(90)":83.7948973,"p(95)":85.04059335,"p(99)":131.46199893000002,"avg":70.32559510714286,"min":52.931754,"med":59.996236499999995},"thresholds":{"p(95)<800":{"ok":true}}},"iteration_duration":{"type":"trend","contains":"time","values":{"p(90)":1084.5363571999999,"p(95)":1085.69150995,"p(99)":1248.63768148,"avg":1076.8550914285713,"min":1054.139928,"med":1060.526905,"max":1308.796996}},"http_req_blocked":{"type":"trend","contains":"time","values":{"avg":5.7092219999999925,"min":0.000321,"med":0.000331,"max":159.844324,"p(90)":0.0007843000000000004,"p(95)":0.0026974499999999966,"p(99)":116.68731097000007}},"vus":{"type":"gauge","contains":"default","values":{"value":1,"min":1,"max":1}},"vus_max":{"type":"gauge","contains":"default","values":{"max":1,"value":1,"min":1}},"http_req_connecting":{"type":"trend","contains":"time","values":{"med":0,"max":14.584143,"p(90)":0,"p(95)":0,"p(99)":10.646424390000005,"avg":0.52086225,"min":0}},"http_req_duration{expected_response:true}":{"type":"trend","contains":"time","values":{"p(95)":85.04059335,"p(99)":131.46199893000002,"avg":70.32559510714286,"min":52.931754,"med":59.996236499999995,"max":148.398813,"p(90)":83.7948973}},"iterations":{"type":"counter","contains":"default","values":{"rate":0.9285992866258314,"count":28}},"http_req_waiting":{"type":"trend","contains":"time","values":{"avg":66.55362789285714,"min":49.469849,"med":56.3021195,"max":145.040394,"p(90)":80.0893817,"p(95)":81.2323375,"p(99)":127.95971340000003}},"http_req_failed":{"type":"rate","contains":"default","values":{"rate":0,"passes":0,"fails":28},"thresholds":{"rate<0.01":{"ok":true}}},"http_req_sending":{"type":"trend","contains":"time","values":{"avg":0.10650492857142858,"min":0.081412,"med":0.097797,"max":0.171517,"p(90)":0.1318535,"p(95)":0.15726979999999996,"p(99)":0.17030038}},"http_reqs":{"type":"counter","contains":"default","values":{"count":28,"rate":0.9285992866258314}},"checks":{"type":"rate","contains":"default","values":{"rate":1,"passes":28,"fails":0}},"data_received":{"type":"counter","contains":"data","values":{"count":1645911,"rate":54585.42073034317}}},"root_group":{"checks":[{"id":"c8f562f01bcdf8f7be8c15f6ad60295d","passes":28,"fails":0,"name":"status es 200","path":"::status es 200"}],"name":"","path":"","id":"d41d8cd98f00b204e9800998ecf8427e","groups":[]},"options":{"summaryTrendStats":["avg","min","med","max","p(90)","p(95)","p(99)"],"summaryTimeUnit":"","noColor":false}}