{"state":{"isStdOutTTY":false,"isStdErrTTY":false,"testRunDurationMs":30006.181988},"metrics":{"data_sent":{"type":"counter","contains":"data","values":{"count":7451,"rate":248.31549721919922}},"http_req_connecting":{"values":{"p(90)":0,"p(95)":0,"p(99)":2.2680075,"avg":0.11630807692307693,"min":0,"med":0,"max":3.02401},"type":"trend","contains":"time"},"vus_max":{"type":"gauge","contains":"default","values":{"max":1,"value":1,"min":1}},"iteration_duration":{"type":"trend","contains":"time","values":{"med":1166.4213614999999,"max":1352.970971,"p(90)":1168.708496,"p(95)":1171.23685225,"p(99)":1307.6780804999999,"avg":1154.0392723846153,"min":1085.545648}},"data_received":{"type":"counter","contains":"data","values":{"count":1528626,"rate":50943.70222147304}},"http_req_blocked":{"type":"trend","contains":"time","values":{"avg":0.9657724999999999,"min":0.000281,"med":0.000311,"max":25.101738,"p(90)":0.000466,"p(95)":0.0005809999999999999,"p(99)":18.826453750000002}},"iterations":{"type":"counter","contains":"default","values":{"count":26,"rate":0.8664881126961723}},"http_req_duration":{"type":"trend","contains":"time","values":{"max":326.664262,"p(90)":167.8429305,"p(95)":170.39398825,"p(99)":287.73904500000003,"avg":152.2000246153846,"min":84.992156,"med":165.622233},"thresholds":{"p(95)<800":{"ok":true}}},"http_req_failed":{"values":{"rate":0,"passes":0,"fails":26},"thresholds":{"rate<0.01":{"ok":true}},"type":"rate","contains":"default"},"http_req_duration{expected_response:true}":{"contains":"time","values":{"avg":152.2000246153846,"min":84.992156,"med":165.622233,"max":326.664262,"p(90)":167.8429305,"p(95)":170.39398825,"p(99)":287.73904500000003},"type":"trend"},"http_req_sending":{"contains":"time","values":{"med":0.1016945,"max":0.183742,"p(90)":0.12314900000000001,"p(95)":0.12737974999999999,"p(99)":0.16985875,"avg":0.10579015384615385,"min":0.080951},"type":"trend"},"http_req_waiting":{"type":"trend","contains":"time","values":{"med":164.865839,"max":325.927762,"p(90)":167.3393165,"p(95)":169.81771049999998,"p(99)":287.0421335,"avg":151.25759915384617,"min":84.326494}},"http_req_receiving":{"type":"trend","contains":"time","values":{"min":0.262996,"med":0.426759,"max":4.988782,"p(90)":1.9158835,"p(95)":3.21452575,"p(99)":4.602252,"avg":0.8366353076923079}},"http_reqs":{"type":"counter","contains":"default","values":{"count":26,"rate":0.8664881126961723}},"checks":{"values":{"passes":26,"fails":0,"rate":1},"type":"rate","contains":"default"},"vus":{"type":"gauge","contains":"default","values":{"value":1,"min":1,"max":1}},"http_req_tls_handshaking":{"type":"trend","contains":"time","values":{"avg":0.5021757692307692,"min":0,"med":0,"max":13.05657,"p(90)":0,"p(95)":0,"p(99)":9.7924275}}},"root_group":{"name":"","path":"","id":"d41d8cd98f00b204e9800998ecf8427e","groups":[],"checks":[{"path":"::status es 200","id":"c8f562f01bcdf8f7be8c15f6ad60295d","passes":26,"fails":0,"name":"status es 200"}]},"options":{"noColor":false,"summaryTrendStats":["avg","min","med","max","p(90)","p(95)","p(99)"],"summaryTimeUnit":""}}