{"root_group":{"name":"","path":"","id":"d41d8cd98f00b204e9800998ecf8427e","groups":[],"checks":[{"name":"status es 200","path":"::status es 200","id":"c8f562f01bcdf8f7be8c15f6ad60295d","passes":26,"fails":0}]},"options":{"summaryTimeUnit":"","noColor":false,"summaryTrendStats":["avg","min","med","max","p(90)","p(95)","p(99)"]},"state":{"isStdOutTTY":false,"isStdErrTTY":false,"testRunDurationMs":30405.761431},"metrics":{"http_req_connecting":{"contains":"time","values":{"p(95)":0,"p(99)":6.510261,"avg":0.3338595384615385,"min":0,"med":0,"max":8.680348,"p(90)":0},"type":"trend"},"http_req_duration{expected_response:true}":{"type":"trend","contains":"time","values":{"p(95)":279.122039,"p(99)":329.33169775,"avg":166.2904139615385,"min":92.546329,"med":177.122182,"max":336.398339,"p(90)":188.108942}},"http_req_receiving":{"contains":"time","values":{"p(99)":6.8178205,"avg":2.5325875769230777,"min":1.676968,"med":2.2924569999999997,"max":7.873266,"p(90)":2.9729915,"p(95)":3.5513035},"type":"trend"},"vus_max":{"type":"gauge","contains":"default","values":{"value":1,"min":1,"max":1}},"http_req_duration":{"type":"trend","contains":"time","values":{"min":92.546329,"med":177.122182,"max":336.398339,"p(90)":188.108942,"p(95)":279.122039,"p(99)":329.33169775,"avg":166.2904139615385},"thresholds":{"p(95)<800":{"ok":true}}},"http_req_failed":{"type":"rate","contains":"default","values":{"rate":0,"passes":0,"fails":26},"thresholds":{"rate<0.01":{"ok":true}}},"http_req_blocked":{"type":"trend","contains":"time","values":{"p(95)":0.000421,"p(99)":45.82169275,"avg":2.3501526153846153,"min":0.00029,"med":0.000321,"max":61.09545,"p(90)":0.000411}},"iteration_duration":{"type":"trend","contains":"time","values":{"p(99)":1329.6766575,"avg":1169.4075396153848,"min":1093.445084,"med":1178.4755235,"max":1336.714587,"p(90)":1190.6555389999999,"p(95)":1279.7330327500001}},"checks":{"type":"rate","contains":"default","values":{"rate":1,"passes":26,"fails":0}},"http_req_waiting":{"type":"trend","contains":"time","values":{"min":90.085997,"med":174.7082375,"max":334.049766,"p(90)":185.70333399999998,"p(95)":276.66735025,"p(99)":326.9541255,"avg":163.6651491923077}},"vus":{"values":{"value":1,"min":1,"max":1},"type":"gauge","contains":"default"},"http_reqs":{"type":"counter","contains":"default","values":{"count":26,"rate":0.8551010984876001}},"data_received":{"contains":"data","values":{"count":1528616,"rate":50273.89310637389},"type":"counter"},"iterations":{"type":"counter","contains":"default","values":{"count":26,"rate":0.8551010984876001}},"http_req_tls_handshaking":{"type":"trend","contains":"time","values":{"p(90)":0,"p(95)":0,"p(99)":18.547164000000002,"avg":0.9511366153846155,"min":0,"med":0,"max":24.729552}},"data_sent":{"type":"counter","contains":"data","values":{"count":8557,"rate":281.42692691378437}},"http_req_sending":{"type":"trend","contains":"time","values":{"p(99)":0.2141255,"avg":0.09267719230769232,"min":0.040195,"med":0.094311,"max":0.241121,"p(90)":0.1044455,"p(95)":0.12606825}}}}