{"root_group":{"checks":[{"path":"::status es 200","id":"c8f562f01bcdf8f7be8c15f6ad60295d","passes":28,"fails":0,"name":"status es 200"}],"name":"","path":"","id":"d41d8cd98f00b204e9800998ecf8427e","groups":[]},"options":{"summaryTimeUnit":"","noColor":false,"summaryTrendStats":["avg","min","med","max","p(90)","p(95)","p(99)"]},"state":{"isStdOutTTY":false,"isStdErrTTY":false,"testRunDurationMs":30258.782146},"metrics":{"http_reqs":{"type":"counter","contains":"default","values":{"count":28,"rate":0.9253511877939675}},"iteration_duration":{"contains":"time","values":{"avg":1080.6375846785713,"min":1048.806412,"med":1058.8071955,"max":1233.564871,"p(90)":1148.1366455,"p(95)":1171.5577724,"p(99)":1218.68586841},"type":"trend"},"http_req_duration":{"values":{"p(95)":155.81389645,"p(99)":172.05252127,"avg":76.94469974999997,"min":48.214333,"med":58.0590945,"max":177.250021,"p(90)":145.6700453},"thresholds":{"p(95)<800":{"ok":true}},"type":"trend","contains":"time"},"vus_max":{"values":{"max":1,"value":1,"min":1},"type":"gauge","contains":"default"},"http_req_waiting":{"type":"trend","contains":"time","values":{"med":54.6796025,"max":148.770102,"p(90)":100.33351270000001,"p(95)":135.83038934999996,"p(99)":148.21049487000002,"avg":68.4916967857143,"min":44.987105}},"http_req_receiving":{"values":{"p(90)":28.272711200000003,"p(95)":30.85621175,"p(99)":58.877887640000026,"avg":8.353884214285715,"min":2.737367,"med":3.204083,"max":69.16415},"type":"trend","contains":"time"},"http_req_failed":{"type":"rate","contains":"default","values":{"rate":0,"passes":0,"fails":28},"thresholds":{"rate<0.01":{"ok":true}}},"vus":{"type":"gauge","contains":"default","values":{"max":1,"value":1,"min":1}},"http_req_duration{expected_response:true}":{"type":"trend","contains":"time","values":{"med":58.0590945,"max":177.250021,"p(90)":145.6700453,"p(95)":155.81389645,"p(99)":172.05252127,"avg":76.94469974999997,"min":48.214333}},"http_req_tls_handshaking":{"values":{"avg":0.7186556428571428,"min":0,"med":0,"max":20.122358,"p(90)":0,"p(95)":0,"p(99)":14.689321340000008},"type":"trend","contains":"time"},"data_received":{"values":{"count":1646147,"rate":54402.28863333844},"type":"counter","contains":"data"},"http_req_connecting":{"type":"trend","contains":"time","values":{"avg":0.44937321428571425,"min":0,"med":0,"max":12.58245,"p(90)":0,"p(95)":0,"p(99)":9.185188500000006}},"http_req_blocked":{"type":"trend","contains":"time","values":{"med":0.00033,"max":80.55107,"p(90)":0.0007,"p(95)":0.0009036499999999997,"p(99)":58.80255164000003,"avg":2.8771951428571447,"min":0.00031}},"http_req_sending":{"type":"trend","contains":"time","values":{"p(99)":0.1414719,"avg":0.09911875,"min":0.074822,"med":0.09460199999999999,"max":0.148743,"p(90)":0.1149656,"p(95)":0.1214308}},"iterations":{"values":{"count":28,"rate":0.9253511877939675},"type":"counter","contains":"default"},"checks":{"type":"rate","contains":"default","values":{"rate":1,"passes":28,"fails":0}},"data_sent":{"type":"counter","contains":"data","values":{"count":9443,"rate":312.0746880835156}}}}