{"metrics":{"http_req_failed":{"values":{"rate":0,"passes":0,"fails":27},"thresholds":{"rate<0.01":{"ok":true}},"type":"rate","contains":"default"},"http_req_waiting":{"type":"trend","contains":"time","values":{"p(90)":121.84667840000002,"p(95)":167.73824189999996,"p(99)":205.91663945999994,"avg":106.13643570370368,"min":68.064464,"med":105.22652,"max":213.283266}},"http_req_tls_handshaking":{"type":"trend","contains":"time","values":{"avg":0.9458667777777777,"min":0,"med":0,"max":25.538403,"p(90)":0,"p(95)":0,"p(99)":18.89841821999996}},"vus":{"type":"gauge","contains":"default","values":{"max":1,"value":1,"min":1}},"http_req_duration{expected_response:true}":{"type":"trend","contains":"time","values":{"min":73.279675,"med":110.412148,"max":217.646721,"p(90)":126.91862240000003,"p(95)":172.59482279999997,"p(99)":210.39633083999996,"avg":111.09290007407405}},"http_req_duration":{"contains":"time","values":{"p(90)":126.91862240000003,"p(95)":172.59482279999997,"p(99)":210.39633083999996,"avg":111.09290007407405,"min":73.279675,"med":110.412148,"max":217.646721},"thresholds":{"p(95)<800":{"ok":true}},"type":"trend"},"http_reqs":{"contains":"default","values":{"count":27,"rate":0.8972202982568912},"type":"counter"},"http_req_receiving":{"type":"trend","contains":"time","values":{"avg":4.860639555555557,"min":4.196547,"med":4.894435,"max":5.138627,"p(90)":5.0764372,"p(95)":5.1107296,"p(99)":5.13514248}},"checks":{"values":{"rate":1,"passes":27,"fails":0},"type":"rate","contains":"default"},"http_req_blocked":{"type":"trend","contains":"time","values":{"max":72.357144,"p(90)":0.0007830000000000002,"p(95)":0.0008796,"p(99)":53.544521339999896,"avg":2.6803512222222214,"min":0.000321,"med":0.00039}},"http_req_sending":{"contains":"time","values":{"avg":0.0958248148148148,"min":0.070137,"med":0.0916,"max":0.166908,"p(90)":0.1093706,"p(95)":0.11999729999999999,"p(99)":0.15578675999999994},"type":"trend"},"http_req_connecting":{"contains":"time","values":{"med":0,"max":18.676885,"p(90)":0,"p(95)":0,"p(99)":13.82089489999997,"avg":0.6917364814814815,"min":0},"type":"trend"},"data_sent":{"type":"counter","contains":"data","values":{"count":9333,"rate":310.13914976413207}},"iterations":{"contains":"default","values":{"count":27,"rate":0.8972202982568912},"type":"counter"},"vus_max":{"type":"gauge","contains":"default","values":{"value":1,"min":1,"max":1}},"data_received":{"contains":"data","values":{"count":1587391,"rate":52749.60838778906},"type":"counter"},"iteration_duration":{"values":{"min":1073.682359,"med":1110.887538,"max":1291.001476,"p(90)":1127.7316148,"p(95)":1173.7788295999999,"p(99)":1264.9904293799998,"avg":1114.5134141481483},"type":"trend","contains":"time"}},"root_group":{"path":"","id":"d41d8cd98f00b204e9800998ecf8427e","groups":[],"checks":[{"fails":0,"name":"status es 200","path":"::status es 200","id":"c8f562f01bcdf8f7be8c15f6ad60295d","passes":27}],"name":""},"options":{"summaryTimeUnit":"","noColor":false,"summaryTrendStats":["avg","min","med","max","p(90)","p(95)","p(99)"]},"state":{"isStdOutTTY":false,"isStdErrTTY":false,"testRunDurationMs":30092.943787}}