{"state":{"isStdOutTTY":false,"isStdErrTTY":false,"testRunDurationMs":30894.17816},"metrics":{"checks":{"type":"rate","contains":"default","values":{"rate":1,"passes":30,"fails":0}},"data_sent":{"contains":"data","values":{"count":9698,"rate":313.91027622661966},"type":"counter"},"http_req_connecting":{"type":"trend","contains":"time","values":{"p(99)":4.393812990000006,"avg":0.2062823,"min":0,"med":0,"max":6.188469,"p(90)":0,"p(95)":0}},"http_req_receiving":{"type":"trend","contains":"time","values":{"p(95)":1.5909963999999999,"p(99)":1.68524749,"avg":1.2289298666666668,"min":0.862482,"med":1.1313155,"max":1.714108,"p(90)":1.5107764}},"iterations":{"type":"counter","contains":"default","values":{"rate":0.9710567422972355,"count":30}},"vus_max":{"contains":"default","values":{"value":1,"min":1,"max":1},"type":"gauge"},"http_req_duration{expected_response:true}":{"type":"trend","contains":"time","values":{"p(99)":39.585973640000006,"avg":27.43401649999999,"min":24.780363,"med":26.5681425,"max":42.653937,"p(90)":30.2784978,"p(95)":31.421584749999997}},"http_reqs":{"type":"counter","contains":"default","values":{"count":30,"rate":0.9710567422972355}},"http_req_waiting":{"type":"trend","contains":"time","values":{"p(90)":28.795831300000003,"p(95)":30.04671475,"p(99)":37.68649316000001,"avg":26.091688799999996,"min":23.508293,"med":25.255640999999997,"max":40.675116}},"vus":{"values":{"value":1,"min":1,"max":1},"type":"gauge","contains":"default"},"iteration_duration":{"type":"trend","contains":"time","values":{"p(90)":1031.2472384999999,"p(95)":1032.38603165,"p(99)":1071.37610999,"avg":1029.7668938666666,"min":1025.437726,"med":1027.6553005,"max":1086.960353}},"http_req_duration":{"thresholds":{"p(95)<800":{"ok":true}},"type":"trend","contains":"time","values":{"med":26.5681425,"max":42.653937,"p(90)":30.2784978,"p(95)":31.421584749999997,"p(99)":39.585973640000006,"avg":27.43401649999999,"min":24.780363}},"http_req_failed":{"thresholds":{"rate<0.01":{"ok":true}},"type":"rate","contains":"default","values":{"rate":0,"passes":0,"fails":30}},"data_received":{"type":"counter","contains":"data","values":{"count":1763072,"rate":57068.09842518238}},"http_req_tls_handshaking":{"type":"trend","contains":"time","values":{"med":0,"max":15.981093,"p(90)":0,"p(95)":0,"p(99)":11.346576030000014,"avg":0.5327031,"min":0}},"http_req_blocked":{"type":"trend","contains":"time","values":{"p(99)":30.517356460000034,"avg":1.4331405666666668,"min":0.0003,"med":0.000341,"max":42.981767,"p(90)":0.000737,"p(95)":0.0009284999999999993}},"http_req_sending":{"type":"trend","contains":"time","values":{"avg":0.11339783333333334,"min":0.082863,"med":0.1081405,"max":0.264713,"p(90)":0.1313573,"p(95)":0.13462675,"p(99)":0.2273958000000001}}},"root_group":{"groups":[],"checks":[{"name":"status es 200","path":"::status es 200","id":"c8f562f01bcdf8f7be8c15f6ad60295d","passes":30,"fails":0}],"name":"","path":"","id":"d41d8cd98f00b204e9800998ecf8427e"},"options":{"summaryTrendStats":["avg","min","med","max","p(90)","p(95)","p(99)"],"summaryTimeUnit":"","noColor":false}}