{"root_group":{"checks":[{"path":"::status es 200","id":"c8f562f01bcdf8f7be8c15f6ad60295d","passes":30,"fails":0,"name":"status es 200"}],"name":"","path":"","id":"d41d8cd98f00b204e9800998ecf8427e","groups":[]},"options":{"summaryTrendStats":["avg","min","med","max","p(90)","p(95)","p(99)"],"summaryTimeUnit":"","noColor":false},"state":{"isStdOutTTY":false,"isStdErrTTY":false,"testRunDurationMs":30888.408442},"metrics":{"http_req_duration{expected_response:true}":{"type":"trend","contains":"time","values":{"med":24.5700955,"max":46.546298,"p(90)":30.7402062,"p(95)":31.27481555,"p(99)":42.16012949000002,"avg":25.353252233333343,"min":19.725982}},"http_req_connecting":{"type":"trend","contains":"time","values":{"p(95)":0,"p(99)":1.4093769800000018,"avg":0.06616793333333333,"min":0,"med":0,"max":1.985038,"p(90)":0}},"http_req_tls_handshaking":{"values":{"med":0,"max":15.376888,"p(90)":0,"p(95)":0,"p(99)":10.917590480000012,"avg":0.5125629333333334,"min":0},"type":"trend","contains":"time"},"http_req_receiving":{"type":"trend","contains":"time","values":{"p(95)":0.6209331999999997,"p(99)":0.7309324700000002,"avg":0.44392623333333336,"min":0.327088,"med":0.413821,"max":0.759804,"p(90)":0.5605260000000001}},"vus_max":{"type":"gauge","contains":"default","values":{"min":1,"max":1,"value":1}},"iteration_duration":{"type":"trend","contains":"time","values":{"p(99)":1116.43097577,"avg":1029.5774163,"min":1020.827551,"med":1025.2907595000001,"max":1150.74818,"p(90)":1031.6081128,"p(95)":1032.25883245}},"http_req_blocked":{"contains":"time","values":{"med":0.000311,"max":102.997772,"p(90)":0.00045300000000000006,"p(95)":0.0005314999999999997,"p(99)":73.12858661000008,"avg":3.4335894999999983,"min":0.00027},"type":"trend"},"http_reqs":{"contains":"default","values":{"count":30,"rate":0.9712381282555174},"type":"counter"},"checks":{"type":"rate","contains":"default","values":{"rate":1,"passes":30,"fails":0}},"http_req_duration":{"thresholds":{"p(95)<800":{"ok":true}},"type":"trend","contains":"time","values":{"p(99)":42.16012949000002,"avg":25.353252233333343,"min":19.725982,"med":24.5700955,"max":46.546298,"p(90)":30.7402062,"p(95)":31.27481555}},"vus":{"type":"gauge","contains":"default","values":{"value":1,"min":1,"max":1}},"http_req_sending":{"values":{"p(90)":0.1206726,"p(95)":0.1304599,"p(99)":0.15742736000000002,"avg":0.09860400000000004,"min":0.05879,"med":0.0957895,"max":0.167814},"type":"trend","contains":"time"},"data_received":{"type":"counter","contains":"data","values":{"count":1762510,"rate":57060.56378105439}},"http_req_waiting":{"type":"trend","contains":"time","values":{"avg":24.810721999999988,"min":19.071941,"med":23.988184500000003,"max":46.015432,"p(90)":30.2851396,"p(95)":30.714939400000002,"p(99)":41.61526867000001}},"http_req_failed":{"type":"rate","contains":"default","values":{"rate":0,"passes":0,"fails":30},"thresholds":{"rate<0.01":{"ok":true}}},"data_sent":{"values":{"count":8502,"rate":275.2488855476136},"type":"counter","contains":"data"},"iterations":{"contains":"default","values":{"count":30,"rate":0.9712381282555174},"type":"counter"}}}