{"state":{"isStdOutTTY":false,"isStdErrTTY":false,"testRunDurationMs":30135.462732},"metrics":{"data_received":{"values":{"count":1587626,"rate":52682.98065037324},"type":"counter","contains":"data"},"iteration_duration":{"type":"trend","contains":"time","values":{"med":1104.999045,"max":1386.321994,"p(90)":1109.3648014,"p(95)":1114.7017961,"p(99)":1316.1760022399994,"avg":1116.1090663333334,"min":1101.936842}},"vus_max":{"type":"gauge","contains":"default","values":{"value":1,"min":1,"max":1}},"data_sent":{"values":{"count":9711,"rate":322.24492739207756},"type":"counter","contains":"data"},"http_req_connecting":{"contains":"time","values":{"med":0,"max":17.412452,"p(90)":0,"p(95)":0,"p(99)":12.885214479999972,"avg":0.6449056296296296,"min":0},"type":"trend"},"http_req_tls_handshaking":{"type":"trend","contains":"time","values":{"avg":0.8968602592592592,"min":0,"med":0,"max":24.215227,"p(90)":0,"p(95)":0,"p(99)":17.91926797999996}},"http_req_duration":{"type":"trend","contains":"time","values":{"min":101.685521,"med":104.139694,"max":190.623704,"p(90)":108.65427620000001,"p(95)":114.0457222,"p(99)":171.1706807999999,"avg":108.21312185185185},"thresholds":{"p(95)<800":{"ok":true}}},"http_req_blocked":{"type":"trend","contains":"time","values":{"med":0.000377,"max":194.877829,"p(90)":0.0004066,"p(95)":0.0005078999999999999,"p(99)":144.2097361999997,"avg":7.21805037037037,"min":0.000315}},"http_reqs":{"type":"counter","contains":"default","values":{"count":27,"rate":0.8959543857054983}},"vus":{"type":"gauge","contains":"default","values":{"value":1,"min":1,"max":1}},"http_req_failed":{"type":"rate","contains":"default","values":{"fails":27,"rate":0,"passes":0},"thresholds":{"rate<0.01":{"ok":true}}},"iterations":{"type":"counter","contains":"default","values":{"count":27,"rate":0.8959543857054983}},"http_req_sending":{"values":{"max":0.112275,"p(90)":0.0616022,"p(95)":0.0636043,"p(99)":0.09976093999999992,"avg":0.04932062962962962,"min":0.037734,"med":0.043741},"type":"trend","contains":"time"},"http_req_receiving":{"values":{"p(90)":4.8803744,"p(95)":4.9492371,"p(99)":4.96601818,"avg":4.557724074074073,"min":2.806046,"med":4.629012,"max":4.96784},"type":"trend","contains":"time"},"checks":{"type":"rate","contains":"default","values":{"rate":1,"passes":27,"fails":0}},"http_req_duration{expected_response:true}":{"type":"trend","contains":"time","values":{"med":104.139694,"max":190.623704,"p(90)":108.65427620000001,"p(95)":114.0457222,"p(99)":171.1706807999999,"avg":108.21312185185185,"min":101.685521}},"http_req_waiting":{"type":"trend","contains":"time","values":{"p(95)":109.10715929999999,"p(99)":166.9448757599999,"avg":103.60607714814813,"min":97.015117,"med":99.368794,"max":186.656379,"p(90)":104.9792048}}},"root_group":{"groups":[],"checks":[{"path":"::status es 200","id":"c8f562f01bcdf8f7be8c15f6ad60295d","passes":27,"fails":0,"name":"status es 200"}],"name":"","path":"","id":"d41d8cd98f00b204e9800998ecf8427e"},"options":{"summaryTrendStats":["avg","min","med","max","p(90)","p(95)","p(99)"],"summaryTimeUnit":"","noColor":false}}