{"root_group":{"id":"d41d8cd98f00b204e9800998ecf8427e","groups":[],"checks":[{"name":"status es 200","path":"::status es 200","id":"c8f562f01bcdf8f7be8c15f6ad60295d","passes":29,"fails":0}],"name":"","path":""},"options":{"summaryTrendStats":["avg","min","med","max","p(90)","p(95)","p(99)"],"summaryTimeUnit":"","noColor":false},"state":{"isStdOutTTY":false,"isStdErrTTY":false,"testRunDurationMs":30113.097098},"metrics":{"iteration_duration":{"type":"trend","contains":"time","values":{"max":1139.701961,"p(90)":1041.4283432,"p(95)":1046.3098744,"p(99)":1114.4362133599998,"avg":1038.3435554827586,"min":1025.63837,"med":1033.85687}},"http_req_failed":{"type":"rate","contains":"default","values":{"rate":0,"passes":0,"fails":29},"thresholds":{"rate<0.01":{"ok":true}}},"http_req_tls_handshaking":{"type":"trend","contains":"time","values":{"med":0,"max":16.228963,"p(90)":0,"p(95)":0,"p(99)":11.684853359999982,"avg":0.5596194137931034,"min":0}},"http_req_duration{expected_response:true}":{"type":"trend","contains":"time","values":{"avg":35.68213134482759,"min":25.150895,"med":32.916495,"max":82.982275,"p(90)":40.552881400000004,"p(95)":45.49330099999998,"p(99)":73.39456371999997}},"vus":{"type":"gauge","contains":"default","values":{"value":1,"min":1,"max":1}},"vus_max":{"type":"gauge","contains":"default","values":{"value":1,"min":1,"max":1}},"http_req_connecting":{"type":"trend","contains":"time","values":{"p(99)":1.338557039999998,"avg":0.06410713793103448,"min":0,"med":0,"max":1.859107,"p(90)":0,"p(95)":0}},"http_reqs":{"contains":"default","values":{"count":29,"rate":0.9630361136758022},"type":"counter"},"http_req_duration":{"contains":"time","values":{"p(99)":73.39456371999997,"avg":35.68213134482759,"min":25.150895,"med":32.916495,"max":82.982275,"p(90)":40.552881400000004,"p(95)":45.49330099999998},"thresholds":{"p(95)<800":{"ok":true}},"type":"trend"},"http_req_waiting":{"type":"trend","contains":"time","values":{"max":82.194868,"p(90)":39.8196908,"p(95)":44.927610399999985,"p(99)":72.63980191999997,"avg":35.1409766551724,"min":24.727213,"med":32.327548}},"http_req_receiving":{"type":"trend","contains":"time","values":{"avg":0.4366944827586207,"min":0.168198,"med":0.41779,"max":1.450699,"p(90)":0.5192518,"p(95)":0.5991275999999998,"p(99)":1.225880559999999}},"http_req_sending":{"type":"trend","contains":"time","values":{"p(95)":0.1397996,"p(99)":0.20292063999999987,"avg":0.10446020689655175,"min":0.068498,"med":0.096731,"max":0.227424,"p(90)":0.13220859999999998}},"checks":{"type":"rate","contains":"default","values":{"passes":29,"fails":0,"rate":1}},"iterations":{"type":"counter","contains":"default","values":{"count":29,"rate":0.9630361136758022}},"http_req_blocked":{"contains":"time","values":{"p(90)":0.000391,"p(95)":0.0005895999999999993,"p(99)":40.61176255999994,"avg":1.945332862068966,"min":0.000281,"med":0.000321,"max":56.404945},"type":"trend"},"data_sent":{"type":"counter","contains":"data","values":{"count":7715,"rate":256.2008143796143}},"data_received":{"type":"counter","contains":"data","values":{"count":1704523,"rate":56604.04157210412}}}}