{"options":{"noColor":false,"summaryTrendStats":["avg","min","med","max","p(90)","p(95)","p(99)"],"summaryTimeUnit":""},"state":{"isStdOutTTY":false,"isStdErrTTY":false,"testRunDurationMs":30145.845634},"metrics":{"http_req_duration":{"thresholds":{"p(95)<800":{"ok":true}},"type":"trend","contains":"time","values":{"min":86.745696,"med":171.991031,"max":387.512351,"p(90)":175.7450885,"p(95)":178.7556725,"p(99)":335.56447875000003,"avg":156.77136669230765}},"http_req_receiving":{"contains":"time","values":{"min":0.204014,"med":0.342846,"max":5.268238,"p(90)":1.8124164999999999,"p(95)":4.102479499999999,"p(99)":5.1289435,"avg":0.8303274999999998},"type":"trend"},"data_received":{"contains":"data","values":{"count":1528358,"rate":50698.793411064275},"type":"counter"},"http_req_blocked":{"contains":"time","values":{"avg":1.824656884615385,"min":0.00029,"med":0.000321,"max":47.432761,"p(90)":0.000411,"p(95)":0.00047850000000000003,"p(99)":35.574696},"type":"trend"},"iteration_duration":{"type":"trend","contains":"time","values":{"p(99)":1372.166389,"avg":1159.4077511923078,"min":1087.479975,"med":1173.0474,"max":1435.952923,"p(90)":1176.8203085,"p(95)":1179.8219865}},"http_reqs":{"values":{"count":26,"rate":0.8624737323897093},"type":"counter","contains":"default"},"http_req_tls_handshaking":{"values":{"med":0,"max":17.486073,"p(90)":0,"p(95)":0,"p(99)":13.11455475,"avg":0.6725412692307693,"min":0},"type":"trend","contains":"time"},"http_req_waiting":{"type":"trend","contains":"time","values":{"avg":155.83419449999997,"min":85.973145,"med":171.6507105,"max":386.76901,"p(90)":175.42161950000002,"p(95)":178.13315375000002,"p(99)":334.827359}},"vus_max":{"type":"gauge","contains":"default","values":{"value":1,"min":1,"max":1}},"http_req_duration{expected_response:true}":{"type":"trend","contains":"time","values":{"p(99)":335.56447875000003,"avg":156.77136669230765,"min":86.745696,"med":171.991031,"max":387.512351,"p(90)":175.7450885,"p(95)":178.7556725}},"checks":{"type":"rate","contains":"default","values":{"rate":1,"passes":26,"fails":0}},"data_sent":{"type":"counter","contains":"data","values":{"count":7062,"rate":234.26113454369718}},"http_req_sending":{"type":"trend","contains":"time","values":{"med":0.10270850000000001,"max":0.185399,"p(90)":0.1284865,"p(95)":0.13932899999999998,"p(99)":0.17475875000000002,"avg":0.1068446923076923,"min":0.071845}},"http_req_connecting":{"type":"trend","contains":"time","values":{"max":1.55007,"p(90)":0,"p(95)":0,"p(99)":1.1625525,"avg":0.059618076923076926,"min":0,"med":0}},"http_req_failed":{"type":"rate","contains":"default","values":{"passes":0,"fails":26,"rate":0},"thresholds":{"rate<0.01":{"ok":true}}},"iterations":{"contains":"default","values":{"count":26,"rate":0.8624737323897093},"type":"counter"},"vus":{"type":"gauge","contains":"default","values":{"value":1,"min":1,"max":1}}},"root_group":{"path":"","id":"d41d8cd98f00b204e9800998ecf8427e","groups":[],"checks":[{"name":"status es 200","path":"::status es 200","id":"c8f562f01bcdf8f7be8c15f6ad60295d","passes":26,"fails":0}],"name":""}}