{"metrics":{"http_req_tls_handshaking":{"values":{"p(95)":0,"p(99)":11.682689320000012,"avg":0.5484830666666666,"min":0,"med":0,"max":16.454492,"p(90)":0},"type":"trend","contains":"time"},"http_req_waiting":{"type":"trend","contains":"time","values":{"p(95)":34.92689659999999,"p(99)":62.75188586000004,"avg":27.888118399999993,"min":20.69476,"med":25.5227155,"max":73.677974,"p(90)":32.6789007}},"http_req_connecting":{"type":"trend","contains":"time","values":{"p(95)":0,"p(99)":1.2784338100000014,"avg":0.060020366666666665,"min":0,"med":0,"max":1.800611,"p(90)":0}},"vus_max":{"type":"gauge","contains":"default","values":{"max":1,"value":1,"min":1}},"http_req_duration":{"values":{"avg":28.376960066666665,"min":21.143569,"med":26.024935999999997,"max":74.340988,"p(90)":33.184491400000006,"p(95)":35.39511979999999,"p(99)":63.35358516000003},"thresholds":{"p(95)<800":{"ok":true}},"type":"trend","contains":"time"},"http_req_duration{expected_response:true}":{"type":"trend","contains":"time","values":{"avg":28.376960066666665,"min":21.143569,"med":26.024935999999997,"max":74.340988,"p(90)":33.184491400000006,"p(95)":35.39511979999999,"p(99)":63.35358516000003}},"http_req_blocked":{"type":"trend","contains":"time","values":{"avg":3.480760166666667,"min":0.00028,"med":0.00032,"max":104.41259,"p(90)":0.00043500000000000006,"p(95)":0.0006194999999999993,"p(99)":74.13315379000008}},"checks":{"type":"rate","contains":"default","values":{"rate":1,"passes":30,"fails":0}},"iterations":{"type":"counter","contains":"default","values":{"count":30,"rate":0.9683336992322624}},"http_reqs":{"type":"counter","contains":"default","values":{"count":30,"rate":0.9683336992322624}},"data_sent":{"type":"counter","contains":"data","values":{"count":7785,"rate":251.2825949507721}},"http_req_failed":{"type":"rate","contains":"default","values":{"rate":0,"passes":0,"fails":30},"thresholds":{"rate<0.01":{"ok":true}}},"http_req_receiving":{"type":"trend","contains":"time","values":{"min":0.297956,"med":0.3868475,"max":0.768441,"p(90)":0.4676717,"p(95)":0.49545995,"p(99)":0.6893168200000003,"avg":0.39847933333333335}},"http_req_sending":{"values":{"p(95)":0.12703479999999995,"p(99)":0.15842660000000003,"avg":0.09036233333333334,"min":0.054953,"med":0.088676,"max":0.167724,"p(90)":0.1155322},"type":"trend","contains":"time"},"vus":{"contains":"default","values":{"value":1,"min":1,"max":1},"type":"gauge"},"data_received":{"type":"counter","contains":"data","values":{"count":1762676,"rate":56895.285720930915}},"iteration_duration":{"type":"trend","contains":"time","values":{"avg":1032.6704439333332,"min":1022.102136,"med":1026.934279,"max":1180.107618,"p(90)":1033.7939438,"p(95)":1036.01283405,"p(99)":1138.71740541}}},"root_group":{"name":"","path":"","id":"d41d8cd98f00b204e9800998ecf8427e","groups":[],"checks":[{"path":"::status es 200","id":"c8f562f01bcdf8f7be8c15f6ad60295d","passes":30,"fails":0,"name":"status es 200"}]},"options":{"summaryTrendStats":["avg","min","med","max","p(90)","p(95)","p(99)"],"summaryTimeUnit":"","noColor":false},"state":{"isStdOutTTY":false,"isStdErrTTY":false,"testRunDurationMs":30981.055419}}