{"root_group":{"name":"","path":"","id":"d41d8cd98f00b204e9800998ecf8427e","groups":[],"checks":[{"name":"status es 200","path":"::status es 200","id":"c8f562f01bcdf8f7be8c15f6ad60295d","passes":24,"fails":0}]},"options":{"summaryTrendStats":["avg","min","med","max","p(90)","p(95)","p(99)"],"summaryTimeUnit":"","noColor":false},"state":{"testRunDurationMs":30534.233262,"isStdOutTTY":false,"isStdErrTTY":false},"metrics":{"http_req_failed":{"values":{"rate":0,"passes":0,"fails":24},"thresholds":{"rate<0.01":{"ok":true}},"type":"rate","contains":"default"},"http_req_waiting":{"type":"trend","contains":"time","values":{"p(95)":385.551977,"p(99)":415.89071103,"avg":267.042447,"min":162.160767,"med":226.083594,"max":424.861111,"p(90)":383.5897787}},"iteration_duration":{"type":"trend","contains":"time","values":{"p(99)":1444.95371863,"avg":1272.2296740416666,"min":1164.392573,"med":1228.440448,"max":1450.293817,"p(90)":1387.3709529,"p(95)":1421.21137735}},"data_received":{"values":{"count":1411184,"rate":46216.454426456},"type":"counter","contains":"data"},"checks":{"contains":"default","values":{"rate":1,"passes":24,"fails":0},"type":"rate"},"vus":{"type":"gauge","contains":"default","values":{"value":1,"min":1,"max":1}},"http_req_duration{expected_response:true}":{"type":"trend","contains":"time","values":{"max":426.144425,"p(90)":385.0300337,"p(95)":386.9930634,"p(99)":417.21149271999997,"avg":268.42285441666667,"min":163.631241,"med":227.4814945}},"http_req_duration":{"type":"trend","contains":"time","values":{"p(99)":417.21149271999997,"avg":268.42285441666667,"min":163.631241,"med":227.4814945,"max":426.144425,"p(90)":385.0300337,"p(95)":386.9930634},"thresholds":{"p(95)<800":{"ok":true}}},"http_req_tls_handshaking":{"type":"trend","contains":"time","values":{"avg":0.7806420833333334,"min":0,"med":0,"max":18.73541,"p(90)":0,"p(95)":0,"p(99)":14.426265699999993}},"http_reqs":{"type":"counter","contains":"default","values":{"count":24,"rate":0.7860030344979422}},"http_req_blocked":{"type":"trend","contains":"time","values":{"min":0.00029,"med":0.00033,"max":72.495304,"p(90)":0.00046899999999999996,"p(95)":0.0005149999999999999,"p(99)":55.82150390999997,"avg":3.0209744583333333}},"http_req_receiving":{"values":{"min":0.866453,"med":1.368382,"max":1.474671,"p(90)":1.4470528999999999,"p(95)":1.45932575,"p(99)":1.47129529,"avg":1.31371625},"type":"trend","contains":"time"},"vus_max":{"type":"gauge","contains":"default","values":{"value":1,"min":1,"max":1}},"data_sent":{"type":"counter","contains":"data","values":{"count":7333,"rate":240.15667716555876}},"http_req_connecting":{"values":{"avg":0.22470225,"min":0,"med":0,"max":5.392854,"p(90)":0,"p(95)":0,"p(99)":4.152497579999998},"type":"trend","contains":"time"},"http_req_sending":{"type":"trend","contains":"time","values":{"avg":0.06669116666666668,"min":0.036087,"med":0.0623915,"max":0.134431,"p(90)":0.0931324,"p(95)":0.09359134999999999,"p(99)":0.12504101999999997}},"iterations":{"type":"counter","contains":"default","values":{"count":24,"rate":0.7860030344979422}}}}