{"metrics":{"http_req_connecting":{"type":"trend","contains":"time","values":{"avg":0.10087534615384615,"min":0,"med":0,"max":2.622759,"p(90)":0,"p(95)":0,"p(99)":1.9670692499999998}},"http_req_tls_handshaking":{"type":"trend","contains":"time","values":{"avg":0.4906682692307692,"min":0,"med":0,"max":12.757375,"p(90)":0,"p(95)":0,"p(99)":9.56803125}},"http_req_receiving":{"type":"trend","contains":"time","values":{"p(90)":3.9459109999999997,"p(95)":4.4432005,"p(99)":5.13308425,"avg":1.2832615384615385,"min":0.250095,"med":0.5685795,"max":5.315011}},"http_reqs":{"contains":"default","values":{"count":26,"rate":0.863106288751527},"type":"counter"},"http_req_failed":{"type":"rate","contains":"default","values":{"rate":0,"passes":0,"fails":26},"thresholds":{"rate<0.01":{"ok":true}}},"http_req_sending":{"values":{"p(99)":0.18501125,"avg":0.11208196153846155,"min":0.084377,"med":0.111708,"max":0.201785,"p(90)":0.1321905,"p(95)":0.134457},"type":"trend","contains":"time"},"http_req_duration":{"type":"trend","contains":"time","values":{"max":321.008282,"p(90)":167.1360215,"p(95)":168.34737825000002,"p(99)":282.868293,"avg":154.52110880769231,"min":91.839014,"med":163.14199200000002},"thresholds":{"p(95)<800":{"ok":true}}},"checks":{"values":{"fails":0,"rate":1,"passes":26},"type":"rate","contains":"default"},"http_req_duration{expected_response:true}":{"type":"trend","contains":"time","values":{"p(90)":167.1360215,"p(95)":168.34737825000002,"p(99)":282.868293,"avg":154.52110880769231,"min":91.839014,"med":163.14199200000002,"max":321.008282}},"http_req_waiting":{"values":{"p(90)":165.701954,"p(95)":167.26305925000003,"p(99)":282.19332025,"avg":153.12576530769226,"min":89.07708,"med":162.47611,"max":320.359396},"type":"trend","contains":"time"},"data_sent":{"type":"counter","contains":"data","values":{"count":7590,"rate":251.96064352400342}},"data_received":{"values":{"count":1528396,"rate":50737.23843471841},"type":"counter","contains":"data"},"vus":{"type":"gauge","contains":"default","values":{"value":1,"min":1,"max":1}},"iterations":{"type":"counter","contains":"default","values":{"count":26,"rate":0.863106288751527}},"http_req_blocked":{"type":"trend","contains":"time","values":{"min":0.00029,"med":0.0003,"max":84.173663,"p(90)":0.000386,"p(95)":0.0004585,"p(99)":63.13036750000001,"avg":3.237751730769231}},"vus_max":{"type":"gauge","contains":"default","values":{"max":1,"value":1,"min":1}},"iteration_duration":{"type":"trend","contains":"time","values":{"p(95)":1168.81656175,"p(99)":1346.76014575,"avg":1158.5716696153845,"min":1092.755963,"med":1164.0404855000002,"max":1406.059025,"p(90)":1167.8776225000001}}},"root_group":{"path":"","id":"d41d8cd98f00b204e9800998ecf8427e","groups":[],"checks":[{"name":"status es 200","path":"::status es 200","id":"c8f562f01bcdf8f7be8c15f6ad60295d","passes":26,"fails":0}],"name":""},"options":{"summaryTimeUnit":"","noColor":false,"summaryTrendStats":["avg","min","med","max","p(90)","p(95)","p(99)"]},"state":{"isStdOutTTY":false,"isStdErrTTY":false,"testRunDurationMs":30123.752241}}