{"state":{"isStdOutTTY":false,"isStdErrTTY":false,"testRunDurationMs":30779.356099},"metrics":{"vus_max":{"values":{"value":1,"min":1,"max":1},"type":"gauge","contains":"default"},"data_sent":{"type":"counter","contains":"data","values":{"rate":257.34781372692026,"count":7921}},"vus":{"type":"gauge","contains":"default","values":{"value":1,"min":1,"max":1}},"iteration_duration":{"contains":"time","values":{"avg":1139.9407274074072,"min":1084.509344,"med":1159.540771,"max":1349.704483,"p(90)":1163.8242982,"p(95)":1167.9053505,"p(99)":1302.7413371599996},"type":"trend"},"http_req_receiving":{"values":{"p(95)":5.1713958,"p(99)":5.27970924,"avg":1.690504148148148,"min":0.136135,"med":0.329556,"max":5.304624,"p(90)":4.9719594},"type":"trend","contains":"time"},"iterations":{"type":"counter","contains":"default","values":{"count":27,"rate":0.8772113332441419}},"http_req_blocked":{"type":"trend","contains":"time","values":{"min":0.00025,"med":0.000261,"max":36.297512,"p(90)":0.0005810000000000001,"p(95)":0.000625,"p(99)":26.860322939999943,"avg":1.3446416666666663}},"http_req_duration":{"contains":"time","values":{"med":158.82116,"max":312.811084,"p(90)":163.33871760000002,"p(95)":167.2733776,"p(99)":275.2861809999998,"avg":137.6994531851852,"min":83.457045},"thresholds":{"p(95)<800":{"ok":true}},"type":"trend"},"http_req_failed":{"type":"rate","contains":"default","values":{"rate":0,"passes":0,"fails":27},"thresholds":{"rate<0.01":{"ok":true}}},"http_req_duration{expected_response:true}":{"type":"trend","contains":"time","values":{"avg":137.6994531851852,"min":83.457045,"med":158.82116,"max":312.811084,"p(90)":163.33871760000002,"p(95)":167.2733776,"p(99)":275.2861809999998}},"http_req_sending":{"values":{"p(95)":0.1305124,"p(99)":0.13265955999999998,"avg":0.10387248148148148,"min":0.084257,"med":0.102033,"max":0.133321,"p(90)":0.12500980000000003},"type":"trend","contains":"time"},"checks":{"type":"rate","contains":"default","values":{"rate":1,"passes":27,"fails":0}},"http_req_connecting":{"type":"trend","contains":"time","values":{"avg":0.06816762962962963,"min":0,"med":0,"max":1.840526,"p(90)":0,"p(95)":0,"p(99)":1.361989239999997}},"http_reqs":{"type":"counter","contains":"default","values":{"count":27,"rate":0.8772113332441419}},"http_req_waiting":{"type":"trend","contains":"time","values":{"avg":135.90507655555552,"min":82.620047,"med":158.580408,"max":312.369841,"p(90)":162.901732,"p(95)":166.8570195,"p(99)":274.8592335799998}},"http_req_tls_handshaking":{"type":"trend","contains":"time","values":{"max":8.540338,"p(90)":0,"p(95)":0,"p(99)":6.319850119999987,"avg":0.3163088148148148,"min":0,"med":0}},"data_received":{"type":"counter","contains":"data","values":{"count":1587753,"rate":51584.99725897726}}},"root_group":{"name":"","path":"","id":"d41d8cd98f00b204e9800998ecf8427e","groups":[],"checks":[{"name":"status es 200","path":"::status es 200","id":"c8f562f01bcdf8f7be8c15f6ad60295d","passes":27,"fails":0}]},"options":{"summaryTrendStats":["avg","min","med","max","p(90)","p(95)","p(99)"],"summaryTimeUnit":"","noColor":false}}