{"options":{"summaryTrendStats":["avg","min","med","max","p(90)","p(95)","p(99)"],"summaryTimeUnit":"","noColor":false},"state":{"isStdOutTTY":false,"isStdErrTTY":false,"testRunDurationMs":30092.084513},"metrics":{"http_req_blocked":{"contains":"time","values":{"min":0.000291,"med":0.000391,"max":117.779551,"p(90)":0.0006215,"p(95)":0.0034165,"p(99)":102.83979320000007,"avg":3.7218567678571444},"type":"trend"},"checks":{"type":"rate","contains":"default","values":{"passes":56,"fails":0,"rate":1}},"http_req_connecting":{"type":"trend","contains":"time","values":{"min":0,"med":0,"max":47.406883,"p(90)":0,"p(95)":0,"p(99)":31.008320600000086,"avg":1.1606821071428572}},"iterations":{"values":{"count":28,"rate":0.930477248523737},"type":"counter","contains":"default"},"http_req_failed":{"thresholds":{"rate<0.01":{"ok":true}},"type":"rate","contains":"default","values":{"rate":0,"passes":0,"fails":56}},"data_sent":{"values":{"count":6123,"rate":203.47543545395865},"type":"counter","contains":"data"},"http_reqs":{"type":"counter","contains":"default","values":{"count":56,"rate":1.860954497047474}},"http_req_waiting":{"type":"trend","contains":"time","values":{"min":17.847066,"med":36.1793725,"max":51.669572,"p(90)":47.615197499999994,"p(95)":47.852517,"p(99)":49.86954630000001,"avg":33.00042916071428}},"http_req_receiving":{"type":"trend","contains":"time","values":{"avg":0.07555657142857143,"min":0.036748,"med":0.06412000000000001,"max":0.21898,"p(90)":0.11442050000000001,"p(95)":0.12742075,"p(99)":0.2020306500000001}},"http_req_tls_handshaking":{"contains":"time","values":{"p(99)":36.14428100000007,"avg":1.333475,"min":0,"med":0,"max":49.26749,"p(90)":0,"p(95)":0},"type":"trend"},"http_req_sending":{"type":"trend","contains":"time","values":{"p(99)":0.2483614500000001,"avg":0.09018501785714286,"min":0.047429,"med":0.0799455,"max":0.263344,"p(90)":0.12267,"p(95)":0.13919299999999998}},"http_req_duration":{"thresholds":{"p(95)<800":{"ok":true}},"type":"trend","contains":"time","values":{"p(99)":50.04665200000001,"avg":33.166170750000006,"min":17.981854,"med":36.401825,"max":51.842567,"p(90)":47.7637235,"p(95)":48.09121925}},"vus":{"type":"gauge","contains":"default","values":{"min":1,"max":1,"value":1}},"vus_max":{"type":"gauge","contains":"default","values":{"max":1,"value":1,"min":1}},"http_req_duration{expected_response:true}":{"type":"trend","contains":"time","values":{"p(99)":50.04665200000001,"avg":33.166170750000006,"min":17.981854,"med":36.401825,"max":51.842567,"p(90)":47.7637235,"p(95)":48.09121925}},"data_received":{"type":"counter","contains":"data","values":{"count":110805,"rate":3682.1975543811673}},"iteration_duration":{"values":{"avg":1074.684004107143,"min":1066.079909,"med":1066.780961,"max":1281.84574,"p(90)":1067.71333,"p(95)":1070.0426318500001,"p(99)":1224.9922371700002},"type":"trend","contains":"time"}},"root_group":{"name":"","path":"","id":"d41d8cd98f00b204e9800998ecf8427e","groups":[],"checks":[{"fails":0,"name":"status 2xx","path":"::status 2xx","id":"5bf9cd1e387741ed8e40bbdbca9b6c92","passes":28},{"name":"tiene cuerpo","path":"::tiene cuerpo","id":"142ead3daa5d531bd997126675e457dd","passes":28,"fails":0}]}}