{"state":{"isStdOutTTY":false,"isStdErrTTY":false,"testRunDurationMs":30992.418533},"metrics":{"data_received":{"contains":"data","values":{"rate":51212.10525438667,"count":1587187},"type":"counter"},"data_sent":{"contains":"data","values":{"count":6635,"rate":214.08461533698016},"type":"counter"},"http_req_sending":{"contains":"time","values":{"max":0.182614,"p(90)":0.13825920000000003,"p(95)":0.14432140000000002,"p(99)":0.17273217999999996,"avg":0.11974333333333333,"min":0.092558,"med":0.114862},"type":"trend"},"http_req_waiting":{"type":"trend","contains":"time","values":{"p(95)":164.516332,"p(99)":291.48783795999975,"avg":143.54954185185187,"min":84.637065,"med":161.453699,"max":335.956978,"p(90)":163.5538826}},"checks":{"values":{"passes":27,"fails":0,"rate":1},"type":"rate","contains":"default"},"http_req_connecting":{"contains":"time","values":{"min":0,"med":0,"max":1.918925,"p(90)":0,"p(95)":0,"p(99)":1.420004499999997,"avg":0.0710712962962963},"type":"trend"},"http_req_receiving":{"type":"trend","contains":"time","values":{"med":0.360421,"max":5.467032,"p(90)":5.220261600000001,"p(95)":5.3601911,"p(99)":5.449567539999999,"avg":1.9461624074074075,"min":0.224683}},"iterations":{"type":"counter","contains":"default","values":{"count":27,"rate":0.8711808009191356}},"http_req_blocked":{"type":"trend","contains":"time","values":{"min":0.000311,"med":0.00035,"max":36.507727,"p(90)":0.000905,"p(95)":0.0009117,"p(99)":27.015955099999946,"avg":1.3526294444444449}},"vus":{"type":"gauge","contains":"default","values":{"value":1,"min":1,"max":1}},"http_req_failed":{"contains":"default","values":{"rate":0,"passes":0,"fails":27},"thresholds":{"rate<0.01":{"ok":true}},"type":"rate"},"vus_max":{"type":"gauge","contains":"default","values":{"value":1,"min":1,"max":1}},"http_reqs":{"type":"counter","contains":"default","values":{"rate":0.8711808009191356,"count":27}},"iteration_duration":{"type":"trend","contains":"time","values":{"avg":1147.8328293333332,"min":1091.21698,"med":1162.354362,"max":1374.240739,"p(90)":1164.8463928,"p(95)":1165.8983547,"p(99)":1320.1540972999996}},"http_req_duration":{"type":"trend","contains":"time","values":{"p(95)":164.9255316,"p(99)":292.0148213599997,"avg":145.6154475925926,"min":90.148183,"med":162.056408,"max":336.534313,"p(90)":163.9489968},"thresholds":{"p(95)<800":{"ok":true}}},"http_req_tls_handshaking":{"contains":"time","values":{"min":0,"med":0,"max":9.357418,"p(90)":0,"p(95)":0,"p(99)":6.924489319999985,"avg":0.346571037037037},"type":"trend"},"http_req_duration{expected_response:true}":{"type":"trend","contains":"time","values":{"max":336.534313,"p(90)":163.9489968,"p(95)":164.9255316,"p(99)":292.0148213599997,"avg":145.6154475925926,"min":90.148183,"med":162.056408}}},"root_group":{"name":"","path":"","id":"d41d8cd98f00b204e9800998ecf8427e","groups":[],"checks":[{"name":"status es 200","path":"::status es 200","id":"c8f562f01bcdf8f7be8c15f6ad60295d","passes":27,"fails":0}]},"options":{"summaryTrendStats":["avg","min","med","max","p(90)","p(95)","p(99)"],"summaryTimeUnit":"","noColor":false}}