{"options":{"summaryTimeUnit":"","noColor":false,"summaryTrendStats":["avg","min","med","max","p(90)","p(95)","p(99)"]},"state":{"isStdOutTTY":false,"isStdErrTTY":false,"testRunDurationMs":30975.613532},"metrics":{"http_req_duration{expected_response:true}":{"type":"trend","contains":"time","values":{"avg":28.350772833333327,"min":22.936927,"med":27.3526195,"max":50.016922,"p(90)":35.19450380000001,"p(95)":40.98737709999999,"p(99)":47.97926977000001}},"iterations":{"type":"counter","contains":"default","values":{"count":30,"rate":0.9685038189480211}},"http_req_blocked":{"type":"trend","contains":"time","values":{"p(95)":0.000431,"p(99)":70.85736955000009,"avg":3.3269496999999997,"min":0.00027,"med":0.0003155,"max":99.798936,"p(90)":0.000422}},"data_sent":{"type":"counter","contains":"data","values":{"count":8987,"rate":290.1314606961955}},"http_req_failed":{"thresholds":{"rate<0.01":{"ok":true}},"type":"rate","contains":"default","values":{"rate":0,"passes":0,"fails":30}},"http_req_tls_handshaking":{"type":"trend","contains":"time","values":{"p(90)":0,"p(95)":0,"p(99)":9.24545386000001,"avg":0.43405886666666665,"min":0,"med":0,"max":13.021766}},"http_req_sending":{"type":"trend","contains":"time","values":{"avg":0.08153243333333333,"min":0.047558,"med":0.075577,"max":0.184175,"p(90)":0.10856460000000005,"p(95)":0.13693529999999998,"p(99)":0.17089126000000004}},"http_req_connecting":{"type":"trend","contains":"time","values":{"avg":0.1067107,"min":0,"med":0,"max":3.201321,"p(90)":0,"p(95)":0,"p(99)":2.2729379100000027}},"http_req_waiting":{"type":"trend","contains":"time","values":{"min":22.126097,"med":26.586768999999997,"max":49.208558,"p(90)":34.342525300000005,"p(95)":40.26368389999999,"p(99)":47.21057168,"avg":27.52299386666667}},"vus_max":{"type":"gauge","contains":"default","values":{"value":1,"min":1,"max":1}},"http_req_duration":{"values":{"p(99)":47.97926977000001,"avg":28.350772833333327,"min":22.936927,"med":27.3526195,"max":50.016922,"p(90)":35.19450380000001,"p(95)":40.98737709999999},"thresholds":{"p(95)<800":{"ok":true}},"type":"trend","contains":"time"},"checks":{"type":"rate","contains":"default","values":{"rate":1,"passes":30,"fails":0}},"data_received":{"type":"counter","contains":"data","values":{"count":1762577,"rate":56902.085189664875}},"http_reqs":{"values":{"count":30,"rate":0.9685038189480211},"type":"counter","contains":"default"},"vus":{"values":{"value":1,"min":1,"max":1},"type":"gauge","contains":"default"},"http_req_receiving":{"type":"trend","contains":"time","values":{"avg":0.7462465333333334,"min":0.624027,"med":0.7089995,"max":2.103492,"p(90)":0.7449250000000001,"p(95)":0.7733204999999999,"p(99)":1.722258870000001}},"iteration_duration":{"type":"trend","contains":"time","values":{"max":1150.451523,"p(90)":1035.9084131,"p(95)":1041.93493135,"p(99)":1119.58188314,"avg":1032.4940253666668,"min":1023.521509,"med":1027.959358}}},"root_group":{"name":"","path":"","id":"d41d8cd98f00b204e9800998ecf8427e","groups":[],"checks":[{"name":"status es 200","path":"::status es 200","id":"c8f562f01bcdf8f7be8c15f6ad60295d","passes":30,"fails":0}]}}