{"metrics":{"http_reqs":{"values":{"count":27,"rate":0.8762830408939748},"type":"counter","contains":"default"},"vus":{"type":"gauge","contains":"default","values":{"value":1,"min":1,"max":1}},"data_sent":{"type":"counter","contains":"data","values":{"count":7821,"rate":253.82998751228803}},"iterations":{"type":"counter","contains":"default","values":{"count":27,"rate":0.8762830408939748}},"http_req_duration":{"values":{"p(95)":172.01797939999997,"p(99)":279.22437465999974,"avg":138.9684177037037,"min":89.359977,"med":161.549649,"max":316.721343,"p(90)":168.0540144},"thresholds":{"p(95)<800":{"ok":true}},"type":"trend","contains":"time"},"http_req_duration{expected_response:true}":{"type":"trend","contains":"time","values":{"avg":138.9684177037037,"min":89.359977,"med":161.549649,"max":316.721343,"p(90)":168.0540144,"p(95)":172.01797939999997,"p(99)":279.22437465999974}},"http_req_tls_handshaking":{"type":"trend","contains":"time","values":{"min":0,"med":0,"max":9.032315,"p(90)":0,"p(95)":0,"p(99)":6.6839130999999865,"avg":0.3345301851851852}},"http_req_connecting":{"type":"trend","contains":"time","values":{"med":0,"max":1.701558,"p(90)":0,"p(95)":0,"p(99)":1.2591529199999973,"avg":0.06302066666666667,"min":0}},"http_req_waiting":{"type":"trend","contains":"time","values":{"p(90)":167.68342460000002,"p(95)":171.622148,"p(99)":278.64658257999974,"avg":136.39370062962965,"min":84.726144,"med":161.146739,"max":316.083246}},"http_req_receiving":{"type":"trend","contains":"time","values":{"avg":2.4586444444444444,"min":0.196889,"med":0.49318,"max":6.583503,"p(90)":5.2241672,"p(95)":5.3314902,"p(99)":6.259097099999998}},"checks":{"contains":"default","values":{"rate":1,"passes":27,"fails":0},"type":"rate"},"http_req_failed":{"contains":"default","values":{"rate":0,"passes":0,"fails":27},"thresholds":{"rate<0.01":{"ok":true}},"type":"rate"},"vus_max":{"type":"gauge","contains":"default","values":{"value":1,"min":1,"max":1}},"data_received":{"type":"counter","contains":"data","values":{"count":1587520,"rate":51522.846410370475}},"iteration_duration":{"contains":"time","values":{"p(99)":1307.4526028799996,"avg":1141.1491624814814,"min":1090.213546,"med":1162.220988,"max":1354.55002,"p(90)":1168.728029,"p(95)":1172.9077054},"type":"trend"},"http_req_blocked":{"type":"trend","contains":"time","values":{"avg":1.3668796666666667,"min":0.00032,"med":0.00035,"max":36.894354,"p(90)":0.0007390000000000001,"p(95)":0.0008139999999999999,"p(99)":27.302040619999943}},"http_req_sending":{"contains":"time","values":{"max":0.145779,"p(90)":0.1407218,"p(95)":0.1444877,"p(99)":0.14555488,"avg":0.11607262962962965,"min":0.088222,"med":0.114321},"type":"trend"}},"root_group":{"name":"","path":"","id":"d41d8cd98f00b204e9800998ecf8427e","groups":[],"checks":[{"path":"::status es 200","id":"c8f562f01bcdf8f7be8c15f6ad60295d","passes":27,"fails":0,"name":"status es 200"}]},"options":{"summaryTrendStats":["avg","min","med","max","p(90)","p(95)","p(99)"],"summaryTimeUnit":"","noColor":false},"state":{"testRunDurationMs":30811.962277,"isStdOutTTY":false,"isStdErrTTY":false}}