{"options":{"summaryTrendStats":["avg","min","med","max","p(90)","p(95)","p(99)"],"summaryTimeUnit":"","noColor":false},"state":{"isStdOutTTY":false,"isStdErrTTY":false,"testRunDurationMs":30648.131},"metrics":{"data_sent":{"type":"counter","contains":"data","values":{"count":6091,"rate":198.73968823743283}},"http_req_failed":{"type":"rate","contains":"default","values":{"rate":0,"passes":0,"fails":54},"thresholds":{"rate<0.01":{"ok":true}}},"http_req_sending":{"type":"trend","contains":"time","values":{"min":0.054,"med":0.1885,"max":0.72,"p(90)":0.4067,"p(95)":0.48289999999999994,"p(99)":0.6012799999999999,"avg":0.23418518518518527}},"http_req_duration":{"type":"trend","contains":"time","values":{"min":36.42,"med":56.673,"max":70.63,"p(90)":68.1142,"p(95)":69.14255,"p(99)":70.2537,"avg":53.56977777777776},"thresholds":{"p(95)<800":{"ok":true}}},"http_req_tls_handshaking":{"values":{"avg":2.3704444444444444,"min":0,"med":0,"max":74.256,"p(90)":0,"p(95)":0,"p(99)":63.38675999999999},"type":"trend","contains":"time"},"vus":{"type":"gauge","contains":"default","values":{"value":1,"min":1,"max":1}},"iteration_duration":{"type":"trend","contains":"time","values":{"med":1107.788708,"max":1832.831,"p(90)":1112.2777662,"p(95)":1113.9535079,"p(99)":1646.0395140799997,"avg":1135.037908888889,"min":1104.417958}},"http_req_waiting":{"type":"trend","contains":"time","values":{"med":55.1435,"max":70.142,"p(90)":67.7653,"p(95)":68.14335,"p(99)":69.24047,"avg":53.12090740740742,"min":35.901}},"checks":{"values":{"rate":1,"passes":54,"fails":0},"type":"rate","contains":"default"},"http_req_connecting":{"type":"trend","contains":"time","values":{"max":64.848,"p(90)":0,"p(95)":0,"p(99)":50.43835999999998,"avg":1.8982962962962961,"min":0,"med":0}},"http_reqs":{"type":"counter","contains":"default","values":{"rate":1.7619345205748436,"count":54}},"data_received":{"type":"counter","contains":"data","values":{"count":107278,"rate":3500.3113240412604}},"vus_max":{"type":"gauge","contains":"default","values":{"value":1,"min":1,"max":1}},"iterations":{"type":"counter","contains":"default","values":{"rate":0.8809672602874218,"count":27}},"http_req_blocked":{"type":"trend","contains":"time","values":{"med":0.001,"max":565.988,"p(90)":0.002,"p(95)":0.0026999999999999954,"p(99)":344.23758999999984,"avg":13.215592592592568,"min":0}},"http_req_receiving":{"values":{"p(90)":0.23750000000000002,"p(95)":0.6683499999999978,"p(99)":1.8111899999999999,"avg":0.21468518518518523,"min":0.03,"med":0.12,"max":2.064},"type":"trend","contains":"time"},"http_req_duration{expected_response:true}":{"type":"trend","contains":"time","values":{"avg":53.56977777777776,"min":36.42,"med":56.673,"max":70.63,"p(90)":68.1142,"p(95)":69.14255,"p(99)":70.2537}}},"root_group":{"id":"d41d8cd98f00b204e9800998ecf8427e","groups":[],"checks":[{"name":"status 2xx","path":"::status 2xx","id":"5bf9cd1e387741ed8e40bbdbca9b6c92","passes":27,"fails":0},{"id":"142ead3daa5d531bd997126675e457dd","passes":27,"fails":0,"name":"tiene cuerpo","path":"::tiene cuerpo"}],"name":"","path":""}}