{"metrics":{"http_req_receiving":{"type":"trend","contains":"time","values":{"p(90)":4.933260400000001,"p(95)":5.1802645,"p(99)":5.2694971200000005,"avg":1.7161511851851847,"min":0.279795,"med":0.407006,"max":5.295728}},"http_req_blocked":{"type":"trend","contains":"time","values":{"max":37.162314,"p(90)":0.00040040000000000003,"p(95)":0.00042199999999999996,"p(99)":27.50022441999994,"avg":1.3767030370370377,"min":0.0003,"med":0.000321}},"checks":{"values":{"rate":1,"passes":27,"fails":0},"type":"rate","contains":"default"},"http_req_duration{expected_response:true}":{"contains":"time","values":{"p(95)":170.1494986,"p(99)":279.36774235999974,"avg":141.77816144444444,"min":83.045784,"med":164.850219,"max":317.566803,"p(90)":168.600274},"type":"trend"},"vus":{"values":{"value":1,"min":1,"max":1},"type":"gauge","contains":"default"},"vus_max":{"type":"gauge","contains":"default","values":{"value":1,"min":1,"max":1}},"data_sent":{"type":"counter","contains":"data","values":{"count":8035,"rate":260.1156295552886}},"http_req_failed":{"type":"rate","contains":"default","values":{"rate":0,"passes":0,"fails":27},"thresholds":{"rate<0.01":{"ok":true}}},"http_req_tls_handshaking":{"type":"trend","contains":"time","values":{"p(95)":0,"p(99)":7.461576879999984,"avg":0.3734522962962963,"min":0,"med":0,"max":10.083212,"p(90)":0}},"http_req_sending":{"type":"trend","contains":"time","values":{"p(90)":0.12730380000000002,"p(95)":0.13251159999999998,"p(99)":0.14134326,"avg":0.10558033333333332,"min":0.075501,"med":0.106879,"max":0.143969}},"iterations":{"type":"counter","contains":"default","values":{"count":27,"rate":0.8740662100799991}},"http_reqs":{"type":"counter","contains":"default","values":{"count":27,"rate":0.8740662100799991}},"http_req_connecting":{"contains":"time","values":{"max":1.737327,"p(90)":0,"p(95)":0,"p(99)":1.2856219799999973,"avg":0.06434544444444444,"min":0,"med":0},"type":"trend"},"http_req_waiting":{"values":{"p(90)":168.07980940000002,"p(95)":169.7165086,"p(99)":278.88020621999976,"avg":139.9564299259259,"min":82.54382,"med":164.299347,"max":317.063963},"type":"trend","contains":"time"},"http_req_duration":{"type":"trend","contains":"time","values":{"p(99)":279.36774235999974,"avg":141.77816144444444,"min":83.045784,"med":164.850219,"max":317.566803,"p(90)":168.600274,"p(95)":170.1494986},"thresholds":{"p(95)<800":{"ok":true}}},"iteration_duration":{"type":"trend","contains":"time","values":{"p(95)":1171.169834,"p(99)":1280.0379169599996,"avg":1144.0352768888888,"min":1083.730192,"med":1165.570956,"max":1318.047942,"p(90)":1169.5174696}},"data_received":{"values":{"count":1587478,"rate":51391.143668347286},"type":"counter","contains":"data"}},"root_group":{"id":"d41d8cd98f00b204e9800998ecf8427e","groups":[],"checks":[{"passes":27,"fails":0,"name":"status es 200","path":"::status es 200","id":"c8f562f01bcdf8f7be8c15f6ad60295d"}],"name":"","path":""},"options":{"summaryTrendStats":["avg","min","med","max","p(90)","p(95)","p(99)"],"summaryTimeUnit":"","noColor":false},"state":{"isStdOutTTY":false,"isStdErrTTY":false,"testRunDurationMs":30890.108425}}