{"state":{"isStdOutTTY":false,"isStdErrTTY":false,"testRunDurationMs":30679.063954},"metrics":{"http_req_waiting":{"type":"trend","contains":"time","values":{"med":149.22491,"max":289.224704,"p(90)":151.72562200000002,"p(95)":151.9673004,"p(99)":253.56444585999975,"avg":131.66676859259258,"min":86.462091}},"vus":{"type":"gauge","contains":"default","values":{"value":1,"min":1,"max":1}},"http_req_receiving":{"type":"trend","contains":"time","values":{"avg":2.716066444444445,"min":0.344434,"med":0.461532,"max":16.963473,"p(90)":5.2259802,"p(95)":5.6943318,"p(99)":14.075267159999983}},"http_req_duration":{"type":"trend","contains":"time","values":{"avg":134.49444288888893,"min":91.383452,"med":149.807579,"max":289.700754,"p(90)":152.2302984,"p(95)":152.4925445,"p(99)":254.0512905399998},"thresholds":{"p(95)<800":{"ok":true}}},"iteration_duration":{"type":"trend","contains":"time","values":{"max":1290.799748,"p(90)":1153.3574934,"p(95)":1153.796063,"p(99)":1255.2208248799998,"avg":1136.2221055185187,"min":1092.127881,"med":1150.585992}},"iterations":{"values":{"count":27,"rate":0.8800790024260073},"type":"counter","contains":"default"},"http_req_blocked":{"type":"trend","contains":"time","values":{"p(95)":0.000421,"p(99)":17.262762119999962,"avg":0.8643316296296293,"min":0.00029,"med":0.000331,"max":23.327909,"p(90)":0.000421}},"data_sent":{"type":"counter","contains":"data","values":{"count":8065,"rate":262.88285757650925}},"vus_max":{"values":{"max":1,"value":1,"min":1},"type":"gauge","contains":"default"},"http_req_duration{expected_response:true}":{"type":"trend","contains":"time","values":{"p(90)":152.2302984,"p(95)":152.4925445,"p(99)":254.0512905399998,"avg":134.49444288888893,"min":91.383452,"med":149.807579,"max":289.700754}},"http_req_sending":{"type":"trend","contains":"time","values":{"p(99)":0.16446671999999996,"avg":0.11160785185185185,"min":0.087694,"med":0.108914,"max":0.172482,"p(90)":0.1267788,"p(95)":0.1374852}},"http_req_tls_handshaking":{"type":"trend","contains":"time","values":{"p(90)":0,"p(95)":0,"p(99)":9.07357585999998,"avg":0.45413292592592597,"min":0,"med":0,"max":12.261589}},"http_req_failed":{"type":"rate","contains":"default","values":{"rate":0,"passes":0,"fails":27},"thresholds":{"rate<0.01":{"ok":true}}},"checks":{"type":"rate","contains":"default","values":{"rate":1,"passes":27,"fails":0}},"http_reqs":{"values":{"rate":0.8800790024260073,"count":27},"type":"counter","contains":"default"},"http_req_connecting":{"values":{"med":0,"max":2.243764,"p(90)":0,"p(95)":0,"p(99)":1.6603853599999965,"avg":0.08310237037037037,"min":0},"type":"trend","contains":"time"},"data_received":{"values":{"rate":51740.59424955296,"count":1587353},"type":"counter","contains":"data"}},"root_group":{"name":"","path":"","id":"d41d8cd98f00b204e9800998ecf8427e","groups":[],"checks":[{"passes":27,"fails":0,"name":"status es 200","path":"::status es 200","id":"c8f562f01bcdf8f7be8c15f6ad60295d"}]},"options":{"noColor":false,"summaryTrendStats":["avg","min","med","max","p(90)","p(95)","p(99)"],"summaryTimeUnit":""}}