{"root_group":{"name":"","path":"","id":"d41d8cd98f00b204e9800998ecf8427e","groups":[],"checks":[{"fails":0,"name":"status es 200","path":"::status es 200","id":"c8f562f01bcdf8f7be8c15f6ad60295d","passes":26}]},"options":{"summaryTrendStats":["avg","min","med","max","p(90)","p(95)","p(99)"],"summaryTimeUnit":"","noColor":false},"state":{"isStdOutTTY":false,"isStdErrTTY":false,"testRunDurationMs":30078.198365},"metrics":{"http_req_tls_handshaking":{"contains":"time","values":{"p(90)":0,"p(95)":0,"p(99)":19.6806855,"avg":1.009265923076923,"min":0,"med":0,"max":26.240914},"type":"trend"},"vus":{"type":"gauge","contains":"default","values":{"value":1,"min":1,"max":1}},"http_req_duration":{"type":"trend","contains":"time","values":{"min":90.36016,"med":158.6465215,"max":378.547048,"p(90)":200.192697,"p(95)":267.47592375,"p(99)":354.2923245,"avg":153.95392950000002},"thresholds":{"p(95)<800":{"ok":true}}},"http_reqs":{"type":"counter","contains":"default","values":{"count":26,"rate":0.8644134759831384}},"iterations":{"type":"counter","contains":"default","values":{"count":26,"rate":0.8644134759831384}},"http_req_receiving":{"type":"trend","contains":"time","values":{"min":1.64465,"med":2.2555924999999997,"max":61.880799,"p(90)":2.3692005,"p(95)":2.556187,"p(99)":47.064918500000005,"avg":4.466181346153847}},"http_req_failed":{"thresholds":{"rate<0.01":{"ok":true}},"type":"rate","contains":"default","values":{"fails":26,"rate":0,"passes":0}},"data_sent":{"type":"counter","contains":"data","values":{"count":8845,"rate":294.06681519503303}},"http_req_sending":{"type":"trend","contains":"time","values":{"p(90)":0.105532,"p(95)":0.10701474999999999,"p(99)":0.135345,"avg":0.08251842307692309,"min":0.045986,"med":0.08326,"max":0.14477}},"iteration_duration":{"values":{"p(95)":1268.53997125,"p(99)":1395.14961975,"avg":1156.827648,"min":1090.930649,"med":1159.6084935,"max":1432.689338,"p(90)":1201.444858},"type":"trend","contains":"time"},"http_req_waiting":{"type":"trend","contains":"time","values":{"max":376.178998,"p(90)":172.51671499999998,"p(95)":252.60118900000003,"p(99)":351.94797274999996,"avg":149.40522973076924,"min":88.38826,"med":156.604657}},"data_received":{"type":"counter","contains":"data","values":{"count":1528556,"rate":50819.40019980316}},"http_req_blocked":{"values":{"p(99)":39.632853250000004,"avg":2.0328158846153856,"min":0.000291,"med":0.000401,"max":52.843614,"p(90)":0.00047599999999999997,"p(95)":0.000556},"type":"trend","contains":"time"},"checks":{"type":"rate","contains":"default","values":{"rate":1,"passes":26,"fails":0}},"http_req_duration{expected_response:true}":{"contains":"time","values":{"avg":153.95392950000002,"min":90.36016,"med":158.6465215,"max":378.547048,"p(90)":200.192697,"p(95)":267.47592375,"p(99)":354.2923245},"type":"trend"},"http_req_connecting":{"values":{"p(95)":0,"p(99)":6.5265975,"avg":0.3346973076923077,"min":0,"med":0,"max":8.70213,"p(90)":0},"type":"trend","contains":"time"},"vus_max":{"type":"gauge","contains":"default","values":{"value":1,"min":1,"max":1}}}}