{"root_group":{"name":"","path":"","id":"d41d8cd98f00b204e9800998ecf8427e","groups":[],"checks":[{"path":"::status es 200","id":"c8f562f01bcdf8f7be8c15f6ad60295d","passes":29,"fails":0,"name":"status es 200"}]},"options":{"noColor":false,"summaryTrendStats":["avg","min","med","max","p(90)","p(95)","p(99)"],"summaryTimeUnit":""},"state":{"isStdOutTTY":false,"isStdErrTTY":false,"testRunDurationMs":30999.319652},"metrics":{"http_req_connecting":{"type":"trend","contains":"time","values":{"p(95)":0,"p(99)":2.2660336799999965,"avg":0.10852651724137931,"min":0,"med":0,"max":3.147269,"p(90)":0}},"data_sent":{"type":"counter","contains":"data","values":{"count":8089,"rate":260.94121067196124}},"iteration_duration":{"type":"trend","contains":"time","values":{"p(95)":1074.2855784,"p(99)":1201.4195774399998,"avg":1068.8962146551721,"min":1041.222359,"med":1066.578243,"max":1249.663319,"p(90)":1069.4899718}},"checks":{"type":"rate","contains":"default","values":{"rate":1,"passes":29,"fails":0}},"vus":{"type":"gauge","contains":"default","values":{"min":1,"max":1,"value":1}},"http_req_receiving":{"type":"trend","contains":"time","values":{"avg":0.6745483103448278,"min":0.443568,"med":0.68878,"max":0.90038,"p(90)":0.7575828,"p(95)":0.7665874,"p(99)":0.8632259599999998}},"http_req_waiting":{"contains":"time","values":{"avg":63.170545999999995,"min":39.097923,"med":65.170823,"max":128.083953,"p(90)":68.3182642,"p(95)":72.60078179999998,"p(99)":113.31813059999995},"type":"trend"},"http_req_duration{expected_response:true}":{"values":{"med":66.03579,"max":128.845233,"p(90)":68.9666674,"p(95)":73.43434819999999,"p(99)":114.10812067999994,"avg":63.957806999999995,"min":39.94761},"type":"trend","contains":"time"},"http_req_blocked":{"type":"trend","contains":"time","values":{"max":119.784641,"p(90)":0.00043899999999999994,"p(95)":0.0005409999999999998,"p(99)":86.24509859999986,"avg":4.130842827586206,"min":0.0003,"med":0.000321}},"http_req_duration":{"type":"trend","contains":"time","values":{"p(99)":114.10812067999994,"avg":63.957806999999995,"min":39.94761,"med":66.03579,"max":128.845233,"p(90)":68.9666674,"p(95)":73.43434819999999},"thresholds":{"p(95)<800":{"ok":true}}},"http_req_tls_handshaking":{"values":{"max":13.06158,"p(90)":0,"p(95)":0,"p(99)":9.404337599999984,"avg":0.45039931034482755,"min":0,"med":0},"type":"trend","contains":"time"},"iterations":{"type":"counter","contains":"default","values":{"count":29,"rate":0.9355044022112592}},"http_req_failed":{"type":"rate","contains":"default","values":{"rate":0,"passes":0,"fails":29},"thresholds":{"rate<0.01":{"ok":true}}},"http_reqs":{"type":"counter","contains":"default","values":{"count":29,"rate":0.9355044022112592}},"vus_max":{"contains":"default","values":{"min":1,"max":1,"value":1},"type":"gauge"},"data_received":{"type":"counter","contains":"data","values":{"rate":54971.238695880784,"count":1704071}},"http_req_sending":{"type":"trend","contains":"time","values":{"p(99)":0.35132451999999975,"avg":0.11271268965517241,"min":0.062987,"med":0.103223,"max":0.415225,"p(90)":0.1234424,"p(95)":0.1679013999999999}}}}