{"metrics":{"http_req_blocked":{"type":"trend","contains":"time","values":{"avg":1.0781091000000005,"min":0.00029,"med":0.000331,"max":32.332723,"p(90)":0.000541,"p(95)":0.0005794999999999998,"p(99)":22.956410520000027}},"iterations":{"type":"counter","contains":"default","values":{"count":30,"rate":0.972495725290172}},"http_req_sending":{"type":"trend","contains":"time","values":{"p(99)":0.13510366000000001,"avg":0.08987403333333335,"min":0.053471,"med":0.089778,"max":0.137437,"p(90)":0.11614920000000001,"p(95)":0.12611814999999998}},"vus_max":{"type":"gauge","contains":"default","values":{"min":1,"max":1,"value":1}},"data_received":{"type":"counter","contains":"data","values":{"count":1762605,"rate":57137.52759583612}},"http_reqs":{"type":"counter","contains":"default","values":{"count":30,"rate":0.972495725290172}},"http_req_duration{expected_response:true}":{"type":"trend","contains":"time","values":{"med":24.631418500000002,"max":44.960825,"p(90)":31.409639800000004,"p(95)":35.594297049999994,"p(99)":42.623197350000005,"avg":26.2735408,"min":20.754027}},"iteration_duration":{"type":"trend","contains":"time","values":{"p(99)":1066.39853811,"avg":1028.2505984999998,"min":1021.830158,"med":1025.4129665,"max":1078.14645,"p(90)":1032.3076758,"p(95)":1036.35650505}},"vus":{"type":"gauge","contains":"default","values":{"value":1,"min":1,"max":1}},"data_sent":{"type":"counter","contains":"data","values":{"count":8262,"rate":267.82532274491336}},"http_req_duration":{"thresholds":{"p(95)<800":{"ok":true}},"type":"trend","contains":"time","values":{"avg":26.2735408,"min":20.754027,"med":24.631418500000002,"max":44.960825,"p(90)":31.409639800000004,"p(95)":35.594297049999994,"p(99)":42.623197350000005}},"http_req_receiving":{"type":"trend","contains":"time","values":{"min":0.184605,"med":0.388552,"max":0.898781,"p(90)":0.5010019000000001,"p(95)":0.6329655999999997,"p(99)":0.8405820600000002,"avg":0.40720683333333324}},"checks":{"type":"rate","contains":"default","values":{"rate":1,"passes":30,"fails":0}},"http_req_waiting":{"contains":"time","values":{"max":44.446658,"p(90)":30.906205400000005,"p(95)":35.09808329999999,"p(99)":42.122927440000005,"avg":25.776459933333335,"min":20.277996,"med":24.1277945},"type":"trend"},"http_req_failed":{"values":{"passes":0,"fails":30,"rate":0},"thresholds":{"rate<0.01":{"ok":true}},"type":"rate","contains":"default"},"http_req_connecting":{"type":"trend","contains":"time","values":{"avg":0.13904236666666667,"min":0,"med":0,"max":4.171271,"p(90)":0,"p(95)":0,"p(99)":2.9616024100000033}},"http_req_tls_handshaking":{"values":{"p(90)":0,"p(95)":0,"p(99)":9.839016700000013,"avg":0.4619256666666667,"min":0,"med":0,"max":13.85777},"type":"trend","contains":"time"}},"root_group":{"path":"","id":"d41d8cd98f00b204e9800998ecf8427e","groups":[],"checks":[{"name":"status es 200","path":"::status es 200","id":"c8f562f01bcdf8f7be8c15f6ad60295d","passes":30,"fails":0}],"name":""},"options":{"noColor":false,"summaryTrendStats":["avg","min","med","max","p(90)","p(95)","p(99)"],"summaryTimeUnit":""},"state":{"isStdErrTTY":false,"testRunDurationMs":30848.464646,"isStdOutTTY":false}}