{"root_group":{"groups":[],"checks":[{"fails":0,"name":"status es 200","path":"::status es 200","id":"c8f562f01bcdf8f7be8c15f6ad60295d","passes":29}],"name":"","path":"","id":"d41d8cd98f00b204e9800998ecf8427e"},"options":{"summaryTrendStats":["avg","min","med","max","p(90)","p(95)","p(99)"],"summaryTimeUnit":"","noColor":false},"state":{"isStdOutTTY":false,"isStdErrTTY":false,"testRunDurationMs":30107.473904},"metrics":{"http_req_duration{expected_response:true}":{"type":"trend","contains":"time","values":{"min":26.141177,"med":31.477863,"max":95.614726,"p(90)":38.2710444,"p(95)":54.628925799999955,"p(99)":86.65699203999996,"avg":35.06342748275863}},"http_req_connecting":{"type":"trend","contains":"time","values":{"p(90)":0,"p(95)":0,"p(99)":4.769015759999992,"avg":0.22840113793103448,"min":0,"med":0,"max":6.623633}},"http_req_blocked":{"type":"trend","contains":"time","values":{"avg":2.2248174137931045,"min":0.000311,"med":0.000331,"max":64.508361,"p(90)":0.000677,"p(95)":0.0007429999999999998,"p(99)":46.446235799999926}},"http_req_waiting":{"type":"trend","contains":"time","values":{"max":94.027481,"p(90)":36.8118706,"p(95)":53.63224099999995,"p(99)":85.35802691999996,"avg":33.52832872413793,"min":24.691338,"med":29.800388}},"vus":{"type":"gauge","contains":"default","values":{"value":1,"min":1,"max":1}},"http_req_sending":{"contains":"time","values":{"avg":0.10938368965517245,"min":0.073869,"med":0.103123,"max":0.167629,"p(90)":0.13908099999999998,"p(95)":0.14552199999999998,"p(99)":0.16262343999999998},"type":"trend"},"iteration_duration":{"values":{"max":1128.882241,"p(90)":1038.8709484,"p(95)":1074.9317151999999,"p(99)":1119.83494008,"avg":1038.1447516551723,"min":1026.718321,"med":1032.408791},"type":"trend","contains":"time"},"http_req_receiving":{"type":"trend","contains":"time","values":{"avg":1.4257150689655176,"min":0.390045,"med":1.477357,"max":1.944512,"p(90)":1.6428786,"p(95)":1.6878487999999998,"p(99)":1.8761197599999997}},"data_sent":{"type":"counter","contains":"data","values":{"rate":313.078408040991,"count":9426}},"data_received":{"type":"counter","contains":"data","values":{"count":1703937,"rate":56595.1499429389}},"http_req_failed":{"type":"rate","contains":"default","values":{"rate":0,"passes":0,"fails":29},"thresholds":{"rate<0.01":{"ok":true}}},"vus_max":{"contains":"default","values":{"value":1,"min":1,"max":1},"type":"gauge"},"http_req_tls_handshaking":{"type":"trend","contains":"time","values":{"avg":0.6895499999999999,"min":0,"med":0,"max":19.99695,"p(90)":0,"p(95)":0,"p(99)":14.397803999999976}},"http_reqs":{"type":"counter","contains":"default","values":{"count":29,"rate":0.9632159806056375}},"http_req_duration":{"type":"trend","contains":"time","values":{"p(99)":86.65699203999996,"avg":35.06342748275863,"min":26.141177,"med":31.477863,"max":95.614726,"p(90)":38.2710444,"p(95)":54.628925799999955},"thresholds":{"p(95)<800":{"ok":true}}},"iterations":{"type":"counter","contains":"default","values":{"count":29,"rate":0.9632159806056375}},"checks":{"values":{"rate":1,"passes":29,"fails":0},"type":"rate","contains":"default"}}}