{"root_group":{"name":"","path":"","id":"d41d8cd98f00b204e9800998ecf8427e","groups":[],"checks":[{"id":"5bf9cd1e387741ed8e40bbdbca9b6c92","passes":28,"fails":0,"name":"status 2xx","path":"::status 2xx"},{"name":"tiene cuerpo","path":"::tiene cuerpo","id":"142ead3daa5d531bd997126675e457dd","passes":28,"fails":0}]},"options":{"summaryTrendStats":["avg","min","med","max","p(90)","p(95)","p(99)"],"summaryTimeUnit":"","noColor":false},"state":{"isStdOutTTY":false,"isStdErrTTY":false,"testRunDurationMs":30420.317963},"metrics":{"http_req_duration{expected_response:true}":{"type":"trend","contains":"time","values":{"p(95)":71.44041375,"p(99)":71.69537535,"avg":37.24802576785714,"min":2.535842,"med":38.788884499999995,"max":71.914805,"p(90)":71.41104200000001}},"data_received":{"type":"counter","contains":"data","values":{"count":110834,"rate":3643.420168546777}},"http_req_sending":{"type":"trend","contains":"time","values":{"avg":0.09467423214285718,"min":0.04277,"med":0.09872449999999999,"max":0.205825,"p(90)":0.13649499999999998,"p(95)":0.14296399999999998,"p(99)":0.19944335000000005}},"http_req_blocked":{"type":"trend","contains":"time","values":{"med":0.0003805,"max":158.576271,"p(90)":0.0005660000000000001,"p(95)":0.0010465000000000001,"p(99)":152.53142725000004,"avg":5.467565053571421,"min":0.00027}},"vus_max":{"type":"gauge","contains":"default","values":{"value":1,"min":1,"max":1}},"http_req_waiting":{"type":"trend","contains":"time","values":{"avg":37.074210928571425,"min":2.378238,"med":38.637315,"max":71.717887,"p(90)":71.226708,"p(95)":71.25646825,"p(99)":71.50264835}},"checks":{"contains":"default","values":{"rate":1,"passes":56,"fails":0},"type":"rate"},"http_reqs":{"type":"counter","contains":"default","values":{"count":56,"rate":1.8408749069655477}},"http_req_connecting":{"type":"trend","contains":"time","values":{"min":0,"med":0,"max":70.81432,"p(90)":0,"p(95)":0,"p(99)":32.8028718000002,"avg":1.2949449285714285}},"http_req_tls_handshaking":{"values":{"p(90)":0,"p(95)":0,"p(99)":35.91598190000019,"avg":1.4012635714285715,"min":0,"med":0,"max":72.429361},"type":"trend","contains":"time"},"iteration_duration":{"contains":"time","values":{"max":1381.484445,"p(90)":1076.4535118000001,"p(95)":1078.0697099,"p(99)":1299.7201252200002,"avg":1086.4059688571426,"min":1074.617107,"med":1075.3394560000002},"type":"trend"},"http_req_receiving":{"contains":"time","values":{"p(95)":0.13713425,"p(99)":0.24324800000000057,"avg":0.07914060714285712,"min":0.038141,"med":0.062351500000000004,"max":0.358209,"p(90)":0.12812400000000002},"type":"trend"},"data_sent":{"type":"counter","contains":"data","values":{"count":6123,"rate":201.27994741696514}},"http_req_failed":{"contains":"default","values":{"rate":0,"passes":0,"fails":56},"thresholds":{"rate<0.01":{"ok":true}},"type":"rate"},"http_req_duration":{"type":"trend","contains":"time","values":{"p(99)":71.69537535,"avg":37.24802576785714,"min":2.535842,"med":38.788884499999995,"max":71.914805,"p(90)":71.41104200000001,"p(95)":71.44041375},"thresholds":{"p(95)<800":{"ok":true}}},"vus":{"values":{"value":1,"min":1,"max":1},"type":"gauge","contains":"default"},"iterations":{"type":"counter","contains":"default","values":{"rate":0.9204374534827738,"count":28}}}}