{"root_group":{"name":"","path":"","id":"d41d8cd98f00b204e9800998ecf8427e","groups":[],"checks":[{"name":"status es 200","path":"::status es 200","id":"c8f562f01bcdf8f7be8c15f6ad60295d","passes":26,"fails":0}]},"options":{"summaryTrendStats":["avg","min","med","max","p(90)","p(95)","p(99)"],"summaryTimeUnit":"","noColor":false},"state":{"testRunDurationMs":30119.102691,"isStdOutTTY":false,"isStdErrTTY":false},"metrics":{"http_req_sending":{"type":"trend","contains":"time","values":{"p(99)":0.1715665,"avg":0.09792146153846153,"min":0.071654,"med":0.0961945,"max":0.18829,"p(90)":0.11629149999999999,"p(95)":0.12123300000000001}},"iteration_duration":{"type":"trend","contains":"time","values":{"p(95)":1175.02488925,"p(99)":1329.18130125,"avg":1158.394763153846,"min":1088.104369,"med":1166.3421385,"max":1380.026909,"p(90)":1170.120171}},"data_sent":{"type":"counter","contains":"data","values":{"count":7067,"rate":234.63514409782587}},"http_req_duration":{"contains":"time","values":{"max":340.109864,"p(90)":169.2117285,"p(95)":174.52503125,"p(99)":299.12326900000005,"avg":156.08505203846155,"min":87.704712,"med":165.4440525},"thresholds":{"p(95)<800":{"ok":true}},"type":"trend"},"http_req_waiting":{"contains":"time","values":{"med":164.84627899999998,"max":339.454956,"p(90)":168.89058599999998,"p(95)":174.14637275,"p(99)":298.5321675,"avg":154.9230145,"min":84.689696},"type":"trend"},"http_req_receiving":{"values":{"avg":1.064116076923077,"min":0.239535,"med":0.3338995,"max":5.299018,"p(90)":4.1740829999999995,"p(95)":4.7738455,"p(99)":5.21463225},"type":"trend","contains":"time"},"vus_max":{"type":"gauge","contains":"default","values":{"max":1,"value":1,"min":1}},"http_req_failed":{"type":"rate","contains":"default","values":{"rate":0,"passes":0,"fails":26},"thresholds":{"rate<0.01":{"ok":true}}},"http_req_tls_handshaking":{"type":"trend","contains":"time","values":{"avg":0.41265634615384617,"min":0,"med":0,"max":10.729065,"p(90)":0,"p(95)":0,"p(99)":8.04679875}},"http_req_connecting":{"contains":"time","values":{"min":0,"med":0,"max":1.505005,"p(90)":0,"p(95)":0,"p(99)":1.12875375,"avg":0.05788480769230769},"type":"trend"},"data_received":{"type":"counter","contains":"data","values":{"count":1528623,"rate":50752.60759533761}},"iterations":{"contains":"default","values":{"count":26,"rate":0.8632395283067034},"type":"counter"},"http_req_blocked":{"type":"trend","contains":"time","values":{"min":0.000291,"med":0.0003155,"max":38.8577,"p(90)":0.000536,"p(95)":0.0007967499999999999,"p(99)":29.1434855,"avg":1.494871923076923}},"checks":{"type":"rate","contains":"default","values":{"fails":0,"rate":1,"passes":26}},"http_req_duration{expected_response:true}":{"type":"trend","contains":"time","values":{"avg":156.08505203846155,"min":87.704712,"med":165.4440525,"max":340.109864,"p(90)":169.2117285,"p(95)":174.52503125,"p(99)":299.12326900000005}},"http_reqs":{"type":"counter","contains":"default","values":{"count":26,"rate":0.8632395283067034}},"vus":{"type":"gauge","contains":"default","values":{"value":1,"min":1,"max":1}}}}