{"root_group":{"name":"","path":"","id":"d41d8cd98f00b204e9800998ecf8427e","groups":[],"checks":[{"name":"status es 200","path":"::status es 200","id":"c8f562f01bcdf8f7be8c15f6ad60295d","passes":26,"fails":0}]},"options":{"summaryTrendStats":["avg","min","med","max","p(90)","p(95)","p(99)"],"summaryTimeUnit":"","noColor":false},"state":{"isStdOutTTY":false,"isStdErrTTY":false,"testRunDurationMs":30427.550988},"metrics":{"http_req_blocked":{"type":"trend","contains":"time","values":{"med":0.000331,"max":195.493547,"p(90)":0.000491,"p(95)":0.0007260000000000001,"p(99)":146.620358,"avg":7.519345192307692,"min":0.0003}},"data_received":{"type":"counter","contains":"data","values":{"count":1528740,"rate":50241.966584918504}},"iterations":{"type":"counter","contains":"default","values":{"count":26,"rate":0.8544887496944419}},"http_req_failed":{"contains":"default","values":{"rate":0,"passes":0,"fails":26},"thresholds":{"rate<0.01":{"ok":true}},"type":"rate"},"iteration_duration":{"type":"trend","contains":"time","values":{"avg":1170.2696849230767,"min":1101.759874,"med":1155.594082,"max":1523.60976,"p(90)":1177.5576925,"p(95)":1272.91148325,"p(99)":1468.8352917500001}},"vus":{"type":"gauge","contains":"default","values":{"value":1,"min":1,"max":1}},"http_req_receiving":{"type":"trend","contains":"time","values":{"p(99)":6.1097035,"avg":2.3476934615384617,"min":1.533247,"med":2.2497875,"max":6.755374,"p(90)":2.6405545000000004,"p(95)":3.8062044999999998}},"http_req_tls_handshaking":{"type":"trend","contains":"time","values":{"p(90)":0,"p(95)":0,"p(99)":19.41155775,"avg":0.9954645,"min":0,"med":0,"max":25.882077}},"http_req_sending":{"type":"trend","contains":"time","values":{"max":0.106749,"p(90)":0.09097,"p(95)":0.09994725,"p(99)":0.1055245,"avg":0.06626192307692308,"min":0.043642,"med":0.06500600000000001}},"checks":{"type":"rate","contains":"default","values":{"rate":1,"passes":26,"fails":0}},"http_req_duration{expected_response:true}":{"type":"trend","contains":"time","values":{"max":326.914035,"p(90)":176.934554,"p(95)":272.64459525,"p(99)":321.23811475,"avg":161.9898475,"min":101.074368,"med":154.67028399999998}},"http_req_duration":{"values":{"min":101.074368,"med":154.67028399999998,"max":326.914035,"p(90)":176.934554,"p(95)":272.64459525,"p(99)":321.23811475,"avg":161.9898475},"thresholds":{"p(95)<800":{"ok":true}},"type":"trend","contains":"time"},"http_req_connecting":{"type":"trend","contains":"time","values":{"p(90)":0,"p(95)":0,"p(99)":6.53805075,"avg":0.33528465384615386,"min":0,"med":0,"max":8.717401}},"data_sent":{"contains":"data","values":{"count":8649,"rate":284.2489690810472},"type":"counter"},"http_reqs":{"values":{"count":26,"rate":0.8544887496944419},"type":"counter","contains":"default"},"http_req_waiting":{"type":"trend","contains":"time","values":{"max":324.548852,"p(90)":174.678265,"p(95)":270.35419375000004,"p(99)":318.88219375,"avg":159.57589211538465,"min":98.420612,"med":152.452948}},"vus_max":{"type":"gauge","contains":"default","values":{"value":1,"min":1,"max":1}}}}