{"root_group":{"groups":[],"checks":[{"path":"::status es 200","id":"c8f562f01bcdf8f7be8c15f6ad60295d","passes":29,"fails":0,"name":"status es 200"}],"name":"","path":"","id":"d41d8cd98f00b204e9800998ecf8427e"},"options":{"summaryTrendStats":["avg","min","med","max","p(90)","p(95)","p(99)"],"summaryTimeUnit":"","noColor":false},"state":{"testRunDurationMs":30861.428307,"isStdOutTTY":false,"isStdErrTTY":false},"metrics":{"http_req_connecting":{"type":"trend","contains":"time","values":{"max":2.831284,"p(90)":0,"p(95)":0,"p(99)":2.038524479999997,"avg":0.0976304827586207,"min":0,"med":0}},"checks":{"type":"rate","contains":"default","values":{"rate":1,"passes":29,"fails":0}},"http_req_duration{expected_response:true}":{"type":"trend","contains":"time","values":{"med":63.211106,"max":118.829771,"p(90)":77.8872708,"p(95)":80.41118,"p(99)":108.23473815999995,"avg":61.7554401724138,"min":39.300072}},"http_req_receiving":{"contains":"time","values":{"avg":0.6231720689655172,"min":0.439989,"med":0.635143,"max":0.913378,"p(90)":0.7152177999999999,"p(95)":0.7387915999999999,"p(99)":0.8664079999999998},"type":"trend"},"iterations":{"type":"counter","contains":"default","values":{"count":29,"rate":0.9396843111575043}},"data_sent":{"contains":"data","values":{"count":8329,"rate":269.88381474589147},"type":"counter"},"http_req_duration":{"type":"trend","contains":"time","values":{"avg":61.7554401724138,"min":39.300072,"med":63.211106,"max":118.829771,"p(90)":77.8872708,"p(95)":80.41118,"p(99)":108.23473815999995},"thresholds":{"p(95)<800":{"ok":true}}},"http_req_tls_handshaking":{"type":"trend","contains":"time","values":{"avg":0.3811554482758621,"min":0,"med":0,"max":11.053508,"p(90)":0,"p(95)":0,"p(99)":7.958525759999988}},"http_req_waiting":{"type":"trend","contains":"time","values":{"max":117.982476,"p(90)":77.272814,"p(95)":79.7080784,"p(99)":107.42618255999996,"avg":61.03769372413795,"min":38.572177,"med":62.482017}},"http_req_blocked":{"type":"trend","contains":"time","values":{"p(90)":0.0008919999999999999,"p(95)":0.013819999999999954,"p(99)":32.28232367999995,"avg":1.5469431034482766,"min":0.00029,"med":0.00033,"max":44.827876}},"vus_max":{"values":{"value":1,"min":1,"max":1},"type":"gauge","contains":"default"},"iteration_duration":{"type":"trend","contains":"time","values":{"p(95)":1081.400338,"p(99)":1141.78483328,"avg":1064.156190137931,"min":1040.251944,"med":1064.219891,"max":1164.971864,"p(90)":1078.4241465999999}},"http_req_sending":{"type":"trend","contains":"time","values":{"p(99)":0.16003231999999995,"avg":0.09457437931034479,"min":0.059922,"med":0.096289,"max":0.173012,"p(90)":0.10858239999999998,"p(95)":0.12316159999999997}},"http_req_failed":{"type":"rate","contains":"default","values":{"rate":0,"passes":0,"fails":29},"thresholds":{"rate<0.01":{"ok":true}}},"data_received":{"values":{"count":1704651,"rate":55235.648299963825},"type":"counter","contains":"data"},"vus":{"contains":"default","values":{"value":1,"min":1,"max":1},"type":"gauge"},"http_reqs":{"type":"counter","contains":"default","values":{"count":29,"rate":0.9396843111575043}}}}