{"root_group":{"path":"","id":"d41d8cd98f00b204e9800998ecf8427e","groups":[],"checks":[{"name":"status es 200","path":"::status es 200","id":"c8f562f01bcdf8f7be8c15f6ad60295d","passes":29,"fails":0}],"name":""},"options":{"noColor":false,"summaryTrendStats":["avg","min","med","max","p(90)","p(95)","p(99)"],"summaryTimeUnit":""},"state":{"isStdOutTTY":false,"isStdErrTTY":false,"testRunDurationMs":30018.10074},"metrics":{"http_req_failed":{"thresholds":{"rate<0.01":{"ok":true}},"type":"rate","contains":"default","values":{"rate":0,"passes":0,"fails":58}},"http_req_duration{expected_response:true}":{"type":"trend","contains":"time","values":{"min":2.610173,"med":9.041934000000001,"max":232.436569,"p(90)":13.968384,"p(95)":14.05161955,"p(99)":108.42593373999992,"avg":12.25393662068966}},"http_req_tls_handshaking":{"type":"trend","contains":"time","values":{"p(95)":0,"p(99)":8.541656609999997,"avg":0.31995791379310345,"min":0,"med":0,"max":14.543943,"p(90)":0}},"http_req_waiting":{"type":"trend","contains":"time","values":{"min":2.432271,"med":8.859274,"max":232.261374,"p(90)":13.8352091,"p(95)":13.9160008,"p(99)":108.24350201999994,"avg":12.085003068965518}},"iteration_duration":{"type":"trend","contains":"time","values":{"p(99)":1280.13829412,"avg":1035.0629392758622,"min":1016.872426,"med":1017.840395,"max":1297.248603,"p(90)":1018.9805700000001,"p(95)":1149.2904053999996}},"http_req_blocked":{"type":"trend","contains":"time","values":{"avg":4.817751172413794,"min":0.00028,"med":0.0003805,"max":163.032608,"p(90)":0.000497,"p(95)":0.0006534999999999998,"p(99)":136.43823827}},"data_sent":{"values":{"count":6160,"rate":205.20951852865292},"type":"counter","contains":"data"},"checks":{"type":"rate","contains":"default","values":{"fails":0,"rate":1,"passes":29}},"http_req_sending":{"type":"trend","contains":"time","values":{"min":0.036378,"med":0.0959295,"max":0.226543,"p(90)":0.15658629999999998,"p(95)":0.1595859,"p(99)":0.19861185999999997,"avg":0.09863453448275865}},"vus":{"contains":"default","values":{"min":1,"max":1,"value":1},"type":"gauge"},"vus_max":{"type":"gauge","contains":"default","values":{"value":1,"min":1,"max":1}},"http_req_duration":{"type":"trend","contains":"time","values":{"avg":12.25393662068966,"min":2.610173,"med":9.041934000000001,"max":232.436569,"p(90)":13.968384,"p(95)":14.05161955,"p(99)":108.42593373999992},"thresholds":{"p(95)<800":{"ok":true}}},"http_req_receiving":{"values":{"med":0.064641,"max":0.139423,"p(90)":0.10932770000000004,"p(95)":0.11814174999999999,"p(99)":0.13576474,"avg":0.07029901724137931,"min":0.03766},"type":"trend","contains":"time"},"iterations":{"contains":"default","values":{"count":29,"rate":0.9660837722939829},"type":"counter"},"data_received":{"values":{"count":114927,"rate":3828.589989601054},"type":"counter","contains":"data"},"http_req_connecting":{"type":"trend","contains":"time","values":{"p(99)":6.5793886899999965,"avg":0.25354422413793104,"min":0,"med":0,"max":12.877024,"p(90)":0,"p(95)":0}},"http_reqs":{"type":"counter","contains":"default","values":{"count":58,"rate":1.9321675445879658}}}}