{"options":{"summaryTrendStats":["avg","min","med","max","p(90)","p(95)","p(99)"],"summaryTimeUnit":"","noColor":false},"state":{"isStdOutTTY":false,"isStdErrTTY":false,"testRunDurationMs":30802.013225},"metrics":{"http_reqs":{"values":{"rate":0.9414969011331564,"count":29},"type":"counter","contains":"default"},"http_req_sending":{"contains":"time","values":{"max":0.166109,"p(90)":0.12057839999999999,"p(95)":0.13732639999999996,"p(99)":0.15943016,"avg":0.10094286206896554,"min":0.076763,"med":0.09675},"type":"trend"},"checks":{"type":"rate","contains":"default","values":{"rate":1,"passes":29,"fails":0}},"iteration_duration":{"values":{"avg":1062.1028543448274,"min":1041.761574,"med":1055.050369,"max":1198.62453,"p(90)":1086.4162792,"p(95)":1089.848856,"p(99)":1168.71000816},"type":"trend","contains":"time"},"data_sent":{"contains":"data","values":{"count":9143,"rate":296.8312471400155},"type":"counter"},"http_req_duration{expected_response:true}":{"type":"trend","contains":"time","values":{"med":53.723497,"max":91.495362,"p(90)":76.88538959999998,"p(95)":85.7777986,"p(99)":89.99553444,"avg":56.98514379310344,"min":41.530582}},"http_req_failed":{"values":{"passes":0,"fails":29,"rate":0},"thresholds":{"rate<0.01":{"ok":true}},"type":"rate","contains":"default"},"vus_max":{"type":"gauge","contains":"default","values":{"value":1,"min":1,"max":1}},"http_req_waiting":{"values":{"avg":55.885029655172424,"min":40.87613,"med":53.010308,"max":90.829933,"p(90)":75.146841,"p(95)":84.2296372,"p(99)":89.32706407999999},"type":"trend","contains":"time"},"iterations":{"type":"counter","contains":"default","values":{"count":29,"rate":0.9414969011331564}},"vus":{"type":"gauge","contains":"default","values":{"value":1,"min":1,"max":1}},"data_received":{"type":"counter","contains":"data","values":{"count":1704769,"rate":55346.02519475413}},"http_req_blocked":{"values":{"med":0.00033,"max":123.995586,"p(90)":0.000589,"p(95)":0.0007289999999999996,"p(99)":89.27704619999986,"avg":4.2760735862068975,"min":0.00029},"type":"trend","contains":"time"},"http_req_duration":{"type":"trend","contains":"time","values":{"max":91.495362,"p(90)":76.88538959999998,"p(95)":85.7777986,"p(99)":89.99553444,"avg":56.98514379310344,"min":41.530582,"med":53.723497},"thresholds":{"p(95)<800":{"ok":true}}},"http_req_tls_handshaking":{"type":"trend","contains":"time","values":{"avg":0.5496217241379311,"min":0,"med":0,"max":15.93903,"p(90)":0,"p(95)":0,"p(99)":11.476101599999982}},"http_req_connecting":{"type":"trend","contains":"time","values":{"avg":0.09663844827586207,"min":0,"med":0,"max":2.802515,"p(90)":0,"p(95)":0,"p(99)":2.017810799999997}},"http_req_receiving":{"type":"trend","contains":"time","values":{"p(95)":2.238888599999997,"p(99)":4.642403479999997,"avg":0.999171275862069,"min":0.444495,"med":0.612501,"max":5.36986,"p(90)":1.3858135999999999}}},"root_group":{"id":"d41d8cd98f00b204e9800998ecf8427e","groups":[],"checks":[{"path":"::status es 200","id":"c8f562f01bcdf8f7be8c15f6ad60295d","passes":29,"fails":0,"name":"status es 200"}],"name":"","path":""}}