{"root_group":{"groups":[],"checks":[{"path":"::status es 200","id":"c8f562f01bcdf8f7be8c15f6ad60295d","passes":30,"fails":0,"name":"status es 200"}],"name":"","path":"","id":"d41d8cd98f00b204e9800998ecf8427e"},"options":{"noColor":false,"summaryTrendStats":["avg","min","med","max","p(90)","p(95)","p(99)"],"summaryTimeUnit":""},"state":{"isStdErrTTY":false,"testRunDurationMs":30854.364809,"isStdOutTTY":false},"metrics":{"http_req_duration{expected_response:true}":{"contains":"time","values":{"avg":25.836499633333332,"min":19.786236,"med":24.022479500000003,"max":43.584014,"p(90)":34.760068700000005,"p(95)":38.820965449999996,"p(99)":42.54104582000001},"type":"trend"},"http_req_blocked":{"type":"trend","contains":"time","values":{"max":52.994212,"p(90)":0.000611,"p(95)":0.0011345999999999973,"p(99)":37.62634379000004,"avg":1.7668599333333335,"min":0.00029,"med":0.00032050000000000004}},"http_req_waiting":{"type":"trend","contains":"time","values":{"max":39.263503,"p(90)":30.9495749,"p(95)":34.87015534999998,"p(99)":38.60521431,"avg":24.750809633333333,"min":19.211659,"med":23.3216745}},"http_reqs":{"type":"counter","contains":"default","values":{"count":30,"rate":0.9723097586260863}},"data_received":{"type":"counter","contains":"data","values":{"count":1762615,"rate":57126.92550669063}},"vus":{"type":"gauge","contains":"default","values":{"value":1,"min":1,"max":1}},"iterations":{"type":"counter","contains":"default","values":{"count":30,"rate":0.9723097586260863}},"http_req_failed":{"type":"rate","contains":"default","values":{"rate":0,"passes":0,"fails":30},"thresholds":{"rate<0.01":{"ok":true}}},"http_req_receiving":{"type":"trend","contains":"time","values":{"max":12.676121,"p(90)":0.6180279,"p(95)":1.426892299999996,"p(99)":9.604626020000008,"avg":0.9822438333333334,"min":0.316412,"med":0.5463495}},"http_req_duration":{"values":{"min":19.786236,"med":24.022479500000003,"max":43.584014,"p(90)":34.760068700000005,"p(95)":38.820965449999996,"p(99)":42.54104582000001,"avg":25.836499633333332},"thresholds":{"p(95)<800":{"ok":true}},"type":"trend","contains":"time"},"http_req_connecting":{"type":"trend","contains":"time","values":{"p(95)":0,"p(99)":1.6746947500000022,"avg":0.07862416666666668,"min":0,"med":0,"max":2.358725,"p(90)":0}},"http_req_sending":{"type":"trend","contains":"time","values":{"med":0.10094349999999999,"max":0.179339,"p(90)":0.1244809,"p(95)":0.13477154999999996,"p(99)":0.16787617000000002,"avg":0.10344616666666667,"min":0.048461}},"http_req_tls_handshaking":{"type":"trend","contains":"time","values":{"min":0,"med":0,"max":12.64934,"p(90)":0,"p(95)":0,"p(99)":8.981031400000012,"avg":0.42164466666666667}},"checks":{"contains":"default","values":{"rate":1,"passes":30,"fails":0},"type":"rate"},"iteration_duration":{"values":{"min":1020.65672,"med":1024.6385025,"max":1094.319888,"p(90)":1035.9303359,"p(95)":1041.81460395,"p(99)":1079.8883889,"avg":1028.4479769},"type":"trend","contains":"time"},"data_sent":{"type":"counter","contains":"data","values":{"rate":269.4918547658636,"count":8315}},"vus_max":{"values":{"value":1,"min":1,"max":1},"type":"gauge","contains":"default"}}}