{"root_group":{"name":"","path":"","id":"d41d8cd98f00b204e9800998ecf8427e","groups":[],"checks":[{"name":"status es 200","path":"::status es 200","id":"c8f562f01bcdf8f7be8c15f6ad60295d","passes":27,"fails":0}]},"options":{"summaryTrendStats":["avg","min","med","max","p(90)","p(95)","p(99)"],"summaryTimeUnit":"","noColor":false},"state":{"isStdErrTTY":false,"testRunDurationMs":30715.68575,"isStdOutTTY":false},"metrics":{"http_req_duration":{"type":"trend","contains":"time","values":{"p(95)":218.8555624,"p(99)":345.7999606999997,"avg":135.2619124814815,"min":87.523383,"med":96.746146,"max":389.018397,"p(90)":207.6856246},"thresholds":{"p(95)<800":{"ok":true}}},"http_req_failed":{"contains":"default","values":{"rate":0,"passes":0,"fails":27},"thresholds":{"rate<0.01":{"ok":true}},"type":"rate"},"vus_max":{"type":"gauge","contains":"default","values":{"value":1,"min":1,"max":1}},"data_sent":{"type":"counter","contains":"data","values":{"rate":312.44622301815286,"count":9597}},"iteration_duration":{"type":"trend","contains":"time","values":{"max":1389.995574,"p(90)":1208.3512242,"p(95)":1219.9521142,"p(99)":1346.8748631199999,"avg":1137.5792445925924,"min":1088.273804,"med":1097.697311}},"iterations":{"type":"counter","contains":"default","values":{"count":27,"rate":0.8790296990194986}},"http_req_blocked":{"type":"trend","contains":"time","values":{"p(99)":29.984743939999934,"avg":1.5011644814814813,"min":0.00029,"med":0.00038,"max":40.519354,"p(90)":0.0010100000000000007,"p(95)":0.0014966999999999997}},"http_reqs":{"type":"counter","contains":"default","values":{"count":27,"rate":0.8790296990194986}},"http_req_sending":{"type":"trend","contains":"time","values":{"p(95)":0.13988,"p(99)":0.14466926,"avg":0.11085255555555555,"min":0.079549,"med":0.107331,"max":0.145982,"p(90)":0.13525520000000002}},"http_req_connecting":{"contains":"time","values":{"med":0,"max":5.282548,"p(90)":0,"p(95)":0,"p(99)":3.909085519999992,"avg":0.19564992592592592,"min":0},"type":"trend"},"http_req_tls_handshaking":{"type":"trend","contains":"time","values":{"p(99)":9.78860307999998,"avg":0.4899200740740741,"min":0,"med":0,"max":13.227842,"p(90)":0,"p(95)":0}},"checks":{"type":"rate","contains":"default","values":{"rate":1,"passes":27,"fails":0}},"http_req_duration{expected_response:true}":{"type":"trend","contains":"time","values":{"max":389.018397,"p(90)":207.6856246,"p(95)":218.8555624,"p(99)":345.7999606999997,"avg":135.2619124814815,"min":87.523383,"med":96.746146}},"http_req_waiting":{"type":"trend","contains":"time","values":{"max":388.571466,"p(90)":206.5417308,"p(95)":217.7918314,"p(99)":345.1963175599997,"avg":133.37823200000005,"min":84.313176,"med":94.47454}},"http_req_receiving":{"values":{"avg":1.7728279259259259,"min":0.32885,"med":1.325065,"max":5.379,"p(90)":2.8537968000000005,"p(95)":3.2411461,"p(99)":4.857107719999997},"type":"trend","contains":"time"},"vus":{"contains":"default","values":{"value":1,"min":1,"max":1},"type":"gauge"},"data_received":{"type":"counter","contains":"data","values":{"count":1587842,"rate":51694.825012982175}}}}