{"metrics":{"data_sent":{"contains":"data","values":{"count":7057,"rate":233.14653708328262},"type":"counter"},"http_req_receiving":{"type":"trend","contains":"time","values":{"max":1.150698,"p(90)":0.7508265000000001,"p(95)":0.82021975,"p(99)":1.07269675,"avg":0.5098849999999999,"min":0.308872,"med":0.4610455}},"http_req_tls_handshaking":{"type":"trend","contains":"time","values":{"med":0,"max":9.813194,"p(90)":0,"p(95)":0,"p(99)":7.3598954999999995,"avg":0.37743053846153846,"min":0}},"data_received":{"type":"counter","contains":"data","values":{"count":1528700,"rate":50504.621119344505}},"checks":{"type":"rate","contains":"default","values":{"rate":1,"passes":26,"fails":0}},"vus_max":{"type":"gauge","contains":"default","values":{"value":1,"min":1,"max":1}},"http_req_failed":{"thresholds":{"rate<0.01":{"ok":true}},"type":"rate","contains":"default","values":{"rate":0,"passes":0,"fails":26}},"http_req_blocked":{"contains":"time","values":{"avg":1.5167475769230774,"min":0.000301,"med":0.000321,"max":39.426608,"p(90)":0.000496,"p(95)":0.0006767499999999999,"p(99)":29.570134000000003},"type":"trend"},"http_req_connecting":{"type":"trend","contains":"time","values":{"p(90)":0,"p(95)":0,"p(99)":2.8081575,"avg":0.1440080769230769,"min":0,"med":0,"max":3.74421}},"http_reqs":{"contains":"default","values":{"count":26,"rate":0.8589783143212907},"type":"counter"},"http_req_sending":{"type":"trend","contains":"time","values":{"min":0.075021,"med":0.09746250000000001,"max":0.155492,"p(90)":0.126813,"p(95)":0.14434124999999998,"p(99)":0.15400675,"avg":0.10117449999999997}},"http_req_duration{expected_response:true}":{"contains":"time","values":{"med":153.974101,"max":302.702259,"p(90)":164.00571150000002,"p(95)":186.52494825000002,"p(99)":275.122923,"avg":161.70423642307696,"min":149.603645},"type":"trend"},"http_req_waiting":{"type":"trend","contains":"time","values":{"p(95)":186.06058099999998,"p(99)":274.33963574999996,"avg":161.09317692307695,"min":148.377926,"med":153.4021435,"max":301.809914,"p(90)":163.498489}},"iteration_duration":{"type":"trend","contains":"time","values":{"min":1150.571094,"med":1154.9391635000002,"max":1342.849229,"p(90)":1165.0695329999999,"p(95)":1187.62539325,"p(99)":1305.516737,"avg":1164.1461543461542}},"vus":{"type":"gauge","contains":"default","values":{"value":1,"min":1,"max":1}},"http_req_duration":{"type":"trend","contains":"time","values":{"med":153.974101,"max":302.702259,"p(90)":164.00571150000002,"p(95)":186.52494825000002,"p(99)":275.122923,"avg":161.70423642307696,"min":149.603645},"thresholds":{"p(95)<800":{"ok":true}}},"iterations":{"type":"counter","contains":"default","values":{"count":26,"rate":0.8589783143212907}}},"root_group":{"groups":[],"checks":[{"fails":0,"name":"status es 200","path":"::status es 200","id":"c8f562f01bcdf8f7be8c15f6ad60295d","passes":26}],"name":"","path":"","id":"d41d8cd98f00b204e9800998ecf8427e"},"options":{"summaryTrendStats":["avg","min","med","max","p(90)","p(95)","p(99)"],"summaryTimeUnit":"","noColor":false},"state":{"isStdOutTTY":false,"isStdErrTTY":false,"testRunDurationMs":30268.517338}}