{"state":{"isStdOutTTY":false,"isStdErrTTY":false,"testRunDurationMs":31008.87389},"metrics":{"http_reqs":{"contains":"default","values":{"count":27,"rate":0.8707184948340605},"type":"counter"},"http_req_tls_handshaking":{"type":"trend","contains":"time","values":{"min":0,"med":0,"max":18.042061,"p(90)":0,"p(95)":0,"p(99)":13.351125139999972,"avg":0.6682244814814815}},"http_req_blocked":{"type":"trend","contains":"time","values":{"p(90)":0.0005090000000000003,"p(95)":0.0009826999999999995,"p(99)":29.776479819999935,"avg":1.4906642592592592,"min":0.000281,"med":0.000321,"max":40.238085}},"http_req_connecting":{"values":{"p(99)":1.871620579999996,"avg":0.0936747037037037,"min":0,"med":0,"max":2.529217,"p(90)":0,"p(95)":0},"type":"trend","contains":"time"},"checks":{"type":"rate","contains":"default","values":{"fails":0,"rate":1,"passes":27}},"vus_max":{"type":"gauge","contains":"default","values":{"max":1,"value":1,"min":1}},"vus":{"contains":"default","values":{"value":1,"min":1,"max":1},"type":"gauge"},"http_req_failed":{"type":"rate","contains":"default","values":{"rate":0,"passes":0,"fails":27},"thresholds":{"rate<0.01":{"ok":true}}},"data_sent":{"type":"counter","contains":"data","values":{"count":7965,"rate":256.86195597604785}},"http_req_receiving":{"type":"trend","contains":"time","values":{"p(90)":1.0356860000000003,"p(95)":3.4861143999999973,"p(99)":5.299618919999999,"avg":0.8750352222222224,"min":0.315908,"med":0.514866,"max":5.581214}},"http_req_sending":{"type":"trend","contains":"time","values":{"max":0.187359,"p(90)":0.14419380000000004,"p(95)":0.1607479,"p(99)":0.18115669999999995,"avg":0.1189372222222222,"min":0.094896,"med":0.114473}},"iteration_duration":{"type":"trend","contains":"time","values":{"max":1305.961371,"p(90)":1167.1108649999999,"p(95)":1167.3971955,"p(99)":1269.94239918,"avg":1148.4428497407407,"min":1088.037057,"med":1162.348908}},"iterations":{"type":"counter","contains":"default","values":{"rate":0.8707184948340605,"count":27}},"data_received":{"contains":"data","values":{"count":1587107,"rate":51182.34882150375},"type":"counter"},"http_req_duration":{"type":"trend","contains":"time","values":{"min":87.622071,"med":161.642652,"max":305.382922,"p(90)":166.2597,"p(95)":166.6826546,"p(99)":269.3387611199998,"avg":146.17742333333334},"thresholds":{"p(95)<800":{"ok":true}}},"http_req_waiting":{"type":"trend","contains":"time","values":{"min":86.917323,"med":161.000286,"max":304.811266,"p(90)":165.67001000000002,"p(95)":166.1867253,"p(99)":268.7835423199998,"avg":145.18345088888887}},"http_req_duration{expected_response:true}":{"contains":"time","values":{"med":161.642652,"max":305.382922,"p(90)":166.2597,"p(95)":166.6826546,"p(99)":269.3387611199998,"avg":146.17742333333334,"min":87.622071},"type":"trend"}},"root_group":{"path":"","id":"d41d8cd98f00b204e9800998ecf8427e","groups":[],"checks":[{"name":"status es 200","path":"::status es 200","id":"c8f562f01bcdf8f7be8c15f6ad60295d","passes":27,"fails":0}],"name":""},"options":{"summaryTrendStats":["avg","min","med","max","p(90)","p(95)","p(99)"],"summaryTimeUnit":"","noColor":false}}