{"state":{"isStdOutTTY":false,"isStdErrTTY":false,"testRunDurationMs":31033.230295},"metrics":{"http_req_sending":{"type":"trend","contains":"time","values":{"med":0.042214,"max":0.108396,"p(90)":0.055872,"p(95)":0.07031919999999994,"p(99)":0.10035887999999997,"avg":0.045697137931034484,"min":0.031713}},"vus_max":{"contains":"default","values":{"min":1,"max":1,"value":1},"type":"gauge"},"http_reqs":{"type":"counter","contains":"default","values":{"count":29,"rate":0.9344821574914298}},"http_req_waiting":{"type":"trend","contains":"time","values":{"p(99)":109.39534871999994,"avg":61.251808241379315,"min":46.006779,"med":56.773752,"max":123.312693,"p(90)":70.4355398,"p(95)":72.5173908}},"data_received":{"type":"counter","contains":"data","values":{"count":1704513,"rate":54925.413300420325}},"http_req_duration":{"values":{"p(95)":75.27225039999999,"p(99)":112.07321991999993,"avg":64.31171572413793,"min":49.063987,"med":59.919005,"max":126.017692,"p(90)":73.5192954},"thresholds":{"p(95)<800":{"ok":true}},"type":"trend","contains":"time"},"http_req_blocked":{"type":"trend","contains":"time","values":{"avg":5.05647544827586,"min":0.000214,"med":0.000247,"max":146.630663,"p(90)":0.0003186,"p(95)":0.00037939999999999984,"p(99)":105.57419075999984}},"data_sent":{"type":"counter","contains":"data","values":{"count":8706,"rate":280.53798838346165}},"http_req_failed":{"type":"rate","contains":"default","values":{"rate":0,"passes":0,"fails":29},"thresholds":{"rate<0.01":{"ok":true}}},"http_req_connecting":{"type":"trend","contains":"time","values":{"avg":0.42898327586206897,"min":0,"med":0,"max":12.440515,"p(90)":0,"p(95)":0,"p(99)":8.957170799999986}},"http_req_tls_handshaking":{"type":"trend","contains":"time","values":{"min":0,"med":0,"max":17.736216,"p(90)":0,"p(95)":0,"p(99)":12.77007551999998,"avg":0.6115936551724137}},"iteration_duration":{"type":"trend","contains":"time","values":{"max":1272.927763,"p(90)":1074.4987076,"p(95)":1075.9595628,"p(99)":1218.0414739199996,"avg":1070.0906865862069,"min":1049.606885,"med":1060.459975}},"http_req_receiving":{"contains":"time","values":{"p(90)":3.4340774,"p(95)":3.4759118,"p(99)":3.7495659599999995,"avg":3.0142103448275863,"min":2.478222,"med":2.986064,"max":3.85392},"type":"trend"},"checks":{"type":"rate","contains":"default","values":{"rate":1,"passes":29,"fails":0}},"http_req_duration{expected_response:true}":{"type":"trend","contains":"time","values":{"p(99)":112.07321991999993,"avg":64.31171572413793,"min":49.063987,"med":59.919005,"max":126.017692,"p(90)":73.5192954,"p(95)":75.27225039999999}},"iterations":{"type":"counter","contains":"default","values":{"count":29,"rate":0.9344821574914298}},"vus":{"type":"gauge","contains":"default","values":{"min":1,"max":1,"value":1}}},"root_group":{"name":"","path":"","id":"d41d8cd98f00b204e9800998ecf8427e","groups":[],"checks":[{"name":"status es 200","path":"::status es 200","id":"c8f562f01bcdf8f7be8c15f6ad60295d","passes":29,"fails":0}]},"options":{"summaryTrendStats":["avg","min","med","max","p(90)","p(95)","p(99)"],"summaryTimeUnit":"","noColor":false}}