{"root_group":{"name":"","path":"","id":"d41d8cd98f00b204e9800998ecf8427e","groups":[],"checks":[{"name":"status es 200","path":"::status es 200","id":"c8f562f01bcdf8f7be8c15f6ad60295d","passes":27,"fails":0}]},"options":{"summaryTrendStats":["avg","min","med","max","p(90)","p(95)","p(99)"],"summaryTimeUnit":"","noColor":false},"state":{"isStdOutTTY":false,"isStdErrTTY":false,"testRunDurationMs":30805.518954},"metrics":{"http_req_connecting":{"type":"trend","contains":"time","values":{"p(99)":1.5400132599999967,"avg":0.07707774074074074,"min":0,"med":0,"max":2.081099,"p(90)":0,"p(95)":0}},"http_req_failed":{"type":"rate","contains":"default","values":{"passes":0,"fails":27,"rate":0},"thresholds":{"rate<0.01":{"ok":true}}},"vus_max":{"values":{"min":1,"max":1,"value":1},"type":"gauge","contains":"default"},"http_req_duration{expected_response:true}":{"values":{"p(99)":268.4934216399997,"avg":136.62145240740742,"min":90.676667,"med":148.34053,"max":307.572705,"p(90)":153.7910408,"p(95)":156.73071829999998},"type":"trend","contains":"time"},"iterations":{"type":"counter","contains":"default","values":{"count":27,"rate":0.8764663254112827}},"data_sent":{"type":"counter","contains":"data","values":{"count":8209,"rate":266.4782246407859}},"http_req_blocked":{"values":{"max":92.586445,"p(90)":0.00038500000000000003,"p(95)":0.000405,"p(99)":68.51407615999986,"avg":3.4294345185185167,"min":0.000281,"med":0.00031},"type":"trend","contains":"time"},"http_req_receiving":{"type":"trend","contains":"time","values":{"max":5.883983,"p(90)":4.186380800000003,"p(95)":5.0093862,"p(99)":5.668700919999998,"avg":1.4691219629629628,"min":0.302944,"med":0.466405}},"checks":{"type":"rate","contains":"default","values":{"rate":1,"passes":27,"fails":0}},"iteration_duration":{"type":"trend","contains":"time","values":{"max":1401.461922,"p(90)":1154.3458934,"p(95)":1157.6320526,"p(99)":1338.2024202399996,"avg":1140.9114755925925,"min":1091.816123,"med":1149.085964}},"http_req_duration":{"type":"trend","contains":"time","values":{"med":148.34053,"max":307.572705,"p(90)":153.7910408,"p(95)":156.73071829999998,"p(99)":268.4934216399997,"avg":136.62145240740742,"min":90.676667},"thresholds":{"p(95)<800":{"ok":true}}},"vus":{"type":"gauge","contains":"default","values":{"value":1,"min":1,"max":1}},"http_req_tls_handshaking":{"type":"trend","contains":"time","values":{"min":0,"med":0,"max":15.723734,"p(90)":0,"p(95)":0,"p(99)":11.635563159999975,"avg":0.5823605185185186}},"http_reqs":{"type":"counter","contains":"default","values":{"count":27,"rate":0.8764663254112827}},"data_received":{"type":"counter","contains":"data","values":{"count":1587018,"rate":51517.32721561344}},"http_req_sending":{"values":{"p(99)":0.18279001999999994,"avg":0.10928429629629627,"min":0.071693,"med":0.109894,"max":0.191766,"p(90)":0.14701140000000001,"p(95)":0.15470019999999998},"type":"trend","contains":"time"},"http_req_waiting":{"contains":"time","values":{"min":87.397807,"med":147.688358,"max":306.914534,"p(90)":153.2420304,"p(95)":156.2409055,"p(99)":267.88648727999976,"avg":135.04304614814814},"type":"trend"}}}