{"metrics":{"http_req_tls_handshaking":{"type":"trend","contains":"time","values":{"avg":0.36245727586206894,"min":0,"med":0,"max":10.511261,"p(90)":0,"p(95)":0,"p(99)":7.568107919999988}},"checks":{"type":"rate","contains":"default","values":{"rate":1,"passes":29,"fails":0}},"vus":{"type":"gauge","contains":"default","values":{"max":1,"value":1,"min":1}},"data_sent":{"type":"counter","contains":"data","values":{"count":8423,"rate":272.3233812009631}},"http_req_duration{expected_response:true}":{"type":"trend","contains":"time","values":{"p(99)":122.62688571999999,"avg":61.273681034482756,"min":42.403869,"med":58.732147,"max":125.774219,"p(90)":69.94483559999999,"p(95)":100.51480339999992}},"http_req_duration":{"thresholds":{"p(95)<800":{"ok":true}},"type":"trend","contains":"time","values":{"max":125.774219,"p(90)":69.94483559999999,"p(95)":100.51480339999992,"p(99)":122.62688571999999,"avg":61.273681034482756,"min":42.403869,"med":58.732147}},"iterations":{"type":"counter","contains":"default","values":{"count":29,"rate":0.9375968247450944}},"http_req_failed":{"type":"rate","contains":"default","values":{"rate":0,"passes":0,"fails":29},"thresholds":{"rate<0.01":{"ok":true}}},"data_received":{"type":"counter","contains":"data","values":{"count":1704701,"rate":55114.56016344093}},"iteration_duration":{"type":"trend","contains":"time","values":{"max":1257.460519,"p(90)":1070.8276048,"p(95)":1101.430803,"p(99)":1217.81749348,"avg":1066.5237932413795,"min":1042.691909,"med":1059.809848}},"http_req_waiting":{"values":{"p(99)":121.88612755999999,"avg":60.57968451724141,"min":41.720346,"med":58.030083,"max":124.978475,"p(90)":69.3011444,"p(95)":99.89558859999993},"type":"trend","contains":"time"},"http_req_blocked":{"type":"trend","contains":"time","values":{"p(99)":93.87277863999984,"avg":4.49615910344828,"min":0.0003,"med":0.000321,"max":130.378594,"p(90)":0.0004228,"p(95)":0.0005811999999999995}},"http_reqs":{"type":"counter","contains":"default","values":{"count":29,"rate":0.9375968247450944}},"http_req_connecting":{"type":"trend","contains":"time","values":{"p(90)":0,"p(95)":0,"p(99)":1.9674748799999968,"avg":0.09422772413793103,"min":0,"med":0,"max":2.732604}},"vus_max":{"type":"gauge","contains":"default","values":{"value":1,"min":1,"max":1}},"http_req_receiving":{"type":"trend","contains":"time","values":{"avg":0.5901020344827587,"min":0.16665,"med":0.581582,"max":0.985492,"p(90)":0.7374279999999999,"p(95)":0.8306135999999998,"p(99)":0.9470894399999998}},"http_req_sending":{"values":{"max":0.156762,"p(90)":0.1253612,"p(95)":0.13430419999999996,"p(99)":0.15207732,"avg":0.10389448275862069,"min":0.065732,"med":0.101941},"type":"trend","contains":"time"}},"root_group":{"id":"d41d8cd98f00b204e9800998ecf8427e","groups":[],"checks":[{"passes":29,"fails":0,"name":"status es 200","path":"::status es 200","id":"c8f562f01bcdf8f7be8c15f6ad60295d"}],"name":"","path":""},"options":{"summaryTrendStats":["avg","min","med","max","p(90)","p(95)","p(99)"],"summaryTimeUnit":"","noColor":false},"state":{"isStdOutTTY":false,"isStdErrTTY":false,"testRunDurationMs":30930.138877}}