{"state":{"isStdOutTTY":false,"isStdErrTTY":false,"testRunDurationMs":30140.977391},"metrics":{"http_reqs":{"values":{"count":29,"rate":0.9621453088199889},"type":"counter","contains":"default"},"vus_max":{"type":"gauge","contains":"default","values":{"value":1,"min":1,"max":1}},"http_req_blocked":{"type":"trend","contains":"time","values":{"p(99)":88.04737599999986,"avg":4.217269724137931,"min":0.00032,"med":0.000331,"max":122.287442,"p(90)":0.0008437999999999999,"p(95)":0.0012515999999999988}},"http_req_waiting":{"values":{"p(90)":35.0650438,"p(95)":36.1056782,"p(99)":58.17618507999997,"avg":32.74312927586206,"min":27.980812,"med":31.471551,"max":66.706935},"type":"trend","contains":"time"},"http_req_duration":{"type":"trend","contains":"time","values":{"p(99)":59.598561719999964,"avg":34.252420655172415,"min":29.371,"med":32.867175,"max":68.123057,"p(90)":36.6083414,"p(95)":37.546757400000004},"thresholds":{"p(95)<800":{"ok":true}}},"checks":{"type":"rate","contains":"default","values":{"rate":1,"passes":29,"fails":0}},"http_req_tls_handshaking":{"contains":"time","values":{"p(90)":0,"p(95)":0,"p(99)":15.405560639999976,"avg":0.7378142068965517,"min":0,"med":0,"max":21.396612},"type":"trend"},"iteration_duration":{"contains":"time","values":{"avg":1039.3046183793103,"min":1029.680603,"med":1033.92868,"max":1191.996727,"p(90)":1037.7963814,"p(95)":1038.5188488,"p(99)":1149.0293748799998},"type":"trend"},"http_req_duration{expected_response:true}":{"type":"trend","contains":"time","values":{"avg":34.252420655172415,"min":29.371,"med":32.867175,"max":68.123057,"p(90)":36.6083414,"p(95)":37.546757400000004,"p(99)":59.598561719999964}},"http_req_sending":{"type":"trend","contains":"time","values":{"min":0.092228,"med":0.105397,"max":0.198995,"p(90)":0.129783,"p(95)":0.15888079999999993,"p(99)":0.19178863999999998,"avg":0.11235227586206899}},"vus":{"contains":"default","values":{"value":1,"min":1,"max":1},"type":"gauge"},"data_received":{"type":"counter","contains":"data","values":{"count":1704014,"rate":56534.79573322706}},"iterations":{"type":"counter","contains":"default","values":{"count":29,"rate":0.9621453088199889}},"data_sent":{"type":"counter","contains":"data","values":{"count":8809,"rate":292.25993191018216}},"http_req_failed":{"type":"rate","contains":"default","values":{"rate":0,"passes":0,"fails":29},"thresholds":{"rate<0.01":{"ok":true}}},"http_req_connecting":{"contains":"time","values":{"min":0,"med":0,"max":6.316864,"p(90)":0,"p(95)":0,"p(99)":4.548142079999993,"avg":0.21782289655172413},"type":"trend"},"http_req_receiving":{"type":"trend","contains":"time","values":{"p(95)":1.5337515999999998,"p(99)":1.5563066399999999,"avg":1.3969391034482763,"min":0.861131,"med":1.421453,"max":1.55652,"p(90)":1.4992356}}},"root_group":{"groups":[],"checks":[{"name":"status es 200","path":"::status es 200","id":"c8f562f01bcdf8f7be8c15f6ad60295d","passes":29,"fails":0}],"name":"","path":"","id":"d41d8cd98f00b204e9800998ecf8427e"},"options":{"summaryTrendStats":["avg","min","med","max","p(90)","p(95)","p(99)"],"summaryTimeUnit":"","noColor":false}}