{"root_group":{"name":"","path":"","id":"d41d8cd98f00b204e9800998ecf8427e","groups":[],"checks":[{"name":"status es 200","path":"::status es 200","id":"c8f562f01bcdf8f7be8c15f6ad60295d","passes":26,"fails":0}]},"options":{"summaryTrendStats":["avg","min","med","max","p(90)","p(95)","p(99)"],"summaryTimeUnit":"","noColor":false},"state":{"testRunDurationMs":30438.351424,"isStdOutTTY":false,"isStdErrTTY":false},"metrics":{"http_req_blocked":{"type":"trend","contains":"time","values":{"p(99)":28.01031775,"avg":1.4367333846153856,"min":0.00028,"med":0.00031,"max":37.346873,"p(90)":0.000401,"p(95)":0.00059175}},"http_req_waiting":{"type":"trend","contains":"time","values":{"p(99)":289.5406,"avg":167.86705800000001,"min":155.754195,"med":159.40995,"max":324.078832,"p(90)":173.7934715,"p(95)":184.3181575}},"vus_max":{"type":"gauge","contains":"default","values":{"value":1,"min":1,"max":1}},"iterations":{"type":"counter","contains":"default","values":{"count":26,"rate":0.8541855515702979}},"http_req_duration{expected_response:true}":{"type":"trend","contains":"time","values":{"p(99)":290.086926,"avg":168.38776784615382,"min":156.239667,"med":159.9624695,"max":324.615114,"p(90)":174.293081,"p(95)":184.863006}},"vus":{"type":"gauge","contains":"default","values":{"max":1,"value":1,"min":1}},"iteration_duration":{"type":"trend","contains":"time","values":{"min":1157.048475,"med":1160.913139,"max":1362.885814,"p(90)":1175.1521975,"p(95)":1185.99561675,"p(99)":1319.10100975,"avg":1170.6711663846154}},"http_req_duration":{"type":"trend","contains":"time","values":{"p(99)":290.086926,"avg":168.38776784615382,"min":156.239667,"med":159.9624695,"max":324.615114,"p(90)":174.293081,"p(95)":184.863006},"thresholds":{"p(95)<800":{"ok":true}}},"http_req_receiving":{"contains":"time","values":{"avg":0.41285392307692315,"min":0.285531,"med":0.3972855,"max":0.638534,"p(90)":0.503017,"p(95)":0.51106175,"p(99)":0.6068365},"type":"trend"},"data_received":{"type":"counter","contains":"data","values":{"count":1528985,"rate":50232.18829106584}},"http_req_tls_handshaking":{"values":{"med":0,"max":9.735294,"p(90)":0,"p(95)":0,"p(99)":7.3014705,"avg":0.3744343846153846,"min":0},"type":"trend","contains":"time"},"http_req_sending":{"contains":"time","values":{"med":0.10703,"max":0.183533,"p(90)":0.136815,"p(95)":0.15258975,"p(99)":0.17702575,"avg":0.10785592307692307,"min":0.064981},"type":"trend"},"data_sent":{"values":{"count":7521,"rate":247.08959743693114},"type":"counter","contains":"data"},"http_req_connecting":{"type":"trend","contains":"time","values":{"avg":0.07310253846153845,"min":0,"med":0,"max":1.900666,"p(90)":0,"p(95)":0,"p(99)":1.4254995}},"checks":{"type":"rate","contains":"default","values":{"rate":1,"passes":26,"fails":0}},"http_reqs":{"type":"counter","contains":"default","values":{"count":26,"rate":0.8541855515702979}},"http_req_failed":{"type":"rate","contains":"default","values":{"rate":0,"passes":0,"fails":26},"thresholds":{"rate<0.01":{"ok":true}}}}}