{"options":{"summaryTrendStats":["avg","min","med","max","p(90)","p(95)","p(99)"],"summaryTimeUnit":"","noColor":false},"state":{"isStdOutTTY":false,"isStdErrTTY":false,"testRunDurationMs":30074.6896},"metrics":{"http_req_waiting":{"type":"trend","contains":"time","values":{"p(99)":52.10411603999999,"avg":30.403598068965515,"min":23.983607,"med":29.112518,"max":56.135992,"p(90)":33.5786998,"p(95)":38.48440939999998}},"vus_max":{"type":"gauge","contains":"default","values":{"value":1,"min":1,"max":1}},"http_req_sending":{"type":"trend","contains":"time","values":{"min":0.091035,"med":0.105958,"max":0.172789,"p(90)":0.1269294,"p(95)":0.13742619999999997,"p(99)":0.16462251999999997,"avg":0.10987641379310344}},"data_received":{"contains":"data","values":{"count":1703897,"rate":56655.514077192674},"type":"counter"},"http_req_blocked":{"type":"trend","contains":"time","values":{"avg":4.216496862068966,"min":0.00032,"med":0.00034,"max":122.262317,"p(90)":0.0008391999999999998,"p(95)":0.002443799999999995,"p(99)":88.02981603999986}},"http_req_failed":{"type":"rate","contains":"default","values":{"rate":0,"passes":0,"fails":29},"thresholds":{"rate<0.01":{"ok":true}}},"data_sent":{"type":"counter","contains":"data","values":{"count":9229,"rate":306.8693350703776}},"checks":{"type":"rate","contains":"default","values":{"fails":0,"rate":1,"passes":29}},"vus":{"type":"gauge","contains":"default","values":{"value":1,"min":1,"max":1}},"http_req_receiving":{"type":"trend","contains":"time","values":{"med":1.397112,"max":2.151418,"p(90)":1.617036,"p(95)":1.6577705999999999,"p(99)":2.0174225999999997,"avg":1.4261259655172416,"min":0.955582}},"iteration_duration":{"type":"trend","contains":"time","values":{"p(99)":1142.6009354799999,"avg":1037.0186267241377,"min":1027.017666,"med":1031.466717,"max":1180.650887,"p(90)":1035.3819922,"p(95)":1041.2676038000002}},"http_reqs":{"type":"counter","contains":"default","values":{"count":29,"rate":0.9642659786586791}},"http_req_connecting":{"contains":"time","values":{"avg":0.22987044827586206,"min":0,"med":0,"max":6.666243,"p(90)":0,"p(95)":0,"p(99)":4.799694959999992},"type":"trend"},"http_req_tls_handshaking":{"type":"trend","contains":"time","values":{"p(90)":0,"p(95)":0,"p(99)":11.293038719999982,"avg":0.5408543448275862,"min":0,"med":0,"max":15.684776}},"iterations":{"type":"counter","contains":"default","values":{"count":29,"rate":0.9642659786586791}},"http_req_duration":{"type":"trend","contains":"time","values":{"p(90)":34.928116,"p(95)":40.49753379999998,"p(99)":53.930495159999985,"avg":31.939600448275858,"min":25.697977,"med":30.590303,"max":57.795217},"thresholds":{"p(95)<800":{"ok":true}}},"http_req_duration{expected_response:true}":{"type":"trend","contains":"time","values":{"max":57.795217,"p(90)":34.928116,"p(95)":40.49753379999998,"p(99)":53.930495159999985,"avg":31.939600448275858,"min":25.697977,"med":30.590303}}},"root_group":{"checks":[{"passes":29,"fails":0,"name":"status es 200","path":"::status es 200","id":"c8f562f01bcdf8f7be8c15f6ad60295d"}],"name":"","path":"","id":"d41d8cd98f00b204e9800998ecf8427e","groups":[]}}