{"state":{"isStdOutTTY":false,"isStdErrTTY":false,"testRunDurationMs":30107.363579},"metrics":{"http_req_connecting":{"contains":"time","values":{"p(95)":0,"p(99)":4.444019999999993,"avg":0.21283620689655172,"min":0,"med":0,"max":6.17225,"p(90)":0},"type":"trend"},"vus_max":{"type":"gauge","contains":"default","values":{"value":1,"min":1,"max":1}},"http_req_tls_handshaking":{"type":"trend","contains":"time","values":{"p(99)":15.188687279999977,"avg":0.727427551724138,"min":0,"med":0,"max":21.095399,"p(90)":0,"p(95)":0}},"http_req_sending":{"type":"trend","contains":"time","values":{"avg":0.12561775862068966,"min":0.096723,"med":0.126327,"max":0.166367,"p(90)":0.1406182,"p(95)":0.14230079999999998,"p(99)":0.15994239999999996}},"http_req_receiving":{"type":"trend","contains":"time","values":{"p(90)":1.5072052,"p(95)":1.6481141999999995,"p(99)":2.6535545999999988,"avg":1.3079570344827587,"min":1.030995,"med":1.183675,"max":3.009471}},"vus":{"type":"gauge","contains":"default","values":{"value":1,"min":1,"max":1}},"iterations":{"type":"counter","contains":"default","values":{"count":29,"rate":0.9632195102007407}},"http_req_blocked":{"type":"trend","contains":"time","values":{"max":124.975188,"p(90)":0.0009791999999999997,"p(95)":0.002599799999999995,"p(99)":89.98312235999985,"avg":4.310097620689655,"min":0.00031,"med":0.00035}},"checks":{"type":"rate","contains":"default","values":{"rate":1,"passes":29,"fails":0}},"http_req_failed":{"contains":"default","values":{"passes":0,"fails":29,"rate":0},"thresholds":{"rate<0.01":{"ok":true}},"type":"rate"},"data_received":{"values":{"rate":56615.98351271566,"count":1704558},"type":"counter","contains":"data"},"iteration_duration":{"type":"trend","contains":"time","values":{"avg":1038.148708413793,"min":1027.652465,"med":1033.073413,"max":1179.248072,"p(90)":1037.6689934,"p(95)":1043.7233508,"p(99)":1142.21568304}},"data_sent":{"type":"counter","contains":"data","values":{"count":9635,"rate":320.02137864772885}},"http_req_duration{expected_response:true}":{"values":{"p(99)":51.40130195999999,"avg":32.934672689655166,"min":27.092197,"med":31.686914,"max":53.232276,"p(90)":37.0472446,"p(95)":43.39160299999998},"type":"trend","contains":"time"},"http_req_waiting":{"type":"trend","contains":"time","values":{"p(95)":41.959197199999984,"p(99)":49.90162151999999,"avg":31.501097896551723,"min":25.494014,"med":29.866196,"max":51.72787,"p(90)":35.560257199999995}},"http_reqs":{"type":"counter","contains":"default","values":{"rate":0.9632195102007407,"count":29}},"http_req_duration":{"type":"trend","contains":"time","values":{"p(99)":51.40130195999999,"avg":32.934672689655166,"min":27.092197,"med":31.686914,"max":53.232276,"p(90)":37.0472446,"p(95)":43.39160299999998},"thresholds":{"p(95)<800":{"ok":true}}}},"root_group":{"checks":[{"fails":0,"name":"status es 200","path":"::status es 200","id":"c8f562f01bcdf8f7be8c15f6ad60295d","passes":29}],"name":"","path":"","id":"d41d8cd98f00b204e9800998ecf8427e","groups":[]},"options":{"summaryTrendStats":["avg","min","med","max","p(90)","p(95)","p(99)"],"summaryTimeUnit":"","noColor":false}}