{"options":{"summaryTrendStats":["avg","min","med","max","p(90)","p(95)","p(99)"],"summaryTimeUnit":"","noColor":false},"state":{"isStdOutTTY":false,"isStdErrTTY":false,"testRunDurationMs":30204.565897},"metrics":{"iterations":{"values":{"count":28,"rate":0.9270121641702203},"type":"counter","contains":"default"},"http_req_tls_handshaking":{"type":"trend","contains":"time","values":{"min":0,"med":0,"max":21.312103,"p(90)":0,"p(95)":0,"p(99)":15.55783519000001,"avg":0.7611465357142857}},"iteration_duration":{"values":{"p(95)":1078.1516573499998,"p(99)":1187.80509122,"avg":1078.7169659285717,"min":1070.000882,"med":1072.8814069999999,"max":1228.306715,"p(90)":1077.5088306},"type":"trend","contains":"time"},"http_req_duration{expected_response:true}":{"type":"trend","contains":"time","values":{"max":128.966484,"p(90)":77.1881477,"p(95)":77.72167515,"p(99)":115.14906363000003,"avg":74.55634853571428,"min":69.421687,"med":72.1943455}},"vus":{"type":"gauge","contains":"default","values":{"min":1,"max":1,"value":1}},"checks":{"type":"rate","contains":"default","values":{"rate":1,"passes":28,"fails":0}},"http_req_duration":{"thresholds":{"p(95)<800":{"ok":true}},"type":"trend","contains":"time","values":{"min":69.421687,"med":72.1943455,"max":128.966484,"p(90)":77.1881477,"p(95)":77.72167515,"p(99)":115.14906363000003,"avg":74.55634853571428}},"http_reqs":{"type":"counter","contains":"default","values":{"rate":0.9270121641702203,"count":28}},"http_req_sending":{"contains":"time","values":{"avg":0.04296114285714286,"min":0.033705,"med":0.039258,"max":0.080548,"p(90)":0.0560324,"p(95)":0.07013029999999998,"p(99)":0.0789658},"type":"trend"},"http_req_failed":{"type":"rate","contains":"default","values":{"rate":0,"passes":0,"fails":28},"thresholds":{"rate<0.01":{"ok":true}}},"http_req_receiving":{"type":"trend","contains":"time","values":{"med":3.5147985,"max":4.724715,"p(90)":3.9910053,"p(95)":4.397734799999999,"p(99)":4.69026435,"avg":3.507867214285714,"min":0.563853}},"http_req_waiting":{"contains":"time","values":{"p(90)":73.12426839999999,"p(95)":73.8402869,"p(99)":111.54120320000001,"avg":71.00552017857143,"min":65.719525,"med":68.5263865,"max":125.388218},"type":"trend"},"data_sent":{"contains":"data","values":{"count":8773,"rate":290.4527755809051},"type":"counter"},"data_received":{"contains":"data","values":{"count":1646058,"rate":54496.99246177516},"type":"counter"},"http_req_blocked":{"type":"trend","contains":"time","values":{"min":0.000206,"med":0.0002295,"max":98.354928,"p(90)":0.0002529,"p(95)":0.0002628,"p(99)":71.79916953000004,"avg":3.512898464285714}},"http_req_connecting":{"type":"trend","contains":"time","values":{"p(99)":12.909693760000009,"avg":0.6315897142857143,"min":0,"med":0,"max":17.684512,"p(90)":0,"p(95)":0}},"vus_max":{"type":"gauge","contains":"default","values":{"value":1,"min":1,"max":1}}},"root_group":{"name":"","path":"","id":"d41d8cd98f00b204e9800998ecf8427e","groups":[],"checks":[{"name":"status es 200","path":"::status es 200","id":"c8f562f01bcdf8f7be8c15f6ad60295d","passes":28,"fails":0}]}}