{"state":{"isStdOutTTY":false,"isStdErrTTY":false,"testRunDurationMs":30887.069794},"metrics":{"vus_max":{"type":"gauge","contains":"default","values":{"value":1,"min":1,"max":1}},"http_req_sending":{"type":"trend","contains":"time","values":{"p(90)":0.062388000000000006,"p(95)":0.064606,"p(99)":0.10552592000000002,"avg":0.047935500000000006,"min":0.0375,"med":0.042065,"max":0.12035}},"http_req_duration{expected_response:true}":{"type":"trend","contains":"time","values":{"p(90)":105.6006248,"p(95)":106.4524087,"p(99)":156.03498175000004,"avg":99.7454960357143,"min":72.475637,"med":101.6298195,"max":174.284086}},"vus":{"type":"gauge","contains":"default","values":{"value":1,"min":1,"max":1}},"http_req_duration":{"contains":"time","values":{"min":72.475637,"med":101.6298195,"max":174.284086,"p(90)":105.6006248,"p(95)":106.4524087,"p(99)":156.03498175000004,"avg":99.7454960357143},"thresholds":{"p(95)<800":{"ok":true}},"type":"trend"},"http_req_failed":{"type":"rate","contains":"default","values":{"passes":0,"fails":28,"rate":0},"thresholds":{"rate<0.01":{"ok":true}}},"http_req_blocked":{"type":"trend","contains":"time","values":{"p(99)":53.32059191000003,"avg":2.609004,"min":0.000317,"med":0.0003855,"max":73.041707,"p(90)":0.0004594,"p(95)":0.0005235499999999999}},"http_req_connecting":{"type":"trend","contains":"time","values":{"med":0,"max":17.803815,"p(90)":0,"p(95)":0,"p(99)":12.996784950000007,"avg":0.6358505357142857,"min":0}},"http_req_receiving":{"type":"trend","contains":"time","values":{"min":4.042805,"med":4.694268,"max":4.868742,"p(90)":4.8317198,"p(95)":4.86590345,"p(99)":4.86818094,"avg":4.625685785714286}},"http_reqs":{"values":{"count":28,"rate":0.906528207005223},"type":"counter","contains":"default"},"iterations":{"contains":"default","values":{"count":28,"rate":0.906528207005223},"type":"counter"},"http_req_tls_handshaking":{"type":"trend","contains":"time","values":{"avg":1.0364039642857141,"min":0,"med":0,"max":29.019311,"p(90)":0,"p(95)":0,"p(99)":21.18409703000001}},"http_req_waiting":{"type":"trend","contains":"time","values":{"avg":95.07187474999998,"min":67.677893,"med":96.8225135,"max":170.120931,"p(90)":101.2111436,"p(95)":101.66456995,"p(99)":151.69712028000004}},"checks":{"type":"rate","contains":"default","values":{"rate":1,"passes":28,"fails":0}},"data_received":{"contains":"data","values":{"count":1646016,"rate":53291.42618506818},"type":"counter"},"iteration_duration":{"type":"trend","contains":"time","values":{"avg":1103.0625104642857,"min":1073.530297,"med":1102.20073,"max":1248.408761,"p(90)":1106.3788926,"p(95)":1107.11230005,"p(99)":1210.26261155}},"data_sent":{"type":"counter","contains":"data","values":{"count":9342,"rate":302.45666106581405}}},"root_group":{"name":"","path":"","id":"d41d8cd98f00b204e9800998ecf8427e","groups":[],"checks":[{"id":"c8f562f01bcdf8f7be8c15f6ad60295d","passes":28,"fails":0,"name":"status es 200","path":"::status es 200"}]},"options":{"summaryTimeUnit":"","noColor":false,"summaryTrendStats":["avg","min","med","max","p(90)","p(95)","p(99)"]}}