{"metrics":{"data_sent":{"type":"counter","contains":"data","values":{"count":9469,"rate":306.08107836636566}},"vus_max":{"type":"gauge","contains":"default","values":{"value":1,"min":1,"max":1}},"iteration_duration":{"type":"trend","contains":"time","values":{"avg":1031.1684729666665,"min":1025.268623,"med":1027.9487315000001,"max":1107.699406,"p(90)":1032.3178167,"p(95)":1034.7035952,"p(99)":1086.99515441}},"http_req_duration{expected_response:true}":{"type":"trend","contains":"time","values":{"p(95)":33.85356159999999,"p(99)":46.90587505000001,"avg":28.457452933333336,"min":24.898522,"med":27.075387,"max":51.67903,"p(90)":31.819914100000002}},"http_req_tls_handshaking":{"type":"trend","contains":"time","values":{"min":0,"med":0,"max":15.897456,"p(90)":0,"p(95)":0,"p(99)":11.287193760000013,"avg":0.5299152}},"http_req_waiting":{"type":"trend","contains":"time","values":{"avg":27.076143733333325,"min":23.353306,"med":25.9502005,"max":46.440074,"p(90)":30.330239300000002,"p(95)":32.51602584999999,"p(99)":42.75220113000001}},"http_req_blocked":{"type":"trend","contains":"time","values":{"min":0.00032,"med":0.0003505,"max":55.348494,"p(90)":0.0007550000000000002,"p(95)":0.0011400499999999986,"p(99)":39.29782282000005,"avg":1.8453881999999997}},"checks":{"contains":"default","values":{"rate":1,"passes":30,"fails":0},"type":"rate"},"vus":{"type":"gauge","contains":"default","values":{"value":1,"min":1,"max":1}},"iterations":{"type":"counter","contains":"default","values":{"count":30,"rate":0.9697362288510898}},"http_req_duration":{"type":"trend","contains":"time","values":{"avg":28.457452933333336,"min":24.898522,"med":27.075387,"max":51.67903,"p(90)":31.819914100000002,"p(95)":33.85356159999999,"p(99)":46.90587505000001},"thresholds":{"p(95)<800":{"ok":true}}},"http_req_receiving":{"type":"trend","contains":"time","values":{"max":5.050416,"p(90)":1.4583126000000002,"p(95)":1.5363263999999999,"p(99)":4.039048830000003,"avg":1.2727385333333336,"min":0.915711,"med":1.0434105}},"data_received":{"type":"counter","contains":"data","values":{"count":1763123,"rate":56992.14163402067}},"http_req_connecting":{"type":"trend","contains":"time","values":{"avg":0.1998657,"min":0,"med":0,"max":5.995971,"p(90)":0,"p(95)":0,"p(99)":4.257139410000005}},"http_req_sending":{"type":"trend","contains":"time","values":{"avg":0.10857066666666665,"min":0.091066,"med":0.10807549999999999,"max":0.18854,"p(90)":0.12337530000000001,"p(95)":0.1422363499999999,"p(99)":0.17924057000000004}},"http_req_failed":{"thresholds":{"rate<0.01":{"ok":true}},"type":"rate","contains":"default","values":{"rate":0,"passes":0,"fails":30}},"http_reqs":{"type":"counter","contains":"default","values":{"count":30,"rate":0.9697362288510898}}},"root_group":{"groups":[],"checks":[{"fails":0,"name":"status es 200","path":"::status es 200","id":"c8f562f01bcdf8f7be8c15f6ad60295d","passes":30}],"name":"","path":"","id":"d41d8cd98f00b204e9800998ecf8427e"},"options":{"summaryTimeUnit":"","noColor":false,"summaryTrendStats":["avg","min","med","max","p(90)","p(95)","p(99)"]},"state":{"testRunDurationMs":30936.247515,"isStdOutTTY":false,"isStdErrTTY":false}}