{"options":{"summaryTrendStats":["avg","min","med","max","p(90)","p(95)","p(99)"],"summaryTimeUnit":"","noColor":false},"state":{"isStdOutTTY":false,"isStdErrTTY":false,"testRunDurationMs":30692.005377},"metrics":{"http_req_failed":{"type":"rate","contains":"default","values":{"rate":0,"passes":0,"fails":27},"thresholds":{"rate<0.01":{"ok":true}}},"vus_max":{"type":"gauge","contains":"default","values":{"value":1,"min":1,"max":1}},"iterations":{"type":"counter","contains":"default","values":{"count":27,"rate":0.8797079131308012}},"http_req_waiting":{"contains":"time","values":{"med":156.046746,"max":306.959564,"p(90)":164.5325468,"p(95)":167.52469029999997,"p(99)":270.9732497399998,"avg":132.6611711851852,"min":82.499543},"type":"trend"},"http_req_duration{expected_response:true}":{"type":"trend","contains":"time","values":{"avg":134.36206992592594,"min":82.959434,"med":156.380596,"max":307.461043,"p(90)":164.90555319999999,"p(95)":167.8491294,"p(99)":271.4176842199998}},"http_req_receiving":{"type":"trend","contains":"time","values":{"p(90)":4.6572648,"p(95)":4.887786999999999,"p(99)":5.0909245599999995,"avg":1.6043884814814817,"min":0.168786,"med":0.354163,"max":5.131873}},"data_sent":{"type":"counter","contains":"data","values":{"count":7393,"rate":240.87705932503752}},"http_req_sending":{"contains":"time","values":{"min":0.068248,"med":0.094547,"max":0.147316,"p(90)":0.1106328,"p(95)":0.12017119999999999,"p(99)":0.14088983999999996,"avg":0.09651025925925925},"type":"trend"},"data_received":{"type":"counter","contains":"data","values":{"rate":51730.376705518196,"count":1587709}},"http_req_connecting":{"values":{"med":0,"max":1.804526,"p(90)":0,"p(95)":0,"p(99)":1.3353492399999973,"avg":0.0668342962962963,"min":0},"type":"trend","contains":"time"},"http_req_duration":{"type":"trend","contains":"time","values":{"med":156.380596,"max":307.461043,"p(90)":164.90555319999999,"p(95)":167.8491294,"p(99)":271.4176842199998,"avg":134.36206992592594,"min":82.959434},"thresholds":{"p(95)<800":{"ok":true}}},"http_req_blocked":{"values":{"min":0.000291,"med":0.000311,"max":38.924931,"p(90)":0.000525,"p(95)":0.0008536999999999998,"p(99)":28.804706859999943,"avg":1.4420120740740743},"type":"trend","contains":"time"},"http_req_tls_handshaking":{"type":"trend","contains":"time","values":{"max":11.58374,"p(90)":0,"p(95)":0,"p(99)":8.571967599999983,"avg":0.4290274074074074,"min":0,"med":0}},"checks":{"type":"rate","contains":"default","values":{"fails":0,"rate":1,"passes":27}},"iteration_duration":{"type":"trend","contains":"time","values":{"max":1346.836735,"p(90)":1165.6961165999999,"p(95)":1168.6699446,"p(99)":1300.7421597199998,"avg":1136.706234814815,"min":1084.186867,"med":1157.095474}},"http_reqs":{"type":"counter","contains":"default","values":{"count":27,"rate":0.8797079131308012}},"vus":{"type":"gauge","contains":"default","values":{"value":1,"min":1,"max":1}}},"root_group":{"name":"","path":"","id":"d41d8cd98f00b204e9800998ecf8427e","groups":[],"checks":[{"name":"status es 200","path":"::status es 200","id":"c8f562f01bcdf8f7be8c15f6ad60295d","passes":27,"fails":0}]}}