{"options":{"summaryTrendStats":["avg","min","med","max","p(90)","p(95)","p(99)"],"summaryTimeUnit":"","noColor":false},"state":{"isStdOutTTY":false,"isStdErrTTY":false,"testRunDurationMs":30771.468449},"metrics":{"http_req_duration{expected_response:true}":{"type":"trend","contains":"time","values":{"avg":94.58072310714284,"min":72.640342,"med":99.17685700000001,"max":180.933164,"p(90)":108.4647494,"p(95)":139.69497589999992,"p(99)":173.69041103}},"iteration_duration":{"contains":"time","values":{"min":1073.5965,"med":1099.7777895,"max":1276.75405,"p(90)":1109.3783079,"p(95)":1140.4566452499998,"p(99)":1243.8312430600001,"avg":1098.9473348214283},"type":"trend"},"http_req_duration":{"contains":"time","values":{"avg":94.58072310714284,"min":72.640342,"med":99.17685700000001,"max":180.933164,"p(90)":108.4647494,"p(95)":139.69497589999992,"p(99)":173.69041103},"thresholds":{"p(95)<800":{"ok":true}},"type":"trend"},"vus_max":{"type":"gauge","contains":"default","values":{"value":1,"min":1,"max":1}},"http_reqs":{"type":"counter","contains":"default","values":{"count":28,"rate":0.9099338254333433}},"http_req_blocked":{"contains":"time","values":{"p(90)":0.0004403000000000002,"p(95)":0.0006329999999999999,"p(99)":68.96108117000003,"avg":3.374148785714286,"min":0.00029,"med":0.00032050000000000004,"max":94.46699},"type":"trend"},"data_sent":{"type":"counter","contains":"data","values":{"rate":305.3152960695093,"count":9395}},"http_req_waiting":{"type":"trend","contains":"time","values":{"avg":90.02261703571428,"min":67.872487,"med":94.774372,"max":176.025798,"p(90)":104.0757667,"p(95)":135.63833429999994,"p(99)":169.01525961000002}},"iterations":{"contains":"default","values":{"count":28,"rate":0.9099338254333433},"type":"counter"},"http_req_failed":{"type":"rate","contains":"default","values":{"rate":0,"passes":0,"fails":28},"thresholds":{"rate<0.01":{"ok":true}}},"vus":{"type":"gauge","contains":"default","values":{"value":1,"min":1,"max":1}},"http_req_connecting":{"type":"trend","contains":"time","values":{"max":17.499216,"p(90)":0,"p(95)":0,"p(99)":12.774427680000008,"avg":0.624972,"min":0,"med":0}},"http_req_sending":{"type":"trend","contains":"time","values":{"p(95)":0.13165794999999997,"p(99)":0.18689910000000004,"avg":0.10994532142857145,"min":0.084838,"med":0.1060525,"max":0.205764,"p(90)":0.1232646}},"data_received":{"contains":"data","values":{"count":1645604,"rate":53478.24081672898},"type":"counter"},"http_req_tls_handshaking":{"type":"trend","contains":"time","values":{"avg":0.8899092857142856,"min":0,"med":0,"max":24.91746,"p(90)":0,"p(95)":0,"p(99)":18.189745800000008}},"http_req_receiving":{"type":"trend","contains":"time","values":{"p(95)":4.90021495,"p(99)":5.08507468,"avg":4.448160749999999,"min":3.932708,"med":4.5255565,"max":5.124499,"p(90)":4.747158600000001}},"checks":{"type":"rate","contains":"default","values":{"fails":0,"rate":1,"passes":28}}},"root_group":{"path":"","id":"d41d8cd98f00b204e9800998ecf8427e","groups":[],"checks":[{"name":"status es 200","path":"::status es 200","id":"c8f562f01bcdf8f7be8c15f6ad60295d","passes":28,"fails":0}],"name":""}}