{"state":{"testRunDurationMs":30365.393019,"isStdOutTTY":false,"isStdErrTTY":false},"metrics":{"http_req_receiving":{"type":"trend","contains":"time","values":{"p(99)":3.3783738199999997,"avg":1.5819928888888892,"min":0.898178,"med":1.224199,"max":3.435819,"p(90)":2.7794510000000003,"p(95)":3.1075134999999996}},"http_req_sending":{"values":{"avg":0.10355940740740742,"min":0.070141,"med":0.106037,"max":0.139651,"p(90)":0.1332786,"p(95)":0.13672610000000002,"p(99)":0.13897656},"type":"trend","contains":"time"},"http_req_duration":{"type":"trend","contains":"time","values":{"avg":121.32440948148148,"min":92.714989,"med":99.95977,"max":372.607337,"p(90)":136.5481072,"p(95)":263.7887044999999,"p(99)":358.42415863999986},"thresholds":{"p(95)<800":{"ok":true}}},"vus_max":{"type":"gauge","contains":"default","values":{"value":1,"min":1,"max":1}},"http_reqs":{"values":{"count":27,"rate":0.8891701149102785},"type":"counter","contains":"default"},"http_req_blocked":{"type":"trend","contains":"time","values":{"med":0.000311,"max":65.275024,"p(90)":0.0004774000000000004,"p(95)":0.0006899999999999999,"p(99)":48.3037080799999,"avg":2.417926,"min":0.00029}},"data_received":{"type":"counter","contains":"data","values":{"count":1587603,"rate":52283.30155340381}},"http_req_tls_handshaking":{"values":{"min":0,"med":0,"max":17.207161,"p(90)":0,"p(95)":0,"p(99)":12.733299139999973,"avg":0.6373022592592592},"type":"trend","contains":"time"},"http_req_connecting":{"contains":"time","values":{"p(95)":0,"p(99)":3.782156279999992,"avg":0.1892971111111111,"min":0,"med":0,"max":5.111022,"p(90)":0},"type":"trend"},"iterations":{"type":"counter","contains":"default","values":{"rate":0.8891701149102785,"count":27}},"http_req_failed":{"values":{"fails":27,"rate":0,"passes":0},"thresholds":{"rate<0.01":{"ok":true}},"type":"rate","contains":"default"},"http_req_waiting":{"values":{"avg":119.6388571851852,"min":91.246564,"med":98.035159,"max":371.492509,"p(90)":135.01575000000003,"p(95)":262.42118649999986,"p(99)":357.2066054199999},"type":"trend","contains":"time"},"http_req_duration{expected_response:true}":{"type":"trend","contains":"time","values":{"avg":121.32440948148148,"min":92.714989,"med":99.95977,"max":372.607337,"p(90)":136.5481072,"p(95)":263.7887044999999,"p(99)":358.42415863999986}},"vus":{"type":"gauge","contains":"default","values":{"value":1,"min":1,"max":1}},"data_sent":{"values":{"rate":317.3678665700131,"count":9637},"type":"counter","contains":"data"},"checks":{"type":"rate","contains":"default","values":{"rate":1,"passes":27,"fails":0}},"iteration_duration":{"values":{"max":1373.533394,"p(90)":1163.9244256000002,"p(95)":1284.4468155999998,"p(99)":1359.3432359399999,"avg":1124.6045813333333,"min":1093.506437,"med":1100.405305},"type":"trend","contains":"time"}},"root_group":{"groups":[],"checks":[{"name":"status es 200","path":"::status es 200","id":"c8f562f01bcdf8f7be8c15f6ad60295d","passes":27,"fails":0}],"name":"","path":"","id":"d41d8cd98f00b204e9800998ecf8427e"},"options":{"summaryTimeUnit":"","noColor":false,"summaryTrendStats":["avg","min","med","max","p(90)","p(95)","p(99)"]}}