{"options":{"summaryTimeUnit":"","noColor":false,"summaryTrendStats":["avg","min","med","max","p(90)","p(95)","p(99)"]},"state":{"isStdOutTTY":false,"isStdErrTTY":false,"testRunDurationMs":31132.275471},"metrics":{"http_req_duration{expected_response:true}":{"type":"trend","contains":"time","values":{"p(95)":171.66762359999998,"p(99)":284.5823427399998,"avg":150.70168292592592,"min":89.496789,"med":168.27296,"max":324.179498,"p(90)":170.8227354}},"data_sent":{"values":{"count":7434,"rate":238.78755688529222},"type":"counter","contains":"data"},"vus":{"contains":"default","values":{"min":1,"max":1,"value":1},"type":"gauge"},"checks":{"contains":"default","values":{"rate":1,"passes":27,"fails":0},"type":"rate"},"vus_max":{"type":"gauge","contains":"default","values":{"value":1,"min":1,"max":1}},"iteration_duration":{"type":"trend","contains":"time","values":{"p(95)":1172.3962365,"p(99)":1285.6736634599997,"avg":1153.0166159259259,"min":1090.390726,"med":1169.253793,"max":1325.37207,"p(90)":1171.6443536}},"http_req_connecting":{"values":{"min":0,"med":0,"max":1.722982,"p(90)":0,"p(95)":0,"p(99)":1.2750066799999973,"avg":0.06381414814814815},"type":"trend","contains":"time"},"http_req_failed":{"type":"rate","contains":"default","values":{"rate":0,"passes":0,"fails":27},"thresholds":{"rate<0.01":{"ok":true}}},"http_req_sending":{"type":"trend","contains":"time","values":{"p(90)":0.1238312,"p(95)":0.14421039999999996,"p(99)":0.15868449999999998,"avg":0.10370496296296293,"min":0.062517,"med":0.097502,"max":0.16081}},"http_req_waiting":{"values":{"p(90)":170.4138062,"p(95)":171.24902980000002,"p(99)":284.0621419399998,"avg":148.71625833333334,"min":84.00311,"med":167.788588,"max":323.632746},"type":"trend","contains":"time"},"data_received":{"type":"counter","contains":"data","values":{"count":1587386,"rate":50988.43486331941}},"iterations":{"contains":"default","values":{"count":27,"rate":0.86726715575772},"type":"counter"},"http_req_receiving":{"type":"trend","contains":"time","values":{"med":0.389653,"max":5.660487,"p(90)":5.234230800000001,"p(95)":5.3644262000000005,"p(99)":5.591904459999999,"avg":1.8817196296296297,"min":0.199272}},"http_req_blocked":{"type":"trend","contains":"time","values":{"med":0.000331,"max":40.257573,"p(90)":0.000421,"p(95)":0.00044899999999999996,"p(99)":29.790723879999938,"avg":1.4913501111111114,"min":0.000301}},"http_req_duration":{"values":{"med":168.27296,"max":324.179498,"p(90)":170.8227354,"p(95)":171.66762359999998,"p(99)":284.5823427399998,"avg":150.70168292592592,"min":89.496789},"thresholds":{"p(95)<800":{"ok":true}},"type":"trend","contains":"time"},"http_reqs":{"type":"counter","contains":"default","values":{"count":27,"rate":0.86726715575772}},"http_req_tls_handshaking":{"type":"trend","contains":"time","values":{"p(99)":9.75224539999998,"avg":0.4881003703703704,"min":0,"med":0,"max":13.17871,"p(90)":0,"p(95)":0}}},"root_group":{"groups":[],"checks":[{"path":"::status es 200","id":"c8f562f01bcdf8f7be8c15f6ad60295d","passes":27,"fails":0,"name":"status es 200"}],"name":"","path":"","id":"d41d8cd98f00b204e9800998ecf8427e"}}