{"options":{"summaryTimeUnit":"","noColor":false,"summaryTrendStats":["avg","min","med","max","p(90)","p(95)","p(99)"]},"state":{"isStdOutTTY":false,"isStdErrTTY":false,"testRunDurationMs":30974.410781},"metrics":{"http_req_waiting":{"type":"trend","contains":"time","values":{"avg":28.3783982,"min":23.163738,"med":27.4562925,"max":44.748804,"p(90)":32.797106,"p(95)":35.246803099999994,"p(99)":42.454056040000005}},"http_req_blocked":{"contains":"time","values":{"p(95)":0.0011714999999999998,"p(99)":39.47771397000005,"avg":1.8538433666666674,"min":0.0003,"med":0.000331,"max":55.601919,"p(90)":0.0009681000000000003},"type":"trend"},"http_req_sending":{"type":"trend","contains":"time","values":{"avg":0.12107066666666665,"min":0.097434,"med":0.121279,"max":0.150462,"p(90)":0.1303894,"p(95)":0.14073499999999997,"p(99)":0.14946295}},"http_req_duration":{"thresholds":{"p(95)<800":{"ok":true}},"type":"trend","contains":"time","values":{"avg":29.808033000000002,"min":24.84526,"med":29.0761405,"max":45.873687,"p(90)":33.9277538,"p(95)":36.57822404999999,"p(99)":43.68804516}},"http_reqs":{"values":{"count":30,"rate":0.9685414264087402},"type":"counter","contains":"default"},"http_req_connecting":{"type":"trend","contains":"time","values":{"avg":0.19677219999999998,"min":0,"med":0,"max":5.903166,"p(90)":0,"p(95)":0,"p(99)":4.191247860000005}},"data_sent":{"type":"counter","contains":"data","values":{"count":9197,"rate":296.9225166227061}},"http_req_duration{expected_response:true}":{"type":"trend","contains":"time","values":{"avg":29.808033000000002,"min":24.84526,"med":29.0761405,"max":45.873687,"p(90)":33.9277538,"p(95)":36.57822404999999,"p(99)":43.68804516}},"http_req_receiving":{"type":"trend","contains":"time","values":{"p(90)":1.534089,"p(95)":1.5543295499999998,"p(99)":2.1381872900000007,"avg":1.3085641333333338,"min":0.969699,"med":1.3322905,"max":2.374102}},"http_req_tls_handshaking":{"type":"trend","contains":"time","values":{"p(95)":0,"p(99)":11.359321950000014,"avg":0.5333015,"min":0,"med":0,"max":15.999045,"p(90)":0}},"iterations":{"contains":"default","values":{"count":30,"rate":0.9685414264087402},"type":"counter"},"vus_max":{"type":"gauge","contains":"default","values":{"max":1,"value":1,"min":1}},"http_req_failed":{"type":"rate","contains":"default","values":{"rate":0,"passes":0,"fails":30},"thresholds":{"rate<0.01":{"ok":true}}},"iteration_duration":{"type":"trend","contains":"time","values":{"p(90)":1034.6621796000002,"p(95)":1037.707498,"p(99)":1084.1070555100002,"avg":1032.4442749999998,"min":1025.984945,"med":1029.672565,"max":1102.331143}},"checks":{"type":"rate","contains":"default","values":{"fails":0,"rate":1,"passes":30}},"data_received":{"contains":"data","values":{"count":1763259,"rate":56926.31289960163},"type":"counter"},"vus":{"type":"gauge","contains":"default","values":{"value":1,"min":1,"max":1}}},"root_group":{"name":"","path":"","id":"d41d8cd98f00b204e9800998ecf8427e","groups":[],"checks":[{"name":"status es 200","path":"::status es 200","id":"c8f562f01bcdf8f7be8c15f6ad60295d","passes":30,"fails":0}]}}