{"root_group":{"groups":[],"checks":[{"passes":28,"fails":0,"name":"status es 200","path":"::status es 200","id":"c8f562f01bcdf8f7be8c15f6ad60295d"}],"name":"","path":"","id":"d41d8cd98f00b204e9800998ecf8427e"},"options":{"summaryTrendStats":["avg","min","med","max","p(90)","p(95)","p(99)"],"summaryTimeUnit":"","noColor":false},"state":{"isStdOutTTY":false,"isStdErrTTY":false,"testRunDurationMs":30679.107629},"metrics":{"http_req_receiving":{"type":"trend","contains":"time","values":{"p(95)":4.9222819499999995,"p(99)":4.99421633,"avg":4.646770642857143,"min":4.141598,"med":4.708721499999999,"max":5.018036,"p(90)":4.8699439}},"checks":{"type":"rate","contains":"default","values":{"rate":1,"passes":28,"fails":0}},"iteration_duration":{"contains":"time","values":{"avg":1095.6519752142856,"min":1071.743618,"med":1082.560427,"max":1286.205926,"p(90)":1117.9043284,"p(95)":1121.4711086,"p(99)":1241.7427553000002},"type":"trend"},"http_reqs":{"type":"counter","contains":"default","values":{"count":28,"rate":0.9126732217443142}},"iterations":{"contains":"default","values":{"count":28,"rate":0.9126732217443142},"type":"counter"},"vus":{"values":{"min":1,"max":1,"value":1},"type":"gauge","contains":"default"},"http_req_tls_handshaking":{"type":"trend","contains":"time","values":{"p(90)":0,"p(95)":0,"p(99)":21.34973257000001,"avg":1.0445074642857144,"min":0,"med":0,"max":29.246209}},"http_req_sending":{"type":"trend","contains":"time","values":{"min":0.081272,"med":0.1024945,"max":0.166911,"p(90)":0.1191581,"p(95)":0.1276758,"p(99)":0.15641124,"avg":0.10596546428571431}},"data_received":{"type":"counter","contains":"data","values":{"count":1646028,"rate":53653.05992290536}},"http_req_failed":{"type":"rate","contains":"default","values":{"passes":0,"fails":28,"rate":0},"thresholds":{"rate<0.01":{"ok":true}}},"http_req_blocked":{"values":{"avg":2.8441033928571406,"min":0.000241,"med":0.000251,"max":79.624597,"p(90)":0.0004960000000000001,"p(95)":0.0022400999999999966,"p(99)":58.12678876000003},"type":"trend","contains":"time"},"http_req_duration":{"type":"trend","contains":"time","values":{"p(90)":117.216194,"p(95)":120.6134435,"p(99)":182.44076696000002,"avg":92.07574707142858,"min":70.821586,"med":81.7037055,"max":205.304354},"thresholds":{"p(95)<800":{"ok":true}}},"http_req_duration{expected_response:true}":{"type":"trend","contains":"time","values":{"p(90)":117.216194,"p(95)":120.6134435,"p(99)":182.44076696000002,"avg":92.07574707142858,"min":70.821586,"med":81.7037055,"max":205.304354}},"data_sent":{"type":"counter","contains":"data","values":{"count":9607,"rate":313.1447014749152}},"vus_max":{"contains":"default","values":{"value":1,"min":1,"max":1},"type":"gauge"},"http_req_connecting":{"type":"trend","contains":"time","values":{"max":25.372147,"p(90)":0,"p(95)":0,"p(99)":18.52166731000001,"avg":0.9061481071428571,"min":0,"med":0}},"http_req_waiting":{"type":"trend","contains":"time","values":{"p(90)":112.3176317,"p(95)":115.6112998,"p(99)":177.73837407000002,"avg":87.32301096428573,"min":66.484373,"med":77.1376765,"max":200.712258}}}}