{"metrics":{"http_req_blocked":{"type":"trend","contains":"time","values":{"min":0.00032,"med":0.0003835,"max":95.385468,"p(90)":0.00046350000000000004,"p(95)":0.0004906,"p(99)":69.63152448000004,"avg":3.406999464285714}},"vus":{"type":"gauge","contains":"default","values":{"min":1,"max":1,"value":1}},"http_req_connecting":{"type":"trend","contains":"time","values":{"avg":0.6800203214285715,"min":0,"med":0,"max":19.040569,"p(90)":0,"p(95)":0,"p(99)":13.89961537000001}},"http_req_waiting":{"type":"trend","contains":"time","values":{"p(90)":106.1772539,"p(95)":112.57440749999999,"p(99)":158.67345238000004,"avg":97.64295328571428,"min":67.660673,"med":98.605417,"max":174.45544}},"checks":{"type":"rate","contains":"default","values":{"rate":1,"passes":28,"fails":0}},"vus_max":{"type":"gauge","contains":"default","values":{"value":1,"min":1,"max":1}},"data_received":{"type":"counter","contains":"data","values":{"count":1646148,"rate":53096.2265797112}},"http_reqs":{"type":"counter","contains":"default","values":{"count":28,"rate":0.9031352856680648}},"http_req_receiving":{"type":"trend","contains":"time","values":{"avg":5.384978607142856,"min":0.531848,"med":5.089065,"max":13.291889,"p(90)":6.1943645,"p(95)":7.6471736499999965,"p(99)":11.952657950000003}},"http_req_failed":{"type":"rate","contains":"default","values":{"rate":0,"passes":0,"fails":28},"thresholds":{"rate<0.01":{"ok":true}}},"data_sent":{"type":"counter","contains":"data","values":{"count":10063,"rate":324.5803707027763}},"http_req_duration":{"values":{"med":103.693223,"max":179.554343,"p(90)":113.6405744,"p(95)":119.50869865,"p(99)":163.76173331,"avg":103.07919242857143,"min":72.145142},"thresholds":{"p(95)<800":{"ok":true}},"type":"trend","contains":"time"},"http_req_duration{expected_response:true}":{"contains":"time","values":{"p(90)":113.6405744,"p(95)":119.50869865,"p(99)":163.76173331,"avg":103.07919242857143,"min":72.145142,"med":103.693223,"max":179.554343},"type":"trend"},"http_req_sending":{"values":{"avg":0.05126053571428572,"min":0.036546,"med":0.0435415,"max":0.174869,"p(90)":0.0630544,"p(95)":0.0655045,"p(99)":0.14560235000000005},"type":"trend","contains":"time"},"iteration_duration":{"type":"trend","contains":"time","values":{"p(90)":1114.6022432,"p(95)":1120.38302895,"p(99)":1234.04822183,"avg":1107.23512,"min":1072.722197,"med":1104.681806,"max":1275.580937}},"iterations":{"values":{"count":28,"rate":0.9031352856680648},"type":"counter","contains":"default"},"http_req_tls_handshaking":{"type":"trend","contains":"time","values":{"med":0,"max":32.604072,"p(90)":0,"p(95)":0,"p(99)":23.800972560000016,"avg":1.164431142857143,"min":0}}},"root_group":{"name":"","path":"","id":"d41d8cd98f00b204e9800998ecf8427e","groups":[],"checks":[{"passes":28,"fails":0,"name":"status es 200","path":"::status es 200","id":"c8f562f01bcdf8f7be8c15f6ad60295d"}]},"options":{"summaryTrendStats":["avg","min","med","max","p(90)","p(95)","p(99)"],"summaryTimeUnit":"","noColor":false},"state":{"isStdOutTTY":false,"isStdErrTTY":false,"testRunDurationMs":31003.107114}}