{"root_group":{"groups":[],"checks":[{"name":"status es 200","path":"::status es 200","id":"c8f562f01bcdf8f7be8c15f6ad60295d","passes":27,"fails":0}],"name":"","path":"","id":"d41d8cd98f00b204e9800998ecf8427e"},"options":{"summaryTrendStats":["avg","min","med","max","p(90)","p(95)","p(99)"],"summaryTimeUnit":"","noColor":false},"state":{"isStdOutTTY":false,"isStdErrTTY":false,"testRunDurationMs":30163.223769},"metrics":{"vus":{"type":"gauge","contains":"default","values":{"max":1,"value":1,"min":1}},"data_sent":{"values":{"rate":254.64784728660482,"count":7681},"type":"counter","contains":"data"},"http_req_duration{expected_response:true}":{"type":"trend","contains":"time","values":{"min":89.140079,"med":99.662528,"max":307.025362,"p(90)":151.20309820000003,"p(95)":197.92499119999997,"p(99)":283.10824799999983,"avg":114.53235922222223}},"http_req_tls_handshaking":{"type":"trend","contains":"time","values":{"p(95)":0,"p(99)":14.318654419999971,"avg":0.7166493703703704,"min":0,"med":0,"max":19.349533,"p(90)":0}},"http_req_waiting":{"type":"trend","contains":"time","values":{"max":306.443496,"p(90)":148.89955720000003,"p(95)":197.54541259999996,"p(99)":282.5792607999998,"avg":112.0585011851852,"min":88.428897,"med":96.101955}},"http_req_duration":{"values":{"p(99)":283.10824799999983,"avg":114.53235922222223,"min":89.140079,"med":99.662528,"max":307.025362,"p(90)":151.20309820000003,"p(95)":197.92499119999997},"thresholds":{"p(95)<800":{"ok":true}},"type":"trend","contains":"time"},"vus_max":{"contains":"default","values":{"min":1,"max":1,"value":1},"type":"gauge"},"http_req_blocked":{"values":{"p(90)":0.000411,"p(95)":0.0005859999999999998,"p(99)":35.35610497999993,"avg":1.7698997407407413,"min":0.00028,"med":0.00032,"max":47.778288},"type":"trend","contains":"time"},"http_req_connecting":{"type":"trend","contains":"time","values":{"med":0,"max":1.713448,"p(90)":0,"p(95)":0,"p(99)":1.2679515199999973,"avg":0.06346103703703704,"min":0}},"iteration_duration":{"type":"trend","contains":"time","values":{"max":1307.458568,"p(90)":1173.8527024,"p(95)":1210.1179923,"p(99)":1283.75888524,"avg":1117.123551,"min":1090.103085,"med":1100.756302}},"http_req_receiving":{"type":"trend","contains":"time","values":{"p(95)":4.8981075,"p(99)":5.925622939999998,"avg":2.372669074074074,"min":0.22518,"med":2.334682,"max":6.265789,"p(90)":4.673559000000001}},"data_received":{"type":"counter","contains":"data","values":{"count":1587730,"rate":52637.94122801212}},"http_reqs":{"type":"counter","contains":"default","values":{"count":27,"rate":0.8951297847595795}},"http_req_failed":{"type":"rate","contains":"default","values":{"rate":0,"passes":0,"fails":27},"thresholds":{"rate<0.01":{"ok":true}}},"http_req_sending":{"type":"trend","contains":"time","values":{"min":0.060824,"med":0.102481,"max":0.144801,"p(90)":0.119601,"p(95)":0.134544,"p(99)":0.14379792,"avg":0.101188962962963}},"checks":{"type":"rate","contains":"default","values":{"rate":1,"passes":27,"fails":0}},"iterations":{"type":"counter","contains":"default","values":{"count":27,"rate":0.8951297847595795}}}}