{"state":{"isStdOutTTY":false,"isStdErrTTY":false,"testRunDurationMs":30540.546366},"metrics":{"iterations":{"contains":"default","values":{"count":28,"rate":0.9168139844142302},"type":"counter"},"http_req_tls_handshaking":{"type":"trend","contains":"time","values":{"avg":0.9047928214285715,"min":0,"med":0,"max":25.334199,"p(90)":0,"p(95)":0,"p(99)":18.49396527000001}},"http_req_duration":{"type":"trend","contains":"time","values":{"p(99)":158.44842956000002,"avg":86.67396410714285,"min":70.085461,"med":77.9317865,"max":178.488092,"p(90)":103.93079970000001,"p(95)":104.21587615},"thresholds":{"p(95)<800":{"ok":true}}},"vus":{"values":{"value":1,"min":1,"max":1},"type":"gauge","contains":"default"},"data_received":{"type":"counter","contains":"data","values":{"count":1645731,"rate":53886.75697800055}},"http_req_blocked":{"contains":"time","values":{"p(90)":0.00048500000000000013,"p(95)":0.00060365,"p(99)":63.36517383000003,"avg":3.1003842500000007,"min":0.0003,"med":0.000321,"max":86.801382},"type":"trend"},"http_req_duration{expected_response:true}":{"type":"trend","contains":"time","values":{"p(99)":158.44842956000002,"avg":86.67396410714285,"min":70.085461,"med":77.9317865,"max":178.488092,"p(90)":103.93079970000001,"p(95)":104.21587615}},"checks":{"type":"rate","contains":"default","values":{"passes":28,"fails":0,"rate":1}},"http_req_sending":{"type":"trend","contains":"time","values":{"p(90)":0.1330956,"p(95)":0.14059185,"p(99)":0.18663434,"avg":0.10789464285714286,"min":0.055273,"med":0.107731,"max":0.202337}},"http_req_receiving":{"type":"trend","contains":"time","values":{"min":3.978458,"med":4.797395,"max":7.682749,"p(90)":5.3750326,"p(95)":5.45652495,"p(99)":7.082485270000001,"avg":4.8804745714285716}},"http_reqs":{"type":"counter","contains":"default","values":{"rate":0.9168139844142302,"count":28}},"vus_max":{"type":"gauge","contains":"default","values":{"value":1,"min":1,"max":1}},"http_req_failed":{"values":{"passes":0,"fails":28,"rate":0},"thresholds":{"rate<0.01":{"ok":true}},"type":"rate","contains":"default"},"http_req_connecting":{"type":"trend","contains":"time","values":{"min":0,"med":0,"max":17.822264,"p(90)":0,"p(95)":0,"p(99)":13.010252720000008,"avg":0.6365094285714286}},"iteration_duration":{"type":"trend","contains":"time","values":{"avg":1090.699418357143,"min":1070.82554,"med":1078.6372390000001,"max":1266.170126,"p(90)":1104.8769904,"p(95)":1105.37063405,"p(99)":1222.75431581}},"data_sent":{"values":{"count":9203,"rate":301.3371106630057},"type":"counter","contains":"data"},"http_req_waiting":{"type":"trend","contains":"time","values":{"avg":81.68559489285714,"min":65.19498,"med":72.8185995,"max":174.307297,"p(90)":99.03762830000001,"p(95)":99.43096985000001,"p(99)":154.10117146000005}}},"root_group":{"path":"","id":"d41d8cd98f00b204e9800998ecf8427e","groups":[],"checks":[{"path":"::status es 200","id":"c8f562f01bcdf8f7be8c15f6ad60295d","passes":28,"fails":0,"name":"status es 200"}],"name":""},"options":{"summaryTimeUnit":"","noColor":false,"summaryTrendStats":["avg","min","med","max","p(90)","p(95)","p(99)"]}}