{"metrics":{"http_req_tls_handshaking":{"type":"trend","contains":"time","values":{"p(95)":0,"p(99)":62.632829999999984,"avg":2.3440555555555553,"min":0,"med":0,"max":74.234,"p(90)":0}},"vus":{"contains":"default","values":{"min":1,"max":1,"value":1},"type":"gauge"},"vus_max":{"type":"gauge","contains":"default","values":{"min":1,"max":1,"value":1}},"data_received":{"values":{"count":107316,"rate":3458.954487848084},"type":"counter","contains":"data"},"http_req_duration{expected_response:true}":{"type":"trend","contains":"time","values":{"p(99)":71.64424,"avg":52.1275,"min":32.523,"med":60.2495,"max":72.594,"p(90)":70.22019999999999,"p(95)":70.46275}},"iterations":{"type":"counter","contains":"default","values":{"rate":0.8702502066038453,"count":27}},"http_req_failed":{"type":"rate","contains":"default","values":{"rate":0,"passes":0,"fails":54},"thresholds":{"rate<0.01":{"ok":true}}},"http_req_sending":{"type":"trend","contains":"time","values":{"min":0.045,"med":0.113,"max":1.136,"p(90)":0.3147000000000001,"p(95)":0.39624999999999977,"p(99)":1.0384799999999998,"avg":0.16994444444444448}},"iteration_duration":{"type":"trend","contains":"time","values":{"p(99)":1990.3326099999997,"avg":1148.9939767777778,"min":1100.729167,"med":1105.047416,"max":2299.97025,"p(90)":1107.7775578,"p(95)":1108.9931624}},"data_sent":{"contains":"data","values":{"count":5952,"rate":191.84182332244768},"type":"counter"},"http_req_waiting":{"contains":"time","values":{"p(95)":70.2323,"p(99)":71.44859,"avg":51.87807407407407,"min":32.248,"med":59.4715,"max":72.401,"p(90)":70.0134},"type":"trend"},"http_req_duration":{"type":"trend","contains":"time","values":{"avg":52.1275,"min":32.523,"med":60.2495,"max":72.594,"p(90)":70.22019999999999,"p(95)":70.46275,"p(99)":71.64424},"thresholds":{"p(95)<800":{"ok":true}}},"http_reqs":{"type":"counter","contains":"default","values":{"count":54,"rate":1.7405004132076907}},"http_req_blocked":{"type":"trend","contains":"time","values":{"avg":21.7090185185185,"min":0,"med":0.001,"max":597.054,"p(90)":0.001,"p(95)":0.002,"p(99)":585.47138}},"http_req_connecting":{"contains":"time","values":{"p(95)":0,"p(99)":49.229849999999985,"avg":1.8597222222222225,"min":0,"med":0,"max":66.59,"p(90)":0},"type":"trend"},"http_req_receiving":{"type":"trend","contains":"time","values":{"p(90)":0.122,"p(95)":0.13804999999999995,"p(99)":0.21718999999999997,"avg":0.0794814814814815,"min":0.028,"med":0.069,"max":0.258}},"checks":{"type":"rate","contains":"default","values":{"rate":1,"passes":27,"fails":0}}},"root_group":{"path":"","id":"d41d8cd98f00b204e9800998ecf8427e","groups":[],"checks":[{"id":"c8f562f01bcdf8f7be8c15f6ad60295d","passes":27,"fails":0,"name":"status es 200","path":"::status es 200"}],"name":""},"options":{"summaryTrendStats":["avg","min","med","max","p(90)","p(95)","p(99)"],"summaryTimeUnit":"","noColor":false},"state":{"isStdOutTTY":false,"isStdErrTTY":false,"testRunDurationMs":31025.56}}