{"options":{"summaryTrendStats":["avg","min","med","max","p(90)","p(95)","p(99)"],"summaryTimeUnit":"","noColor":false},"state":{"isStdOutTTY":false,"isStdErrTTY":false,"testRunDurationMs":30773.581066},"metrics":{"iteration_duration":{"values":{"min":1019.868699,"med":1021.5253445000001,"max":1137.980528,"p(90)":1025.7242054,"p(95)":1027.1349358,"p(99)":1105.85619618,"avg":1025.7506305},"type":"trend","contains":"time"},"http_req_duration{expected_response:true}":{"type":"trend","contains":"time","values":{"p(99)":34.26998967000001,"avg":21.600205566666666,"min":18.815951,"med":20.591406,"max":37.400562,"p(90)":24.938873600000004,"p(95)":26.55685485}},"data_received":{"values":{"count":1763062,"rate":57291.41487364654},"type":"counter","contains":"data"},"iterations":{"type":"counter","contains":"default","values":{"count":30,"rate":0.9748621694582472}},"http_req_failed":{"type":"rate","contains":"default","values":{"rate":0,"passes":0,"fails":30},"thresholds":{"rate<0.01":{"ok":true}}},"http_reqs":{"type":"counter","contains":"default","values":{"count":30,"rate":0.9748621694582472}},"http_req_blocked":{"type":"trend","contains":"time","values":{"p(90)":0.000421,"p(95)":0.0005089999999999996,"p(99)":70.55952545000008,"avg":3.3129721333333317,"min":0.000281,"med":0.000311,"max":99.379376}},"http_req_tls_handshaking":{"type":"trend","contains":"time","values":{"p(90)":0,"p(95)":0,"p(99)":6.982801720000008,"avg":0.32783106666666667,"min":0,"med":0,"max":9.834932}},"http_req_duration":{"type":"trend","contains":"time","values":{"max":37.400562,"p(90)":24.938873600000004,"p(95)":26.55685485,"p(99)":34.26998967000001,"avg":21.600205566666666,"min":18.815951,"med":20.591406},"thresholds":{"p(95)<800":{"ok":true}}},"http_req_connecting":{"type":"trend","contains":"time","values":{"p(90)":0,"p(95)":0,"p(99)":1.733663090000002,"avg":0.08139263333333333,"min":0,"med":0,"max":2.441779}},"data_sent":{"type":"counter","contains":"data","values":{"count":7955,"rate":258.50095193467854}},"http_req_receiving":{"type":"trend","contains":"time","values":{"avg":0.5052321000000001,"min":0.333037,"med":0.48195750000000004,"max":0.902349,"p(90)":0.6818428,"p(95)":0.7946535999999995,"p(99)":0.89503172}},"checks":{"values":{"passes":30,"fails":0,"rate":1},"type":"rate","contains":"default"},"vus":{"type":"gauge","contains":"default","values":{"value":1,"min":1,"max":1}},"http_req_sending":{"type":"trend","contains":"time","values":{"avg":0.11337759999999997,"min":0.079197,"med":0.1102155,"max":0.179585,"p(90)":0.14611000000000002,"p(95)":0.16210425,"p(99)":0.17487250000000001}},"vus_max":{"values":{"value":1,"min":1,"max":1},"type":"gauge","contains":"default"},"http_req_waiting":{"type":"trend","contains":"time","values":{"med":20.005466,"max":36.722333,"p(90)":24.471171400000003,"p(95)":25.87797405,"p(99)":33.592754500000005,"avg":20.98159586666667,"min":18.328763}}},"root_group":{"id":"d41d8cd98f00b204e9800998ecf8427e","groups":[],"checks":[{"name":"status es 200","path":"::status es 200","id":"c8f562f01bcdf8f7be8c15f6ad60295d","passes":30,"fails":0}],"name":"","path":""}}