{"state":{"isStdOutTTY":false,"isStdErrTTY":false,"testRunDurationMs":30153.922671},"metrics":{"checks":{"type":"rate","contains":"default","values":{"rate":1,"passes":26,"fails":0}},"http_reqs":{"type":"counter","contains":"default","values":{"count":26,"rate":0.8622427099677163}},"http_req_failed":{"values":{"rate":0,"passes":0,"fails":26},"thresholds":{"rate<0.01":{"ok":true}},"type":"rate","contains":"default"},"http_req_blocked":{"values":{"med":0.000331,"max":37.178613,"p(90)":0.000646,"p(95)":0.002844,"p(99)":27.884853500000002,"avg":1.4304339230769234,"min":0.000301},"type":"trend","contains":"time"},"http_req_duration{expected_response:true}":{"contains":"time","values":{"avg":157.36977676923078,"min":88.02273,"med":158.2749535,"max":310.301967,"p(90)":164.9277505,"p(95)":207.255777,"p(99)":287.9606905},"type":"trend"},"iteration_duration":{"type":"trend","contains":"time","values":{"min":1088.897758,"med":1159.35309,"max":1348.575666,"p(90)":1165.7687495,"p(95)":1208.478081,"p(99)":1316.98277725,"avg":1159.7190783461538}},"http_req_tls_handshaking":{"type":"trend","contains":"time","values":{"p(90)":0,"p(95)":0,"p(99)":11.033966249999999,"avg":0.5658444230769231,"min":0,"med":0,"max":14.711955}},"http_req_receiving":{"values":{"p(99)":4.192701250000001,"avg":0.6847627692307694,"min":0.231477,"med":0.36192250000000004,"max":4.679846,"p(90)":1.1998545,"p(95)":2.4766975},"type":"trend","contains":"time"},"data_received":{"type":"counter","contains":"data","values":{"count":1528970,"rate":50705.50908689766}},"vus":{"type":"gauge","contains":"default","values":{"value":1,"min":1,"max":1}},"http_req_duration":{"type":"trend","contains":"time","values":{"min":88.02273,"med":158.2749535,"max":310.301967,"p(90)":164.9277505,"p(95)":207.255777,"p(99)":287.9606905,"avg":157.36977676923078},"thresholds":{"p(95)<800":{"ok":true}}},"iterations":{"type":"counter","contains":"default","values":{"count":26,"rate":0.8622427099677163}},"http_req_sending":{"type":"trend","contains":"time","values":{"max":0.155213,"p(90)":0.129975,"p(95)":0.13987475,"p(99)":0.15207074999999998,"avg":0.11352496153846153,"min":0.089174,"med":0.11218349999999999}},"vus_max":{"type":"gauge","contains":"default","values":{"value":1,"min":1,"max":1}},"data_sent":{"contains":"data","values":{"count":7756,"rate":257.2136330196003},"type":"counter"},"http_req_connecting":{"type":"trend","contains":"time","values":{"p(99)":1.3747604999999998,"avg":0.07050053846153846,"min":0,"med":0,"max":1.833014,"p(90)":0,"p(95)":0}},"http_req_waiting":{"type":"trend","contains":"time","values":{"avg":156.57148903846155,"min":87.15161,"med":157.7524525,"max":309.82795,"p(90)":164.439185,"p(95)":206.79078925,"p(99)":287.49040175}}},"root_group":{"id":"d41d8cd98f00b204e9800998ecf8427e","groups":[],"checks":[{"id":"c8f562f01bcdf8f7be8c15f6ad60295d","passes":26,"fails":0,"name":"status es 200","path":"::status es 200"}],"name":"","path":""},"options":{"noColor":false,"summaryTrendStats":["avg","min","med","max","p(90)","p(95)","p(99)"],"summaryTimeUnit":""}}