{"options":{"summaryTrendStats":["avg","min","med","max","p(90)","p(95)","p(99)"],"summaryTimeUnit":"","noColor":false},"state":{"isStdOutTTY":false,"isStdErrTTY":false,"testRunDurationMs":30853.901656},"metrics":{"http_req_waiting":{"type":"trend","contains":"time","values":{"min":18.737497,"med":22.526316,"max":42.056168,"p(90)":27.3554611,"p(95)":28.1875814,"p(99)":38.14247648000001,"avg":23.643322966666663}},"checks":{"type":"rate","contains":"default","values":{"rate":1,"passes":30,"fails":0}},"data_sent":{"type":"counter","contains":"data","values":{"count":8001,"rate":259.318905245946}},"vus_max":{"contains":"default","values":{"value":1,"min":1,"max":1},"type":"gauge"},"http_req_duration{expected_response:true}":{"type":"trend","contains":"time","values":{"med":23.153802499999998,"max":42.696864,"p(90)":27.8516918,"p(95)":28.698486049999996,"p(99)":38.75807182000001,"avg":24.21609433333333,"min":19.299606}},"iteration_duration":{"values":{"p(99)":1109.91872981,"avg":1028.4289664666671,"min":1020.1615,"med":1024.2888505,"max":1142.770484,"p(90)":1029.04825,"p(95)":1029.4026653},"type":"trend","contains":"time"},"http_req_tls_handshaking":{"type":"trend","contains":"time","values":{"med":0,"max":9.470065,"p(90)":0,"p(95)":0,"p(99)":6.723746150000008,"avg":0.31566883333333334,"min":0}},"http_req_blocked":{"type":"trend","contains":"time","values":{"avg":3.2892783333333324,"min":0.00028,"med":0.0003155,"max":98.668194,"p(90)":0.0004830000000000002,"p(95)":0.0005965,"p(99)":70.05459203000008}},"data_received":{"contains":"data","values":{"count":1763218,"rate":57147.326767897306},"type":"counter"},"http_req_duration":{"type":"trend","contains":"time","values":{"max":42.696864,"p(90)":27.8516918,"p(95)":28.698486049999996,"p(99)":38.75807182000001,"avg":24.21609433333333,"min":19.299606,"med":23.153802499999998},"thresholds":{"p(95)<800":{"ok":true}}},"vus":{"type":"gauge","contains":"default","values":{"value":1,"min":1,"max":1}},"http_req_sending":{"type":"trend","contains":"time","values":{"min":0.077695,"med":0.1045255,"max":0.186608,"p(90)":0.15098630000000002,"p(95)":0.15786604999999998,"p(99)":0.17842043000000002,"avg":0.11042186666666666}},"http_req_receiving":{"values":{"max":0.739837,"p(90)":0.5663579999999999,"p(95)":0.6075116999999999,"p(99)":0.7089786800000001,"avg":0.46234949999999997,"min":0.256769,"med":0.4693385},"type":"trend","contains":"time"},"http_reqs":{"type":"counter","contains":"default","values":{"count":30,"rate":0.9723243541280314}},"http_req_connecting":{"type":"trend","contains":"time","values":{"p(90)":0,"p(95)":0,"p(99)":1.8730936000000022,"avg":0.08793866666666666,"min":0,"med":0,"max":2.63816}},"iterations":{"type":"counter","contains":"default","values":{"count":30,"rate":0.9723243541280314}},"http_req_failed":{"type":"rate","contains":"default","values":{"rate":0,"passes":0,"fails":30},"thresholds":{"rate<0.01":{"ok":true}}}},"root_group":{"name":"","path":"","id":"d41d8cd98f00b204e9800998ecf8427e","groups":[],"checks":[{"name":"status es 200","path":"::status es 200","id":"c8f562f01bcdf8f7be8c15f6ad60295d","passes":30,"fails":0}]}}