{"metrics":{"http_reqs":{"type":"counter","contains":"default","values":{"count":28,"rate":0.9086071619473514}},"http_req_blocked":{"type":"trend","contains":"time","values":{"p(90)":0.000494,"p(95)":0.0005205,"p(99)":87.24228204000005,"avg":4.268491642857141,"min":0.00025,"med":0.00027,"max":119.509779}},"data_received":{"type":"counter","contains":"data","values":{"count":1645919,"rate":53410.492549472234}},"iteration_duration":{"type":"trend","contains":"time","values":{"avg":1100.5533970714287,"min":1073.827164,"med":1085.115738,"max":1327.943214,"p(90)":1112.6072528,"p(95)":1115.0933770499998,"p(99)":1270.80693828}},"http_req_failed":{"type":"rate","contains":"default","values":{"passes":0,"fails":28,"rate":0},"thresholds":{"rate<0.01":{"ok":true}}},"vus_max":{"type":"gauge","contains":"default","values":{"value":1,"min":1,"max":1}},"http_req_receiving":{"type":"trend","contains":"time","values":{"min":3.682288,"med":4.169295,"max":4.804862,"p(90)":4.6164722000000005,"p(95)":4.7065832499999996,"p(99)":4.78744079,"avg":4.126651428571429}},"http_req_waiting":{"type":"trend","contains":"time","values":{"p(90)":107.5866513,"p(95)":109.6905916,"p(99)":178.15420695000006,"avg":91.30908032142857,"min":69.311951,"med":80.5716835,"max":203.124999}},"http_req_connecting":{"type":"trend","contains":"time","values":{"p(95)":0,"p(99)":13.049867630000007,"avg":0.6384475357142857,"min":0,"med":0,"max":17.876531,"p(90)":0}},"checks":{"type":"rate","contains":"default","values":{"rate":1,"passes":28,"fails":0}},"http_req_duration":{"type":"trend","contains":"time","values":{"med":84.67129700000001,"max":207.463273,"p(90)":112.0032781,"p(95)":114.331946,"p(99)":182.64579775000004,"avg":95.53784717857141,"min":73.128916},"thresholds":{"p(95)<800":{"ok":true}}},"data_sent":{"type":"counter","contains":"data","values":{"count":8819,"rate":286.17880575763184}},"http_req_tls_handshaking":{"type":"trend","contains":"time","values":{"avg":1.3231525714285712,"min":0,"med":0,"max":37.048272,"p(90)":0,"p(95)":0,"p(99)":27.045238560000012}},"vus":{"type":"gauge","contains":"default","values":{"value":1,"min":1,"max":1}},"iterations":{"type":"counter","contains":"default","values":{"count":28,"rate":0.9086071619473514}},"http_req_duration{expected_response:true}":{"type":"trend","contains":"time","values":{"p(99)":182.64579775000004,"avg":95.53784717857141,"min":73.128916,"med":84.67129700000001,"max":207.463273,"p(90)":112.0032781,"p(95)":114.331946}},"http_req_sending":{"type":"trend","contains":"time","values":{"med":0.101533,"max":0.148112,"p(90)":0.1080879,"p(95)":0.11756469999999998,"p(99)":0.14099237,"avg":0.1021154285714286,"min":0.085509}}},"root_group":{"id":"d41d8cd98f00b204e9800998ecf8427e","groups":[],"checks":[{"name":"status es 200","path":"::status es 200","id":"c8f562f01bcdf8f7be8c15f6ad60295d","passes":28,"fails":0}],"name":"","path":""},"options":{"summaryTrendStats":["avg","min","med","max","p(90)","p(95)","p(99)"],"summaryTimeUnit":"","noColor":false},"state":{"isStdOutTTY":false,"isStdErrTTY":false,"testRunDurationMs":30816.398079}}