{"root_group":{"name":"","path":"","id":"d41d8cd98f00b204e9800998ecf8427e","groups":[],"checks":[{"passes":29,"fails":0,"name":"status es 200","path":"::status es 200","id":"c8f562f01bcdf8f7be8c15f6ad60295d"}]},"options":{"summaryTrendStats":["avg","min","med","max","p(90)","p(95)","p(99)"],"summaryTimeUnit":"","noColor":false},"state":{"isStdOutTTY":false,"isStdErrTTY":false,"testRunDurationMs":30002.832532},"metrics":{"http_req_duration":{"contains":"time","values":{"p(99)":189.39552339999975,"avg":31.631166172413796,"min":20.194097,"med":23.930903,"max":252.120814,"p(90)":26.2263208,"p(95)":27.582362599999996},"thresholds":{"p(95)<800":{"ok":true}},"type":"trend"},"http_req_connecting":{"contains":"time","values":{"max":2.077304,"p(90)":0,"p(95)":0,"p(99)":1.4956588799999975,"avg":0.0716311724137931,"min":0,"med":0},"type":"trend"},"vus":{"type":"gauge","contains":"default","values":{"value":1,"min":1,"max":1}},"vus_max":{"type":"gauge","contains":"default","values":{"max":1,"value":1,"min":1}},"http_req_receiving":{"type":"trend","contains":"time","values":{"p(90)":0.7289184,"p(95)":0.7984615999999998,"p(99)":0.86124168,"avg":0.4266130689655172,"min":0.239961,"med":0.368838,"max":0.868863}},"http_reqs":{"type":"counter","contains":"default","values":{"count":29,"rate":0.966575404807849}},"http_req_duration{expected_response:true}":{"values":{"p(99)":189.39552339999975,"avg":31.631166172413796,"min":20.194097,"med":23.930903,"max":252.120814,"p(90)":26.2263208,"p(95)":27.582362599999996},"type":"trend","contains":"time"},"iterations":{"contains":"default","values":{"count":29,"rate":0.966575404807849},"type":"counter"},"http_req_waiting":{"type":"trend","contains":"time","values":{"min":19.528899,"med":23.395428,"max":251.475456,"p(90)":25.7973668,"p(95)":27.163821399999996,"p(99)":188.81978795999976,"avg":31.102376931034488}},"iteration_duration":{"type":"trend","contains":"time","values":{"p(90)":1027.4438348,"p(95)":1028.4424448,"p(99)":1232.1054345599996,"avg":1034.546052034483,"min":1020.954229,"med":1024.688309,"max":1311.101974}},"http_req_blocked":{"type":"trend","contains":"time","values":{"max":58.096807,"p(90)":0.0005422,"p(95)":0.0007109999999999996,"p(99)":41.82992251999993,"avg":2.00368675862069,"min":0.000281,"med":0.000311}},"http_req_failed":{"thresholds":{"rate<0.01":{"ok":true}},"type":"rate","contains":"default","values":{"fails":29,"rate":0,"passes":0}},"http_req_tls_handshaking":{"type":"trend","contains":"time","values":{"p(95)":0,"p(99)":6.50254823999999,"avg":0.31142472413793104,"min":0,"med":0,"max":9.031317,"p(90)":0}},"checks":{"type":"rate","contains":"default","values":{"fails":0,"rate":1,"passes":29}},"http_req_sending":{"contains":"time","values":{"min":0.068027,"med":0.103384,"max":0.181279,"p(90)":0.1207838,"p(95)":0.13506639999999998,"p(99)":0.16960047999999994,"avg":0.10217617241379308},"type":"trend"},"data_sent":{"values":{"count":7501,"rate":250.00972798150605},"type":"counter","contains":"data"},"data_received":{"contains":"data","values":{"count":1704476,"rate":56810.5027477677},"type":"counter"}}}