{"options":{"summaryTrendStats":["avg","min","med","max","p(90)","p(95)","p(99)"],"summaryTimeUnit":"","noColor":false},"state":{"testRunDurationMs":30739.65026,"isStdOutTTY":false,"isStdErrTTY":false},"metrics":{"http_req_duration{expected_response:true}":{"type":"trend","contains":"time","values":{"min":82.810159,"med":100.24712,"max":326.807488,"p(90)":172.8624212,"p(95)":221.04373079999993,"p(99)":304.62047509999985,"avg":136.12537440740743}},"http_req_tls_handshaking":{"type":"trend","contains":"time","values":{"p(99)":8.197909439999982,"avg":0.41030577777777777,"min":0,"med":0,"max":11.078256,"p(90)":0,"p(95)":0}},"http_req_waiting":{"type":"trend","contains":"time","values":{"avg":134.00360555555557,"min":82.378186,"med":95.991943,"max":326.375885,"p(90)":172.3496446,"p(95)":217.71840039999995,"p(99)":303.12247793999984}},"data_sent":{"type":"counter","contains":"data","values":{"count":7917,"rate":257.5501000511383}},"iteration_duration":{"type":"trend","contains":"time","values":{"max":1327.706814,"p(90)":1173.747128,"p(95)":1249.7513686,"p(99)":1315.8611913799998,"avg":1138.473234074074,"min":1083.451991,"med":1101.379469}},"http_req_blocked":{"contains":"time","values":{"p(99)":29.01721795999994,"avg":1.4526486296296302,"min":0.00029,"med":0.000311,"max":39.212235,"p(90)":0.0005870000000000001,"p(95)":0.000625},"type":"trend"},"checks":{"type":"rate","contains":"default","values":{"rate":1,"passes":27,"fails":0}},"vus_max":{"values":{"value":1,"min":1,"max":1},"type":"gauge","contains":"default"},"data_received":{"type":"counter","contains":"data","values":{"count":1587426,"rate":51640.99092128057}},"http_reqs":{"values":{"rate":0.8783444109360533,"count":27},"type":"counter","contains":"default"},"http_req_sending":{"type":"trend","contains":"time","values":{"min":0.065251,"med":0.10194,"max":0.160259,"p(90)":0.1343544,"p(95)":0.1381717,"p(99)":0.15457253999999998,"avg":0.1023761851851852}},"vus":{"type":"gauge","contains":"default","values":{"value":1,"min":1,"max":1}},"http_req_duration":{"type":"trend","contains":"time","values":{"p(99)":304.62047509999985,"avg":136.12537440740743,"min":82.810159,"med":100.24712,"max":326.807488,"p(90)":172.8624212,"p(95)":221.04373079999993},"thresholds":{"p(95)<800":{"ok":true}}},"http_req_receiving":{"type":"trend","contains":"time","values":{"avg":2.019392666666667,"min":0.263198,"med":0.438036,"max":7.136698,"p(90)":5.0215668,"p(95)":5.387782799999999,"p(99)":6.720259639999997}},"http_req_failed":{"type":"rate","contains":"default","values":{"rate":0,"passes":0,"fails":27},"thresholds":{"rate<0.01":{"ok":true}}},"http_req_connecting":{"type":"trend","contains":"time","values":{"med":0,"max":2.027288,"p(90)":0,"p(95)":0,"p(99)":1.5001931199999967,"avg":0.07508474074074074,"min":0}},"iterations":{"type":"counter","contains":"default","values":{"count":27,"rate":0.8783444109360533}}},"root_group":{"path":"","id":"d41d8cd98f00b204e9800998ecf8427e","groups":[],"checks":[{"name":"status es 200","path":"::status es 200","id":"c8f562f01bcdf8f7be8c15f6ad60295d","passes":27,"fails":0}],"name":""}}