{"state":{"isStdOutTTY":false,"isStdErrTTY":false,"testRunDurationMs":30646.138232},"metrics":{"http_req_blocked":{"type":"trend","contains":"time","values":{"max":27.564435,"p(90)":0.0004324000000000001,"p(95)":0.0006189999999999999,"p(99)":20.397861559999956,"avg":1.0212437037037037,"min":0.0003,"med":0.00033}},"http_req_tls_handshaking":{"type":"trend","contains":"time","values":{"min":0,"med":0,"max":15.159674,"p(90)":0,"p(95)":0,"p(99)":11.218158759999977,"avg":0.5614694074074075}},"data_received":{"contains":"data","values":{"count":1587385,"rate":51797.22769580439},"type":"counter"},"checks":{"type":"rate","contains":"default","values":{"fails":0,"rate":1,"passes":27}},"iteration_duration":{"type":"trend","contains":"time","values":{"avg":1135.0084992592595,"min":1083.386574,"med":1147.518401,"max":1285.248323,"p(90)":1150.669786,"p(95)":1151.636763,"p(99)":1250.5355690799997}},"iterations":{"type":"counter","contains":"default","values":{"count":27,"rate":0.8810245452657789}},"http_req_sending":{"type":"trend","contains":"time","values":{"min":0.084899,"med":0.107622,"max":0.167052,"p(90)":0.1318544,"p(95)":0.15704509999999997,"p(99)":0.16666642,"avg":0.111716}},"http_req_waiting":{"values":{"max":283.960678,"p(90)":149.0997638,"p(95)":150.085043,"p(99)":249.21861011999977,"avg":131.75606340740742,"min":81.929109,"med":145.707579},"type":"trend","contains":"time"},"vus_max":{"values":{"value":1,"min":1,"max":1},"type":"gauge","contains":"default"},"http_req_failed":{"type":"rate","contains":"default","values":{"rate":0,"passes":0,"fails":27},"thresholds":{"rate<0.01":{"ok":true}}},"http_reqs":{"type":"counter","contains":"default","values":{"count":27,"rate":0.8810245452657789}},"http_req_connecting":{"type":"trend","contains":"time","values":{"avg":0.07765937037037036,"min":0,"med":0,"max":2.096803,"p(90)":0,"p(95)":0,"p(99)":1.5516342199999966}},"data_sent":{"type":"counter","contains":"data","values":{"count":7965,"rate":259.90224085340475}},"http_req_duration{expected_response:true}":{"type":"trend","contains":"time","values":{"max":284.630708,"p(90)":149.6647444,"p(95)":150.6038584,"p(99)":249.84027647999983,"avg":133.0910925555556,"min":83.0695,"med":146.670739}},"vus":{"type":"gauge","contains":"default","values":{"value":1,"min":1,"max":1}},"http_req_duration":{"thresholds":{"p(95)<800":{"ok":true}},"type":"trend","contains":"time","values":{"max":284.630708,"p(90)":149.6647444,"p(95)":150.6038584,"p(99)":249.84027647999983,"avg":133.0910925555556,"min":83.0695,"med":146.670739}},"http_req_receiving":{"type":"trend","contains":"time","values":{"avg":1.223313148148148,"min":0.271268,"med":0.49804,"max":4.948107,"p(90)":4.401474,"p(95)":4.704710899999999,"p(99)":4.89583036}}},"root_group":{"name":"","path":"","id":"d41d8cd98f00b204e9800998ecf8427e","groups":[],"checks":[{"passes":27,"fails":0,"name":"status es 200","path":"::status es 200","id":"c8f562f01bcdf8f7be8c15f6ad60295d"}]},"options":{"summaryTimeUnit":"","noColor":false,"summaryTrendStats":["avg","min","med","max","p(90)","p(95)","p(99)"]}}