{"state":{"isStdOutTTY":false,"isStdErrTTY":false,"testRunDurationMs":30106.949817},"metrics":{"vus":{"type":"gauge","contains":"default","values":{"value":1,"min":1,"max":1}},"vus_max":{"type":"gauge","contains":"default","values":{"value":1,"min":1,"max":1}},"http_req_blocked":{"type":"trend","contains":"time","values":{"avg":4.994289267857143,"min":0.000173,"med":0.0003285,"max":147.791581,"p(90)":0.0005420000000000001,"p(95)":0.00489075,"p(99)":139.02562710000007}},"http_req_waiting":{"type":"trend","contains":"time","values":{"p(90)":61.499018,"p(95)":61.58051625,"p(99)":61.7644843,"avg":32.07796282142857,"min":2.265389,"med":35.6039275,"max":61.835706}},"http_req_tls_handshaking":{"type":"trend","contains":"time","values":{"max":62.342266,"p(90)":0,"p(95)":0,"p(99)":31.41439155000016,"avg":1.2223577321428571,"min":0,"med":0}},"http_req_receiving":{"values":{"max":0.187752,"p(90)":0.110157,"p(95)":0.1229015,"p(99)":0.1706541500000001,"avg":0.06988653571428573,"min":0.036302,"med":0.06258},"type":"trend","contains":"time"},"checks":{"type":"rate","contains":"default","values":{"rate":1,"passes":56,"fails":0}},"data_sent":{"contains":"data","values":{"count":6158,"rate":204.5374917562344},"type":"counter"},"iteration_duration":{"type":"trend","contains":"time","values":{"min":1064.152552,"med":1064.9670019999999,"max":1352.607559,"p(90)":1065.4303248,"p(95)":1065.9193492,"p(99)":1275.2719377100002,"avg":1075.2101601428574}},"http_req_failed":{"contains":"default","values":{"passes":0,"fails":56,"rate":0},"thresholds":{"rate<0.01":{"ok":true}},"type":"rate"},"http_reqs":{"type":"counter","contains":"default","values":{"count":56,"rate":1.8600356509173637}},"data_received":{"type":"counter","contains":"data","values":{"count":110869,"rate":3682.505224670664}},"http_req_duration":{"type":"trend","contains":"time","values":{"avg":32.208871999999985,"min":2.413321,"med":35.7660515,"max":61.957913,"p(90)":61.6434575,"p(95)":61.7324865,"p(99)":61.91130875},"thresholds":{"p(95)<800":{"ok":true}}},"http_req_sending":{"type":"trend","contains":"time","values":{"p(90)":0.0973115,"p(95)":0.1039255,"p(99)":0.1269531000000001,"avg":0.06102264285714287,"min":0.018478,"med":0.0651755,"max":0.148028}},"iterations":{"contains":"default","values":{"count":28,"rate":0.9300178254586818},"type":"counter"},"http_req_connecting":{"values":{"p(95)":0,"p(99)":30.489872000000183,"avg":1.2018330357142857,"min":0,"med":0,"max":65.265855,"p(90)":0},"type":"trend","contains":"time"},"http_req_duration{expected_response:true}":{"contains":"time","values":{"min":2.413321,"med":35.7660515,"max":61.957913,"p(90)":61.6434575,"p(95)":61.7324865,"p(99)":61.91130875,"avg":32.208871999999985},"type":"trend"}},"root_group":{"checks":[{"name":"status 2xx","path":"::status 2xx","id":"5bf9cd1e387741ed8e40bbdbca9b6c92","passes":28,"fails":0},{"passes":28,"fails":0,"name":"tiene cuerpo","path":"::tiene cuerpo","id":"142ead3daa5d531bd997126675e457dd"}],"name":"","path":"","id":"d41d8cd98f00b204e9800998ecf8427e","groups":[]},"options":{"summaryTrendStats":["avg","min","med","max","p(90)","p(95)","p(99)"],"summaryTimeUnit":"","noColor":false}}