{"root_group":{"name":"","path":"","id":"d41d8cd98f00b204e9800998ecf8427e","groups":[],"checks":[{"id":"c8f562f01bcdf8f7be8c15f6ad60295d","passes":27,"fails":0,"name":"status es 200","path":"::status es 200"}]},"options":{"summaryTrendStats":["avg","min","med","max","p(90)","p(95)","p(99)"],"summaryTimeUnit":"","noColor":false},"state":{"isStdOutTTY":false,"isStdErrTTY":false,"testRunDurationMs":30851.266414},"metrics":{"http_req_receiving":{"type":"trend","contains":"time","values":{"p(99)":4.313091259999999,"avg":0.8103444814814814,"min":0.182884,"med":0.284692,"max":4.470053,"p(90)":2.4932748,"p(95)":3.456275599999999}},"checks":{"values":{"rate":1,"passes":27,"fails":0},"type":"rate","contains":"default"},"iterations":{"contains":"default","values":{"count":27,"rate":0.875166666991267},"type":"counter"},"http_req_blocked":{"type":"trend","contains":"time","values":{"med":0.000331,"max":90.496404,"p(90)":0.000411,"p(95)":0.00041799999999999997,"p(99)":66.96744841999985,"avg":3.3520544074074077,"min":0.00031}},"data_received":{"type":"counter","contains":"data","values":{"count":1587014,"rate":51440.805661054765}},"http_req_duration":{"contains":"time","values":{"max":276.807401,"p(90)":148.2161332,"p(95)":158.5702562,"p(99)":247.20497593999983,"avg":138.46248966666667,"min":89.175423,"med":144.865478},"thresholds":{"p(95)<800":{"ok":true}},"type":"trend"},"http_req_duration{expected_response:true}":{"values":{"p(90)":148.2161332,"p(95)":158.5702562,"p(99)":247.20497593999983,"avg":138.46248966666667,"min":89.175423,"med":144.865478,"max":276.807401},"type":"trend","contains":"time"},"data_sent":{"type":"counter","contains":"data","values":{"count":6997,"rate":226.7978210717739}},"http_req_sending":{"type":"trend","contains":"time","values":{"min":0.06942,"med":0.10663,"max":0.167023,"p(90)":0.1280512,"p(95)":0.14589929999999998,"p(99)":0.16342382,"avg":0.11007592592592592}},"vus_max":{"values":{"min":1,"max":1,"value":1},"type":"gauge","contains":"default"},"http_reqs":{"type":"counter","contains":"default","values":{"rate":0.875166666991267,"count":27}},"http_req_tls_handshaking":{"type":"trend","contains":"time","values":{"p(90)":0,"p(95)":0,"p(99)":10.767435859999978,"avg":0.5389107037037038,"min":0,"med":0,"max":14.550589}},"http_req_waiting":{"type":"trend","contains":"time","values":{"avg":137.54206925925925,"min":88.843082,"med":144.45119,"max":276.239957,"p(90)":147.8375662,"p(95)":155.6306483,"p(99)":245.7363893599998}},"iteration_duration":{"type":"trend","contains":"time","values":{"avg":1142.605672,"min":1090.181288,"med":1145.521521,"max":1277.759379,"p(90)":1149.0916536,"p(95)":1223.0869593,"p(99)":1271.75072232}},"http_req_failed":{"type":"rate","contains":"default","values":{"fails":27,"rate":0,"passes":0},"thresholds":{"rate<0.01":{"ok":true}}},"http_req_connecting":{"values":{"max":1.523006,"p(90)":0,"p(95)":0,"p(99)":1.1270244399999976,"avg":0.056407629629629634,"min":0,"med":0},"type":"trend","contains":"time"},"vus":{"type":"gauge","contains":"default","values":{"value":1,"min":1,"max":1}}}}