{"root_group":{"name":"","path":"","id":"d41d8cd98f00b204e9800998ecf8427e","groups":[],"checks":[{"fails":0,"name":"status es 200","path":"::status es 200","id":"c8f562f01bcdf8f7be8c15f6ad60295d","passes":28}]},"options":{"summaryTimeUnit":"","noColor":false,"summaryTrendStats":["avg","min","med","max","p(90)","p(95)","p(99)"]},"state":{"isStdOutTTY":false,"isStdErrTTY":false,"testRunDurationMs":30030.411065},"metrics":{"iterations":{"type":"counter","contains":"default","values":{"count":28,"rate":0.932388169425812}},"http_reqs":{"type":"counter","contains":"default","values":{"count":28,"rate":0.932388169425812}},"data_sent":{"type":"counter","contains":"data","values":{"count":9059,"rate":301.6608723867297}},"http_req_failed":{"type":"rate","contains":"default","values":{"fails":28,"rate":0,"passes":0},"thresholds":{"rate<0.01":{"ok":true}}},"http_req_tls_handshaking":{"type":"trend","contains":"time","values":{"min":0,"med":0,"max":17.100366,"p(90)":0,"p(95)":0,"p(99)":12.483267180000007,"avg":0.6107273571428572}},"http_req_sending":{"type":"trend","contains":"time","values":{"p(95)":0.1040907,"p(99)":0.12352891000000002,"avg":0.07825257142857144,"min":0.045375,"med":0.0823135,"max":0.129784,"p(90)":0.09503450000000001}},"http_req_duration{expected_response:true}":{"type":"trend","contains":"time","values":{"avg":66.27663064285714,"min":61.999131,"med":64.1874975,"max":114.0744,"p(90)":66.7804897,"p(95)":67.40269325,"p(99)":101.56076967000001}},"http_req_waiting":{"type":"trend","contains":"time","values":{"p(95)":62.758700749999996,"p(99)":97.39557623000002,"avg":61.454228071428574,"min":57.656111,"med":59.338899,"max":110.034209,"p(90)":61.7962228}},"http_req_blocked":{"type":"trend","contains":"time","values":{"p(95)":0.0021855999999999967,"p(99)":112.88634567000004,"avg":5.523227785714284,"min":0.000219,"med":0.000294,"max":154.637736,"p(90)":0.0007250000000000001}},"http_req_connecting":{"type":"trend","contains":"time","values":{"min":0,"med":0,"max":19.957402,"p(90)":0,"p(95)":0,"p(99)":14.568903460000007,"avg":0.7127643571428571}},"iteration_duration":{"type":"trend","contains":"time","values":{"p(90)":1067.3464922,"p(95)":1068.45501915,"p(99)":1214.93436517,"avg":1072.4820919285717,"min":1062.576888,"med":1064.8422715000002,"max":1268.976358}},"checks":{"type":"rate","contains":"default","values":{"passes":28,"fails":0,"rate":1}},"http_req_receiving":{"type":"trend","contains":"time","values":{"p(99)":5.24684986,"avg":4.744149999999999,"min":3.910407,"med":4.809502,"max":5.316802,"p(90)":5.0184224,"p(95)":5.05491195}},"vus_max":{"values":{"min":1,"max":1,"value":1},"type":"gauge","contains":"default"},"data_received":{"type":"counter","contains":"data","values":{"count":1646188,"rate":54817.3648518121}},"vus":{"type":"gauge","contains":"default","values":{"min":1,"max":1,"value":1}},"http_req_duration":{"thresholds":{"p(95)<800":{"ok":true}},"type":"trend","contains":"time","values":{"p(99)":101.56076967000001,"avg":66.27663064285714,"min":61.999131,"med":64.1874975,"max":114.0744,"p(90)":66.7804897,"p(95)":67.40269325}}}}