{"state":{"isStdErrTTY":false,"testRunDurationMs":30923.674856,"isStdOutTTY":false},"metrics":{"http_req_waiting":{"type":"trend","contains":"time","values":{"min":83.251713,"med":157.196986,"max":308.668701,"p(90)":161.908222,"p(95)":163.0367996,"p(99)":270.8794502799998,"avg":141.695656}},"http_req_receiving":{"type":"trend","contains":"time","values":{"p(95)":5.0634366,"p(99)":5.34027828,"avg":1.450403037037037,"min":0.302643,"med":0.400978,"max":5.405427,"p(90)":4.439055600000001}},"vus_max":{"type":"gauge","contains":"default","values":{"value":1,"min":1,"max":1}},"http_req_failed":{"contains":"default","values":{"rate":0,"passes":0,"fails":27},"thresholds":{"rate<0.01":{"ok":true}},"type":"rate"},"http_reqs":{"type":"counter","contains":"default","values":{"count":27,"rate":0.8731174456376518}},"http_req_connecting":{"type":"trend","contains":"time","values":{"p(99)":1.6249756199999965,"avg":0.08133011111111112,"min":0,"med":0,"max":2.195913,"p(90)":0,"p(95)":0}},"http_req_duration":{"thresholds":{"p(95)<800":{"ok":true}},"type":"trend","contains":"time","values":{"avg":143.25967855555552,"min":83.709115,"med":157.666483,"max":309.498371,"p(90)":162.4055426,"p(95)":163.566161,"p(99)":271.63477249999977}},"http_req_tls_handshaking":{"type":"trend","contains":"time","values":{"p(95)":0,"p(99)":7.485558059999985,"avg":0.3746525555555556,"min":0,"med":0,"max":10.115619,"p(90)":0}},"http_req_sending":{"type":"trend","contains":"time","values":{"avg":0.11361951851851852,"min":0.072084,"med":0.107821,"max":0.165519,"p(90)":0.1437322,"p(95)":0.1517848,"p(99)":0.16252328}},"vus":{"contains":"default","values":{"min":1,"max":1,"value":1},"type":"gauge"},"http_req_blocked":{"type":"trend","contains":"time","values":{"med":0.00033,"max":29.05936,"p(90)":0.0004690000000000001,"p(95)":0.000588,"p(99)":21.504087859999956,"avg":1.0766110370370368,"min":0.00028}},"data_sent":{"values":{"count":7487,"rate":242.11223390700366},"type":"counter","contains":"data"},"checks":{"type":"rate","contains":"default","values":{"rate":1,"passes":27,"fails":0}},"iteration_duration":{"type":"trend","contains":"time","values":{"p(90)":1163.1581486,"p(95)":1164.4998604,"p(99)":1294.3569505999997,"avg":1145.289132777778,"min":1084.9567,"med":1158.751086,"max":1339.83945}},"iterations":{"type":"counter","contains":"default","values":{"rate":0.8731174456376518,"count":27}},"data_received":{"type":"counter","contains":"data","values":{"count":1587810,"rate":51346.09671696}},"http_req_duration{expected_response:true}":{"type":"trend","contains":"time","values":{"p(95)":163.566161,"p(99)":271.63477249999977,"avg":143.25967855555552,"min":83.709115,"med":157.666483,"max":309.498371,"p(90)":162.4055426}}},"root_group":{"checks":[{"fails":0,"name":"status es 200","path":"::status es 200","id":"c8f562f01bcdf8f7be8c15f6ad60295d","passes":27}],"name":"","path":"","id":"d41d8cd98f00b204e9800998ecf8427e","groups":[]},"options":{"summaryTimeUnit":"","noColor":false,"summaryTrendStats":["avg","min","med","max","p(90)","p(95)","p(99)"]}}