{"options":{"summaryTrendStats":["avg","min","med","max","p(90)","p(95)","p(99)"],"summaryTimeUnit":"","noColor":false},"state":{"isStdOutTTY":false,"isStdErrTTY":false,"testRunDurationMs":30989.301405},"metrics":{"http_req_blocked":{"type":"trend","contains":"time","values":{"avg":3.5714488666666657,"min":0.000291,"med":0.000321,"max":107.132371,"p(90)":0.0004181000000000004,"p(95)":0.0011465499999999975,"p(99)":76.06443088000009}},"http_req_duration{expected_response:true}":{"type":"trend","contains":"time","values":{"avg":28.580000699999992,"min":22.804646,"med":26.0632695,"max":67.054524,"p(90)":33.920220300000004,"p(95)":35.8705309,"p(99)":58.14120638000003}},"http_req_duration":{"contains":"time","values":{"avg":28.580000699999992,"min":22.804646,"med":26.0632695,"max":67.054524,"p(90)":33.920220300000004,"p(95)":35.8705309,"p(99)":58.14120638000003},"thresholds":{"p(95)<800":{"ok":true}},"type":"trend"},"http_req_waiting":{"type":"trend","contains":"time","values":{"avg":27.981746866666672,"min":22.217962,"med":25.4425105,"max":66.407482,"p(90)":33.2516747,"p(95)":35.307142549999995,"p(99)":57.50620431000003}},"http_req_receiving":{"type":"trend","contains":"time","values":{"avg":0.48914196666666676,"min":0.319598,"med":0.486223,"max":0.640787,"p(90)":0.591336,"p(95)":0.6186862499999999,"p(99)":0.63536632}},"data_sent":{"values":{"count":8363,"rate":269.86732907282203},"type":"counter","contains":"data"},"vus_max":{"type":"gauge","contains":"default","values":{"value":1,"min":1,"max":1}},"checks":{"type":"rate","contains":"default","values":{"passes":30,"fails":0,"rate":1}},"iteration_duration":{"type":"trend","contains":"time","values":{"p(99)":1135.1097169900002,"avg":1032.9426086666667,"min":1023.607329,"med":1026.8350065,"max":1175.03859,"p(90)":1035.1956611,"p(95)":1036.8179078}},"http_req_sending":{"contains":"time","values":{"avg":0.10911186666666668,"min":0.073378,"med":0.107045,"max":0.16067,"p(90)":0.1394051,"p(95)":0.14639509999999997,"p(99)":0.15794516},"type":"trend"},"data_received":{"contains":"data","values":{"rate":56877.20987849097,"count":1762585},"type":"counter"},"iterations":{"type":"counter","contains":"default","values":{"rate":0.9680760339811861,"count":30}},"http_req_connecting":{"type":"trend","contains":"time","values":{"max":2.232271,"p(90)":0,"p(95)":0,"p(99)":1.5849124100000018,"avg":0.07440903333333333,"min":0,"med":0}},"vus":{"type":"gauge","contains":"default","values":{"value":1,"min":1,"max":1}},"http_reqs":{"type":"counter","contains":"default","values":{"count":30,"rate":0.9680760339811861}},"http_req_tls_handshaking":{"type":"trend","contains":"time","values":{"avg":0.32578853333333335,"min":0,"med":0,"max":9.773656,"p(90)":0,"p(95)":0,"p(99)":6.939295760000009}},"http_req_failed":{"thresholds":{"rate<0.01":{"ok":true}},"type":"rate","contains":"default","values":{"rate":0,"passes":0,"fails":30}}},"root_group":{"path":"","id":"d41d8cd98f00b204e9800998ecf8427e","groups":[],"checks":[{"passes":30,"fails":0,"name":"status es 200","path":"::status es 200","id":"c8f562f01bcdf8f7be8c15f6ad60295d"}],"name":""}}