{"root_group":{"name":"","path":"","id":"d41d8cd98f00b204e9800998ecf8427e","groups":[],"checks":[{"passes":26,"fails":0,"name":"status es 200","path":"::status es 200","id":"c8f562f01bcdf8f7be8c15f6ad60295d"}]},"options":{"summaryTrendStats":["avg","min","med","max","p(90)","p(95)","p(99)"],"summaryTimeUnit":"","noColor":false},"state":{"isStdOutTTY":false,"isStdErrTTY":false,"testRunDurationMs":30519.249513},"metrics":{"vus":{"values":{"value":1,"min":1,"max":1},"type":"gauge","contains":"default"},"iteration_duration":{"type":"trend","contains":"time","values":{"med":1175.6573395,"max":1390.061933,"p(90)":1177.3888375000001,"p(95)":1181.67450775,"p(99)":1338.2792035,"avg":1173.7804213076922,"min":1105.55784}},"http_req_receiving":{"type":"trend","contains":"time","values":{"med":0.3257355,"max":15.565086,"p(90)":1.2017055,"p(95)":1.626704,"p(99)":12.08472325,"avg":1.0242261153846155,"min":0.194692}},"data_sent":{"type":"counter","contains":"data","values":{"count":6491,"rate":212.6854396349127}},"http_req_failed":{"type":"rate","contains":"default","values":{"rate":0,"passes":0,"fails":26},"thresholds":{"rate<0.01":{"ok":true}}},"http_req_duration{expected_response:true}":{"type":"trend","contains":"time","values":{"med":174.6625345,"max":342.477162,"p(90)":176.97645749999998,"p(95)":180.682789,"p(99)":302.28247225,"avg":171.17109376923074,"min":104.772911}},"http_req_duration":{"type":"trend","contains":"time","values":{"p(95)":180.682789,"p(99)":302.28247225,"avg":171.17109376923074,"min":104.772911,"med":174.6625345,"max":342.477162,"p(90)":176.97645749999998},"thresholds":{"p(95)<800":{"ok":true}}},"data_received":{"type":"counter","contains":"data","values":{"count":1528466,"rate":50082.030993223925}},"http_req_sending":{"type":"trend","contains":"time","values":{"p(90)":0.13396,"p(95)":0.148632,"p(99)":0.15328275,"avg":0.11120080769230767,"min":0.07488,"med":0.1097445,"max":0.153726}},"http_req_connecting":{"type":"trend","contains":"time","values":{"p(95)":0,"p(99)":1.36369875,"avg":0.06993326923076923,"min":0,"med":0,"max":1.818265,"p(90)":0}},"http_req_tls_handshaking":{"type":"trend","contains":"time","values":{"med":0,"max":14.37578,"p(90)":0,"p(95)":0,"p(99)":10.781835000000001,"avg":0.5529146153846154,"min":0}},"checks":{"type":"rate","contains":"default","values":{"rate":1,"passes":26,"fails":0}},"http_req_waiting":{"type":"trend","contains":"time","values":{"avg":170.03566684615387,"min":100.989615,"med":174.230813,"max":342.043856,"p(90)":176.5425195,"p(95)":180.31583025,"p(99)":301.86893925000004}},"vus_max":{"type":"gauge","contains":"default","values":{"value":1,"min":1,"max":1}},"iterations":{"contains":"default","values":{"count":26,"rate":0.8519213419361779},"type":"counter"},"http_req_blocked":{"type":"trend","contains":"time","values":{"med":0.00031,"max":46.288201,"p(90)":0.000396,"p(95)":0.000491,"p(99)":34.716281,"avg":1.7806358846153851,"min":0.00028}},"http_reqs":{"type":"counter","contains":"default","values":{"rate":0.8519213419361779,"count":26}}}}