{"metrics":{"http_req_blocked":{"type":"trend","contains":"time","values":{"avg":3.1695139642857177,"min":0.00028,"med":0.0003755,"max":165.202655,"p(90)":0.0005715,"p(95)":0.00084625,"p(99)":81.08903200000043}},"http_req_sending":{"type":"trend","contains":"time","values":{"avg":0.09147910714285716,"min":0.039965,"med":0.095114,"max":0.161342,"p(90)":0.13366050000000002,"p(95)":0.14753575,"p(99)":0.16039985}},"vus":{"contains":"default","values":{"value":1,"min":1,"max":1},"type":"gauge"},"data_received":{"values":{"rate":3675.716578209138,"count":111267},"type":"counter","contains":"data"},"http_req_waiting":{"type":"trend","contains":"time","values":{"avg":36.746634285714286,"min":2.096422,"med":37.363198,"max":71.344937,"p(90)":71.1580105,"p(95)":71.1910095,"p(99)":71.3085622}},"checks":{"type":"rate","contains":"default","values":{"rate":1,"passes":28,"fails":0}},"iterations":{"values":{"count":28,"rate":0.9249828268026986},"type":"counter","contains":"default"},"http_req_duration":{"type":"trend","contains":"time","values":{"min":2.286707,"med":37.5190435,"max":71.499955,"p(90)":71.32365100000001,"p(95)":71.3649095,"p(99)":71.49478445,"avg":36.913040910714294},"thresholds":{"p(95)<800":{"ok":true}}},"http_req_failed":{"type":"rate","contains":"default","values":{"rate":0,"passes":0,"fails":56},"thresholds":{"rate<0.01":{"ok":true}}},"iteration_duration":{"type":"trend","contains":"time","values":{"max":1252.657501,"p(90)":1075.5397202000001,"p(95)":1076.2148581000001,"p(99)":1205.06435233,"avg":1081.0691957499998,"min":1073.876422,"med":1074.6246995}},"vus_max":{"type":"gauge","contains":"default","values":{"value":1,"min":1,"max":1}},"http_req_tls_handshaking":{"type":"trend","contains":"time","values":{"avg":1.3571458214285712,"min":0,"med":0,"max":72.340891,"p(90)":0,"p(95)":0,"p(99)":34.5660022000002}},"http_req_receiving":{"type":"trend","contains":"time","values":{"p(90)":0.1177675,"p(95)":0.138926,"p(99)":0.14675555000000004,"avg":0.07492751785714288,"min":0.035246,"med":0.06443,"max":0.152475}},"http_req_duration{expected_response:true}":{"type":"trend","contains":"time","values":{"med":37.5190435,"max":71.499955,"p(90)":71.32365100000001,"p(95)":71.3649095,"p(99)":71.49478445,"avg":36.913040910714294,"min":2.286707}},"http_reqs":{"type":"counter","contains":"default","values":{"count":56,"rate":1.8499656536053972}},"data_sent":{"type":"counter","contains":"data","values":{"count":6052,"rate":199.92843099321186}},"http_req_connecting":{"values":{"p(95)":0,"p(99)":32.7966356500002,"avg":1.2948824107142858,"min":0,"med":0,"max":70.857426,"p(90)":0},"type":"trend","contains":"time"}},"root_group":{"groups":[],"checks":[{"path":"::status es 200","id":"c8f562f01bcdf8f7be8c15f6ad60295d","passes":28,"fails":0,"name":"status es 200"}],"name":"","path":"","id":"d41d8cd98f00b204e9800998ecf8427e"},"options":{"summaryTrendStats":["avg","min","med","max","p(90)","p(95)","p(99)"],"summaryTimeUnit":"","noColor":false},"state":{"isStdOutTTY":false,"isStdErrTTY":false,"testRunDurationMs":30270.832267}}