{"root_group":{"id":"d41d8cd98f00b204e9800998ecf8427e","groups":[],"checks":[{"name":"status es 200","path":"::status es 200","id":"c8f562f01bcdf8f7be8c15f6ad60295d","passes":27,"fails":0}],"name":"","path":""},"options":{"summaryTrendStats":["avg","min","med","max","p(90)","p(95)","p(99)"],"summaryTimeUnit":"","noColor":false},"state":{"isStdOutTTY":false,"isStdErrTTY":false,"testRunDurationMs":30109.49489},"metrics":{"http_req_blocked":{"type":"trend","contains":"time","values":{"max":99.820436,"p(90)":0.000455,"p(95)":0.0007549999999999996,"p(99)":73.86735169999984,"avg":3.697396555555555,"min":0.00029,"med":0.000311}},"http_req_receiving":{"type":"trend","contains":"time","values":{"med":4.988541,"max":5.218955,"p(90)":5.0855698,"p(95)":5.1094662,"p(99)":5.19060928,"avg":4.937855259259258,"min":3.986799}},"iterations":{"type":"counter","contains":"default","values":{"count":27,"rate":0.8967270988317798}},"http_req_duration{expected_response:true}":{"type":"trend","contains":"time","values":{"p(95)":153.86300339999997,"p(99)":180.63470361999998,"avg":110.6019278518519,"min":101.512203,"med":104.445335,"max":184.245041,"p(90)":114.5934596}},"http_reqs":{"type":"counter","contains":"default","values":{"count":27,"rate":0.8967270988317798}},"data_sent":{"type":"counter","contains":"data","values":{"count":9455,"rate":314.02054516498066}},"http_req_failed":{"contains":"default","values":{"rate":0,"passes":0,"fails":27},"thresholds":{"rate<0.01":{"ok":true}},"type":"rate"},"data_received":{"values":{"count":1587521,"rate":52724.9296542417},"type":"counter","contains":"data"},"iteration_duration":{"values":{"p(90)":1115.4042752,"p(95)":1154.9430433,"p(99)":1255.54603966,"avg":1115.1347084074075,"min":1102.047728,"med":1105.28013,"max":1285.007227},"type":"trend","contains":"time"},"http_req_sending":{"contains":"time","values":{"avg":0.101114,"min":0.083977,"med":0.098644,"max":0.173525,"p(90)":0.11423520000000004,"p(95)":0.1235415,"p(99)":0.16075041999999995},"type":"trend"},"http_req_duration":{"thresholds":{"p(95)<800":{"ok":true}},"type":"trend","contains":"time","values":{"med":104.445335,"max":184.245041,"p(90)":114.5934596,"p(95)":153.86300339999997,"p(99)":180.63470361999998,"avg":110.6019278518519,"min":101.512203}},"http_req_waiting":{"type":"trend","contains":"time","values":{"min":96.377397,"med":99.454139,"max":180.084717,"p(90)":109.569152,"p(95)":148.73489079999996,"p(99)":176.225576,"avg":105.56295859259262}},"vus":{"values":{"value":1,"min":1,"max":1},"type":"gauge","contains":"default"},"vus_max":{"type":"gauge","contains":"default","values":{"max":1,"value":1,"min":1}},"http_req_connecting":{"type":"trend","contains":"time","values":{"med":0,"max":18.629548,"p(90)":0,"p(95)":0,"p(99)":13.785865519999971,"avg":0.6899832592592593,"min":0}},"http_req_tls_handshaking":{"type":"trend","contains":"time","values":{"max":32.237637,"p(90)":0,"p(95)":0,"p(99)":23.855851379999947,"avg":1.1939865555555556,"min":0,"med":0}},"checks":{"type":"rate","contains":"default","values":{"fails":0,"rate":1,"passes":27}}}}