{"state":{"isStdOutTTY":false,"isStdErrTTY":false,"testRunDurationMs":30011.266322},"metrics":{"http_req_duration":{"values":{"p(99)":55.39214715999998,"avg":30.142178137931037,"min":24.560737,"med":27.949195,"max":59.531465,"p(90)":37.239373799999996,"p(95)":42.15629819999999},"thresholds":{"p(95)<800":{"ok":true}},"type":"trend","contains":"time"},"http_req_sending":{"type":"trend","contains":"time","values":{"avg":0.11287093103448276,"min":0.090324,"med":0.104996,"max":0.188229,"p(90)":0.14169879999999999,"p(95)":0.15247859999999996,"p(99)":0.17990347999999998}},"http_req_waiting":{"type":"trend","contains":"time","values":{"avg":28.864258758620693,"min":23.250793,"med":26.821749,"max":58.132096,"p(90)":35.803461399999996,"p(95)":41.10432379999998,"p(99)":54.143260519999984}},"data_received":{"type":"counter","contains":"data","values":{"count":1704702,"rate":56802.06832026793}},"iteration_duration":{"type":"trend","contains":"time","values":{"med":1028.711364,"max":1173.076994,"p(90)":1037.8256144,"p(95)":1042.8295094,"p(99)":1137.25138572,"avg":1034.8193712068964,"min":1025.45791}},"http_req_failed":{"type":"rate","contains":"default","values":{"rate":0,"passes":0,"fails":29},"thresholds":{"rate<0.01":{"ok":true}}},"checks":{"type":"rate","contains":"default","values":{"rate":1,"passes":29,"fails":0}},"vus_max":{"type":"gauge","contains":"default","values":{"value":1,"min":1,"max":1}},"http_req_connecting":{"contains":"time","values":{"min":0,"med":0,"max":5.921731,"p(90)":0,"p(95)":0,"p(99)":4.263646319999993,"avg":0.2041976206896552},"type":"trend"},"http_req_tls_handshaking":{"type":"trend","contains":"time","values":{"p(90)":0,"p(95)":0,"p(99)":9.999879119999985,"avg":0.47892141379310343,"min":0,"med":0,"max":13.888721}},"http_req_receiving":{"type":"trend","contains":"time","values":{"p(95)":1.4899767999999998,"p(99)":2.1228185599999994,"avg":1.1650484482758616,"min":0.743856,"med":1.072053,"max":2.357143,"p(90)":1.4398498}},"iterations":{"contains":"default","values":{"count":29,"rate":0.9663037770166104},"type":"counter"},"data_sent":{"contains":"data","values":{"count":9281,"rate":309.2505294652125},"type":"counter"},"http_req_duration{expected_response:true}":{"type":"trend","contains":"time","values":{"p(90)":37.239373799999996,"p(95)":42.15629819999999,"p(99)":55.39214715999998,"avg":30.142178137931037,"min":24.560737,"med":27.949195,"max":59.531465}},"http_req_blocked":{"values":{"p(95)":0.0009053999999999999,"p(99)":80.75790155999987,"avg":3.868116551724137,"min":0.00033,"med":0.000351,"max":112.163394,"p(90)":0.0007691999999999999},"type":"trend","contains":"time"},"vus":{"contains":"default","values":{"value":1,"min":1,"max":1},"type":"gauge"},"http_reqs":{"type":"counter","contains":"default","values":{"count":29,"rate":0.9663037770166104}}},"root_group":{"groups":[],"checks":[{"name":"status es 200","path":"::status es 200","id":"c8f562f01bcdf8f7be8c15f6ad60295d","passes":29,"fails":0}],"name":"","path":"","id":"d41d8cd98f00b204e9800998ecf8427e"},"options":{"noColor":false,"summaryTrendStats":["avg","min","med","max","p(90)","p(95)","p(99)"],"summaryTimeUnit":""}}