{"root_group":{"name":"","path":"","id":"d41d8cd98f00b204e9800998ecf8427e","groups":[],"checks":[{"passes":27,"fails":0,"name":"status es 200","path":"::status es 200","id":"c8f562f01bcdf8f7be8c15f6ad60295d"}]},"options":{"summaryTrendStats":["avg","min","med","max","p(90)","p(95)","p(99)"],"summaryTimeUnit":"","noColor":false},"state":{"isStdErrTTY":false,"testRunDurationMs":30388.481507,"isStdOutTTY":false},"metrics":{"http_req_sending":{"type":"trend","contains":"time","values":{"avg":0.09750262962962963,"min":0.062907,"med":0.095217,"max":0.153515,"p(90)":0.13258840000000002,"p(95)":0.1456025,"p(99)":0.15247058}},"http_req_tls_handshaking":{"type":"trend","contains":"time","values":{"avg":0.426207,"min":0,"med":0,"max":11.507589,"p(90)":0,"p(95)":0,"p(99)":8.515615859999981}},"data_received":{"type":"counter","contains":"data","values":{"rate":52249.63279702714,"count":1587787}},"iteration_duration":{"type":"trend","contains":"time","values":{"p(90)":1165.2765878,"p(95)":1168.6600591000001,"p(99)":1311.0856543799996,"avg":1125.468036962963,"min":1087.774992,"med":1101.111122,"max":1360.889561}},"iterations":{"type":"counter","contains":"default","values":{"count":27,"rate":0.8884945433611264}},"vus":{"type":"gauge","contains":"default","values":{"max":1,"value":1,"min":1}},"http_req_duration":{"type":"trend","contains":"time","values":{"p(99)":288.20176829999974,"avg":123.60279259259262,"min":86.978614,"med":100.015586,"max":330.253257,"p(90)":164.11779660000002,"p(95)":167.74251809999998},"thresholds":{"p(95)<800":{"ok":true}}},"data_sent":{"type":"counter","contains":"data","values":{"count":8493,"rate":279.4808946950387}},"http_req_blocked":{"type":"trend","contains":"time","values":{"med":0.000311,"max":29.474346,"p(90)":0.011495000000000057,"p(95)":0.0322634,"p(99)":21.819929619999954,"avg":1.0942645555555552,"min":0.000291}},"vus_max":{"type":"gauge","contains":"default","values":{"value":1,"min":1,"max":1}},"http_reqs":{"type":"counter","contains":"default","values":{"count":27,"rate":0.8884945433611264}},"http_req_receiving":{"values":{"avg":2.8404592962962965,"min":0.345271,"med":3.28065,"max":6.684901,"p(90)":5.418739800000001,"p(95)":5.7815956,"p(99)":6.4746324999999985},"type":"trend","contains":"time"},"checks":{"contains":"default","values":{"rate":1,"passes":27,"fails":0},"type":"rate"},"http_req_waiting":{"values":{"avg":120.66483066666669,"min":85.766073,"med":94.962026,"max":329.468653,"p(90)":163.5336918,"p(95)":167.2038985,"p(99)":287.49409023999976},"type":"trend","contains":"time"},"http_req_failed":{"contains":"default","values":{"rate":0,"passes":0,"fails":27},"thresholds":{"rate<0.01":{"ok":true}},"type":"rate"},"http_req_duration{expected_response:true}":{"type":"trend","contains":"time","values":{"avg":123.60279259259262,"min":86.978614,"med":100.015586,"max":330.253257,"p(90)":164.11779660000002,"p(95)":167.74251809999998,"p(99)":288.20176829999974}},"http_req_connecting":{"type":"trend","contains":"time","values":{"p(99)":1.399428799999997,"avg":0.07004148148148148,"min":0,"med":0,"max":1.89112,"p(90)":0,"p(95)":0}}}}