{"root_group":{"id":"d41d8cd98f00b204e9800998ecf8427e","groups":[],"checks":[{"name":"status es 200","path":"::status es 200","id":"c8f562f01bcdf8f7be8c15f6ad60295d","passes":29,"fails":0}],"name":"","path":""},"options":{"summaryTrendStats":["avg","min","med","max","p(90)","p(95)","p(99)"],"summaryTimeUnit":"","noColor":false},"state":{"isStdOutTTY":false,"isStdErrTTY":false,"testRunDurationMs":30181.997278},"metrics":{"checks":{"values":{"rate":1,"passes":29,"fails":0},"type":"rate","contains":"default"},"http_req_duration{expected_response:true}":{"type":"trend","contains":"time","values":{"p(90)":41.458177199999994,"p(95)":46.693913599999995,"p(99)":92.25993775999993,"avg":38.09259731034483,"min":30.350931,"med":35.272976,"max":109.851192}},"http_req_failed":{"type":"rate","contains":"default","values":{"rate":0,"passes":0,"fails":29},"thresholds":{"rate<0.01":{"ok":true}}},"data_sent":{"type":"counter","contains":"data","values":{"rate":299.5494273200431,"count":9041}},"http_req_duration":{"type":"trend","contains":"time","values":{"max":109.851192,"p(90)":41.458177199999994,"p(95)":46.693913599999995,"p(99)":92.25993775999993,"avg":38.09259731034483,"min":30.350931,"med":35.272976},"thresholds":{"p(95)<800":{"ok":true}}},"http_req_sending":{"contains":"time","values":{"avg":0.1263258275862069,"min":0.086859,"med":0.122661,"max":0.231172,"p(90)":0.1498138,"p(95)":0.1531068,"p(99)":0.2095380799999999},"type":"trend"},"http_req_tls_handshaking":{"type":"trend","contains":"time","values":{"p(90)":0,"p(95)":0,"p(99)":17.292137039999975,"avg":0.8281674827586207,"min":0,"med":0,"max":24.016857}},"vus_max":{"type":"gauge","contains":"default","values":{"min":1,"max":1,"value":1}},"http_req_blocked":{"type":"trend","contains":"time","values":{"avg":1.7392684482758625,"min":0.000301,"med":0.00035,"max":50.425728,"p(90)":0.0007471999999999998,"p(95)":0.0010273999999999997,"p(99)":36.30682963999994}},"iterations":{"type":"counter","contains":"default","values":{"count":29,"rate":0.9608376719700531}},"data_received":{"type":"counter","contains":"data","values":{"count":1704715,"rate":56481.18593008376}},"iteration_duration":{"type":"trend","contains":"time","values":{"avg":1040.7173713448276,"min":1031.678036,"med":1035.873664,"max":1161.58601,"p(90)":1042.1364978,"p(95)":1047.5165142,"p(99)":1129.7510249999998}},"http_req_connecting":{"type":"trend","contains":"time","values":{"avg":0.208723,"min":0,"med":0,"max":6.052967,"p(90)":0,"p(95)":0,"p(99)":4.358136239999993}},"http_req_waiting":{"type":"trend","contains":"time","values":{"avg":36.61265727586207,"min":29.016287,"med":33.535747,"max":108.219191,"p(90)":40.001781599999994,"p(95)":45.1873468,"p(99)":90.65907023999992}},"http_req_receiving":{"contains":"time","values":{"avg":1.3536142068965518,"min":1.030034,"med":1.400829,"max":1.735268,"p(90)":1.5395029999999998,"p(95)":1.6299693999999998,"p(99)":1.71526004},"type":"trend"},"vus":{"type":"gauge","contains":"default","values":{"value":1,"min":1,"max":1}},"http_reqs":{"contains":"default","values":{"count":29,"rate":0.9608376719700531},"type":"counter"}}}