{"root_group":{"name":"","path":"","id":"d41d8cd98f00b204e9800998ecf8427e","groups":[],"checks":[{"name":"status es 200","path":"::status es 200","id":"c8f562f01bcdf8f7be8c15f6ad60295d","passes":27,"fails":0}]},"options":{"summaryTrendStats":["avg","min","med","max","p(90)","p(95)","p(99)"],"summaryTimeUnit":"","noColor":false},"state":{"testRunDurationMs":30308.208461,"isStdOutTTY":false,"isStdErrTTY":false},"metrics":{"http_req_failed":{"type":"rate","contains":"default","values":{"passes":0,"fails":27,"rate":0},"thresholds":{"rate<0.01":{"ok":true}}},"http_req_tls_handshaking":{"type":"trend","contains":"time","values":{"p(95)":0,"p(99)":9.565978519999979,"avg":0.4787777037037037,"min":0,"med":0,"max":12.926998,"p(90)":0}},"http_req_duration{expected_response:true}":{"type":"trend","contains":"time","values":{"med":93.537932,"max":324.856488,"p(90)":169.7345192,"p(95)":171.02594009999999,"p(99)":284.96114783999974,"avg":119.92672474074074,"min":82.12759}},"data_sent":{"values":{"count":7009,"rate":231.25748290332112},"type":"counter","contains":"data"},"http_req_receiving":{"values":{"p(99)":5.20683562,"avg":2.5444002222222224,"min":0.206216,"med":2.432421,"max":5.235023,"p(90)":5.1115834,"p(95)":5.124658200000001},"type":"trend","contains":"time"},"checks":{"type":"rate","contains":"default","values":{"fails":0,"rate":1,"passes":27}},"http_reqs":{"values":{"rate":0.8908477726337095,"count":27},"type":"counter","contains":"default"},"iterations":{"type":"counter","contains":"default","values":{"rate":0.8908477726337095,"count":27}},"http_req_blocked":{"type":"trend","contains":"time","values":{"avg":1.6185537407407418,"min":0.00029,"med":0.000321,"max":43.692031,"p(90)":0.0004070000000000001,"p(95)":0.0005716999999999999,"p(99)":32.33226725999993}},"vus":{"type":"gauge","contains":"default","values":{"min":1,"max":1,"value":1}},"http_req_duration":{"values":{"p(95)":171.02594009999999,"p(99)":284.96114783999974,"avg":119.92672474074074,"min":82.12759,"med":93.537932,"max":324.856488,"p(90)":169.7345192},"thresholds":{"p(95)<800":{"ok":true}},"type":"trend","contains":"time"},"http_req_sending":{"type":"trend","contains":"time","values":{"max":0.197239,"p(90)":0.136602,"p(95)":0.15296829999999997,"p(99)":0.18735873999999994,"avg":0.11773274074074075,"min":0.076633,"med":0.114123}},"http_req_connecting":{"type":"trend","contains":"time","values":{"avg":0.0472222962962963,"min":0,"med":0,"max":1.275002,"p(90)":0,"p(95)":0,"p(99)":0.943501479999998}},"vus_max":{"type":"gauge","contains":"default","values":{"value":1,"min":1,"max":1}},"http_req_waiting":{"type":"trend","contains":"time","values":{"avg":117.26459177777781,"min":79.860772,"med":91.711274,"max":324.303159,"p(90)":169.311414,"p(95)":170.5928337,"p(99)":284.4434554799998}},"data_received":{"contains":"data","values":{"count":1587072,"rate":52364.42800775284},"type":"counter"},"iteration_duration":{"type":"trend","contains":"time","values":{"p(99)":1286.21376636,"avg":1122.4912286666668,"min":1083.315832,"med":1093.793258,"max":1326.201549,"p(90)":1171.0052891999999,"p(95)":1172.1105789}}}}