{"root_group":{"name":"","path":"","id":"d41d8cd98f00b204e9800998ecf8427e","groups":[],"checks":[{"id":"c8f562f01bcdf8f7be8c15f6ad60295d","passes":27,"fails":0,"name":"status es 200","path":"::status es 200"}]},"options":{"summaryTrendStats":["avg","min","med","max","p(90)","p(95)","p(99)"],"summaryTimeUnit":"","noColor":false},"state":{"isStdOutTTY":false,"isStdErrTTY":false,"testRunDurationMs":31296.451049},"metrics":{"iteration_duration":{"type":"trend","contains":"time","values":{"p(99)":1390.54269412,"avg":1159.0947722962965,"min":1095.828155,"med":1107.244806,"max":1393.401482,"p(90)":1335.3969884,"p(95)":1369.9879859999999}},"http_req_blocked":{"type":"trend","contains":"time","values":{"med":0.00032,"max":104.711048,"p(90)":0.00038,"p(95)":0.0003877,"p(99)":77.48627717999985,"avg":3.8784960740740746,"min":0.000281}},"http_req_receiving":{"type":"trend","contains":"time","values":{"p(90)":3.0498368000000005,"p(95)":3.2849255,"p(99)":3.6466068799999993,"avg":1.7155076666666662,"min":0.920762,"med":1.353327,"max":3.751598}},"vus":{"type":"gauge","contains":"default","values":{"value":1,"min":1,"max":1}},"http_req_duration":{"contains":"time","values":{"p(99)":389.71535473999995,"avg":154.35229992592593,"min":95.095737,"med":106.47531,"max":392.54708,"p(90)":334.54719600000004,"p(95)":369.166703},"thresholds":{"p(95)<800":{"ok":true}},"type":"trend"},"http_req_sending":{"type":"trend","contains":"time","values":{"p(90)":0.1237732,"p(95)":0.1279523,"p(99)":0.17341373999999993,"avg":0.10743259259259261,"min":0.087183,"med":0.103133,"max":0.188923}},"data_sent":{"type":"counter","contains":"data","values":{"count":9695,"rate":309.779533303019}},"data_received":{"type":"counter","contains":"data","values":{"count":1587802,"rate":50734.25090640538}},"http_reqs":{"values":{"count":27,"rate":0.8627176275586914},"type":"counter","contains":"default"},"http_req_duration{expected_response:true}":{"type":"trend","contains":"time","values":{"p(95)":369.166703,"p(99)":389.71535473999995,"avg":154.35229992592593,"min":95.095737,"med":106.47531,"max":392.54708,"p(90)":334.54719600000004}},"http_req_tls_handshaking":{"type":"trend","contains":"time","values":{"p(90)":0,"p(95)":0,"p(99)":12.958311679999973,"avg":0.6485641481481481,"min":0,"med":0,"max":17.511232}},"http_req_connecting":{"values":{"p(99)":3.6867813799999922,"avg":0.18452359259259257,"min":0,"med":0,"max":4.982137,"p(90)":0,"p(95)":0},"type":"trend","contains":"time"},"http_req_waiting":{"contains":"time","values":{"med":104.782443,"max":391.378816,"p(90)":333.2934588,"p(95)":367.98827359999996,"p(99)":388.56699503999994,"avg":152.52935966666666,"min":92.971224},"type":"trend"},"iterations":{"type":"counter","contains":"default","values":{"count":27,"rate":0.8627176275586914}},"http_req_failed":{"thresholds":{"rate<0.01":{"ok":true}},"type":"rate","contains":"default","values":{"rate":0,"passes":0,"fails":27}},"vus_max":{"contains":"default","values":{"min":1,"max":1,"value":1},"type":"gauge"},"checks":{"type":"rate","contains":"default","values":{"rate":1,"passes":27,"fails":0}}}}