{"root_group":{"name":"","path":"","id":"d41d8cd98f00b204e9800998ecf8427e","groups":[],"checks":[{"passes":29,"fails":0,"name":"status es 200","path":"::status es 200","id":"c8f562f01bcdf8f7be8c15f6ad60295d"}]},"options":{"summaryTrendStats":["avg","min","med","max","p(90)","p(95)","p(99)"],"summaryTimeUnit":"","noColor":false},"state":{"isStdOutTTY":false,"isStdErrTTY":false,"testRunDurationMs":31000.463647},"metrics":{"iterations":{"type":"counter","contains":"default","values":{"count":29,"rate":0.9354698797482794}},"http_req_receiving":{"type":"trend","contains":"time","values":{"p(95)":0.697116,"p(99)":0.7115415199999999,"avg":0.6032977586206897,"min":0.515277,"med":0.609007,"max":0.71261,"p(90)":0.6719510000000001}},"http_req_duration":{"type":"trend","contains":"time","values":{"min":60.551926,"med":61.999507,"max":116.062288,"p(90)":64.1778286,"p(95)":64.7361978,"p(99)":101.73105611999995,"avg":64.04560879310344},"thresholds":{"p(95)<800":{"ok":true}}},"http_reqs":{"type":"counter","contains":"default","values":{"count":29,"rate":0.9354698797482794}},"http_req_blocked":{"type":"trend","contains":"time","values":{"avg":4.115118103448278,"min":0.00029,"med":0.00033,"max":119.328119,"p(90)":0.0005532,"p(95)":0.0007939999999999994,"p(99)":85.91650383999986}},"http_req_connecting":{"type":"trend","contains":"time","values":{"avg":0.09724127586206896,"min":0,"med":0,"max":2.819997,"p(90)":0,"p(95)":0,"p(99)":2.030397839999997}},"http_req_sending":{"type":"trend","contains":"time","values":{"avg":0.10406941379310346,"min":0.076863,"med":0.100819,"max":0.177522,"p(90)":0.1176092,"p(95)":0.12451639999999997,"p(99)":0.16352087999999995}},"checks":{"type":"rate","contains":"default","values":{"rate":1,"passes":29,"fails":0}},"vus_max":{"type":"gauge","contains":"default","values":{"min":1,"max":1,"value":1}},"http_req_duration{expected_response:true}":{"type":"trend","contains":"time","values":{"avg":64.04560879310344,"min":60.551926,"med":61.999507,"max":116.062288,"p(90)":64.1778286,"p(95)":64.7361978,"p(99)":101.73105611999995}},"data_received":{"type":"counter","contains":"data","values":{"count":1704160,"rate":54972.08104385614}},"iteration_duration":{"type":"trend","contains":"time","values":{"med":1062.885954,"max":1236.099829,"p(90)":1064.9946360000001,"p(95)":1065.434078,"p(99)":1188.3640438399998,"avg":1068.9513135172413,"min":1061.046901}},"http_req_failed":{"type":"rate","contains":"default","values":{"rate":0,"passes":0,"fails":29},"thresholds":{"rate<0.01":{"ok":true}}},"http_req_tls_handshaking":{"type":"trend","contains":"time","values":{"avg":0.45317013793103444,"min":0,"med":0,"max":13.141934,"p(90)":0,"p(95)":0,"p(99)":9.462192479999985}},"vus":{"contains":"default","values":{"value":1,"min":1,"max":1},"type":"gauge"},"http_req_waiting":{"type":"trend","contains":"time","values":{"p(90)":63.5419934,"p(95)":64.0030468,"p(99)":101.00835487999994,"avg":63.338241620689644,"min":59.900985,"med":61.292561,"max":115.340982}},"data_sent":{"values":{"count":8181,"rate":263.8992788351957},"type":"counter","contains":"data"}}}