{"root_group":{"name":"","path":"","id":"d41d8cd98f00b204e9800998ecf8427e","groups":[],"checks":[{"name":"status es 200","path":"::status es 200","id":"c8f562f01bcdf8f7be8c15f6ad60295d","passes":28,"fails":0}]},"options":{"summaryTrendStats":["avg","min","med","max","p(90)","p(95)","p(99)"],"summaryTimeUnit":"","noColor":false},"state":{"testRunDurationMs":30297.358015,"isStdOutTTY":false,"isStdErrTTY":false},"metrics":{"vus":{"type":"gauge","contains":"default","values":{"value":1,"min":1,"max":1}},"http_reqs":{"type":"counter","contains":"default","values":{"rate":0.9241729917881752,"count":28}},"vus_max":{"type":"gauge","contains":"default","values":{"max":1,"value":1,"min":1}},"data_sent":{"type":"counter","contains":"data","values":{"count":9155,"rate":302.1715621364551}},"http_req_receiving":{"type":"trend","contains":"time","values":{"p(99)":4.01105165,"avg":3.3462501428571434,"min":0.273771,"med":3.433481,"max":4.024715,"p(90)":3.9187315,"p(95)":3.9610816}},"http_req_waiting":{"type":"trend","contains":"time","values":{"p(95)":79.6238305,"p(99)":119.86464577000004,"avg":74.33151814285715,"min":68.686398,"med":71.719675,"max":134.414905,"p(90)":76.7910926}},"http_req_connecting":{"type":"trend","contains":"time","values":{"avg":0.6060103571428571,"min":0,"med":0,"max":16.96829,"p(90)":0,"p(95)":0,"p(99)":12.386851700000006}},"http_req_sending":{"type":"trend","contains":"time","values":{"avg":0.04380725,"min":0.032091,"med":0.0427685,"max":0.091347,"p(90)":0.0506415,"p(95)":0.05355645,"p(99)":0.08132055000000002}},"checks":{"type":"rate","contains":"default","values":{"rate":1,"passes":28,"fails":0}},"http_req_failed":{"type":"rate","contains":"default","values":{"rate":0,"passes":0,"fails":28},"thresholds":{"rate<0.01":{"ok":true}}},"http_req_duration{expected_response:true}":{"type":"trend","contains":"time","values":{"p(95)":83.4422475,"p(99)":123.05967802000004,"avg":77.72157553571428,"min":72.016808,"med":74.900957,"max":137.304358,"p(90)":80.33781859999999}},"http_req_blocked":{"values":{"max":99.827412,"p(90)":0.00038110000000000005,"p(95)":0.0004687499999999999,"p(99)":72.87414630000004,"avg":3.5655111428571424,"min":0.000208,"med":0.000222},"type":"trend","contains":"time"},"iterations":{"type":"counter","contains":"default","values":{"count":28,"rate":0.9241729917881752}},"http_req_duration":{"contains":"time","values":{"min":72.016808,"med":74.900957,"max":137.304358,"p(90)":80.33781859999999,"p(95)":83.4422475,"p(99)":123.05967802000004,"avg":77.72157553571428},"thresholds":{"p(95)<800":{"ok":true}},"type":"trend"},"data_received":{"type":"counter","contains":"data","values":{"count":1646027,"rate":54329.06061264695}},"http_req_tls_handshaking":{"type":"trend","contains":"time","values":{"p(90)":0,"p(95)":0,"p(99)":16.06796795000001,"avg":0.7861041071428572,"min":0,"med":0,"max":22.010915}},"iteration_duration":{"contains":"time","values":{"max":1238.303869,"p(90)":1081.1874392,"p(95)":1084.3780623,"p(99)":1196.9912400100002,"avg":1082.0284860357144,"min":1072.603269,"med":1075.7034965},"type":"trend"}}}