{"metrics":{"http_req_duration":{"contains":"time","values":{"avg":142.52045348148144,"min":87.90962,"med":156.559503,"max":312.743526,"p(90)":161.02409440000002,"p(95)":161.8515056,"p(99)":273.5163320199997},"thresholds":{"p(95)<800":{"ok":true}},"type":"trend"},"http_req_waiting":{"contains":"time","values":{"max":311.905335,"p(90)":160.5557688,"p(95)":161.37585330000002,"p(99)":272.77324199999975,"avg":140.98245425925927,"min":87.100515,"med":156.135811},"type":"trend"},"http_req_failed":{"type":"rate","contains":"default","values":{"rate":0,"passes":0,"fails":27},"thresholds":{"rate<0.01":{"ok":true}}},"vus":{"type":"gauge","contains":"default","values":{"max":1,"value":1,"min":1}},"http_req_tls_handshaking":{"contains":"time","values":{"p(90)":0,"p(95)":0,"p(99)":13.723473899999972,"avg":0.6868605555555556,"min":0,"med":0,"max":18.545235},"type":"trend"},"checks":{"contains":"default","values":{"rate":1,"passes":27,"fails":0},"type":"rate"},"iteration_duration":{"type":"trend","contains":"time","values":{"avg":1145.3354854444447,"min":1089.118749,"med":1157.372487,"max":1365.438117,"p(90)":1162.1227018000002,"p(95)":1162.9621238,"p(99)":1312.7962942599997}},"http_req_duration{expected_response:true}":{"type":"trend","contains":"time","values":{"p(99)":273.5163320199997,"avg":142.52045348148144,"min":87.90962,"med":156.559503,"max":312.743526,"p(90)":161.02409440000002,"p(95)":161.8515056}},"data_sent":{"type":"counter","contains":"data","values":{"count":8005,"rate":258.8516601665776}},"iterations":{"values":{"count":27,"rate":0.8730786788878945},"type":"counter","contains":"default"},"http_req_receiving":{"contains":"time","values":{"p(99)":4.76087378,"avg":1.4184823703703702,"min":0.296943,"med":0.424178,"max":4.827472,"p(90)":3.899213200000002,"p(95)":4.516518},"type":"trend"},"http_reqs":{"type":"counter","contains":"default","values":{"count":27,"rate":0.8730786788878945}},"http_req_blocked":{"type":"trend","contains":"time","values":{"avg":1.9072741111111122,"min":0.000281,"med":0.000311,"max":51.488134,"p(90)":0.0003670000000000001,"p(95)":0.00039799999999999997,"p(99)":38.10132341999992}},"http_req_sending":{"type":"trend","contains":"time","values":{"avg":0.11951685185185187,"min":0.093103,"med":0.113381,"max":0.18196,"p(90)":0.1404504,"p(95)":0.1453796,"p(99)":0.17277497999999997}},"vus_max":{"values":{"value":1,"min":1,"max":1},"type":"gauge","contains":"default"},"http_req_connecting":{"values":{"p(95)":0,"p(99)":1.4725148999999969,"avg":0.07369944444444444,"min":0,"med":0,"max":1.989885,"p(90)":0},"type":"trend","contains":"time"},"data_received":{"type":"counter","contains":"data","values":{"count":1586783,"rate":51310.60760450999}}},"root_group":{"name":"","path":"","id":"d41d8cd98f00b204e9800998ecf8427e","groups":[],"checks":[{"fails":0,"name":"status es 200","path":"::status es 200","id":"c8f562f01bcdf8f7be8c15f6ad60295d","passes":27}]},"options":{"summaryTrendStats":["avg","min","med","max","p(90)","p(95)","p(99)"],"summaryTimeUnit":"","noColor":false},"state":{"isStdOutTTY":false,"isStdErrTTY":false,"testRunDurationMs":30925.04794}}