{"root_group":{"name":"","path":"","id":"d41d8cd98f00b204e9800998ecf8427e","groups":[],"checks":[{"name":"status es 200","path":"::status es 200","id":"c8f562f01bcdf8f7be8c15f6ad60295d","passes":26,"fails":0}]},"options":{"summaryTrendStats":["avg","min","med","max","p(90)","p(95)","p(99)"],"summaryTimeUnit":"","noColor":false},"state":{"testRunDurationMs":30128.885747,"isStdOutTTY":false,"isStdErrTTY":false},"metrics":{"http_req_duration":{"type":"trend","contains":"time","values":{"avg":156.80348373076924,"min":148.117287,"med":150.813783,"max":307.109304,"p(90)":153.36047100000002,"p(95)":154.36805975,"p(99)":268.99833825},"thresholds":{"p(95)<800":{"ok":true}}},"http_reqs":{"type":"counter","contains":"default","values":{"count":26,"rate":0.8629592285067786}},"http_req_blocked":{"type":"trend","contains":"time","values":{"p(95)":0.0008392499999999999,"p(99)":22.404008,"avg":1.1492698846153844,"min":0.000291,"med":0.000321,"max":29.8717,"p(90)":0.0005009999999999999}},"http_req_tls_handshaking":{"type":"trend","contains":"time","values":{"min":0,"med":0,"max":13.352283,"p(90)":0,"p(95)":0,"p(99)":10.01421225,"avg":0.5135493461538462}},"iteration_duration":{"type":"trend","contains":"time","values":{"min":1149.105299,"med":1151.4918705,"max":1337.452679,"p(90)":1154.035302,"p(95)":1155.473683,"p(99)":1292.0611085,"avg":1158.7624173076924}},"http_req_connecting":{"type":"trend","contains":"time","values":{"p(99)":1.5860572499999999,"avg":0.08133626923076923,"min":0,"med":0,"max":2.114743,"p(90)":0,"p(95)":0}},"http_req_failed":{"type":"rate","contains":"default","values":{"rate":0,"passes":0,"fails":26},"thresholds":{"rate<0.01":{"ok":true}}},"data_received":{"type":"counter","contains":"data","values":{"count":1528397,"rate":50728.626768156726}},"http_req_waiting":{"type":"trend","contains":"time","values":{"med":150.26209599999999,"max":306.494985,"p(90)":152.72764,"p(95)":153.7986455,"p(99)":268.399326,"avg":156.2718545769231,"min":147.74334}},"http_req_receiving":{"values":{"avg":0.4203113461538462,"min":0.2408,"med":0.43195649999999997,"max":0.741146,"p(90)":0.5082955,"p(95)":0.529533,"p(99)":0.6894745},"type":"trend","contains":"time"},"iterations":{"type":"counter","contains":"default","values":{"count":26,"rate":0.8629592285067786}},"http_req_duration{expected_response:true}":{"type":"trend","contains":"time","values":{"min":148.117287,"med":150.813783,"max":307.109304,"p(90)":153.36047100000002,"p(95)":154.36805975,"p(99)":268.99833825,"avg":156.80348373076924}},"checks":{"type":"rate","contains":"default","values":{"rate":1,"passes":26,"fails":0}},"vus":{"type":"gauge","contains":"default","values":{"value":1,"min":1,"max":1}},"vus_max":{"type":"gauge","contains":"default","values":{"min":1,"max":1,"value":1}},"data_sent":{"type":"counter","contains":"data","values":{"count":7350,"rate":243.95193575095473}},"http_req_sending":{"type":"trend","contains":"time","values":{"avg":0.11131780769230769,"min":0.071163,"med":0.1055525,"max":0.168385,"p(90)":0.13794800000000002,"p(95)":0.15635725,"p(99)":0.166837}}}}