{"root_group":{"id":"d41d8cd98f00b204e9800998ecf8427e","groups":[],"checks":[{"name":"status es 200","path":"::status es 200","id":"c8f562f01bcdf8f7be8c15f6ad60295d","passes":30,"fails":0}],"name":"","path":""},"options":{"summaryTrendStats":["avg","min","med","max","p(90)","p(95)","p(99)"],"summaryTimeUnit":"","noColor":false},"state":{"isStdOutTTY":false,"isStdErrTTY":false,"testRunDurationMs":30867.870318},"metrics":{"vus":{"values":{"value":1,"min":1,"max":1},"type":"gauge","contains":"default"},"data_received":{"type":"counter","contains":"data","values":{"count":1763322,"rate":57124.83504155947}},"iteration_duration":{"type":"trend","contains":"time","values":{"med":1024.2014960000001,"max":1143.586786,"p(90)":1028.9459173,"p(95)":1032.0974875,"p(99)":1111.73699428,"avg":1028.8977805,"min":1022.461025}},"http_req_receiving":{"type":"trend","contains":"time","values":{"min":0.435183,"med":0.4890755,"max":1.166711,"p(90)":0.6120807000000003,"p(95)":0.8207587499999996,"p(99)":1.0818236500000002,"avg":0.5328264333333333}},"http_req_waiting":{"contains":"time","values":{"min":21.148802,"med":22.550421999999998,"max":44.876074,"p(90)":27.696417200000003,"p(95)":30.841953449999988,"p(99)":41.26913027000001,"avg":24.238460500000006},"type":"trend"},"http_req_duration":{"type":"trend","contains":"time","values":{"p(95)":31.387137049999993,"p(99)":41.97100887000001,"avg":24.86078363333333,"min":21.788792,"med":23.189562,"max":45.641335,"p(90)":28.229994700000002},"thresholds":{"p(95)<800":{"ok":true}}},"http_req_blocked":{"values":{"p(95)":0.0005159999999999997,"p(99)":68.77792304000009,"avg":3.2293420666666672,"min":0.00028,"med":0.00033,"max":96.870085,"p(90)":0.0004331},"type":"trend","contains":"time"},"data_sent":{"type":"counter","contains":"data","values":{"count":7953,"rate":257.6465404988553}},"http_req_connecting":{"type":"trend","contains":"time","values":{"min":0,"med":0,"max":1.969483,"p(90)":0,"p(95)":0,"p(99)":1.3983329300000018,"avg":0.06564943333333334}},"http_req_tls_handshaking":{"type":"trend","contains":"time","values":{"p(99)":7.99992855000001,"avg":0.3755835,"min":0,"med":0,"max":11.267505,"p(90)":0,"p(95)":0}},"http_req_sending":{"type":"trend","contains":"time","values":{"med":0.0903995,"max":0.169137,"p(90)":0.10772140000000002,"p(95)":0.12288164999999998,"p(99)":0.15660291000000004,"avg":0.0894967,"min":0.062236}},"iterations":{"type":"counter","contains":"default","values":{"count":30,"rate":0.9718843474117513}},"http_reqs":{"contains":"default","values":{"count":30,"rate":0.9718843474117513},"type":"counter"},"http_req_duration{expected_response:true}":{"type":"trend","contains":"time","values":{"p(90)":28.229994700000002,"p(95)":31.387137049999993,"p(99)":41.97100887000001,"avg":24.86078363333333,"min":21.788792,"med":23.189562,"max":45.641335}},"checks":{"type":"rate","contains":"default","values":{"rate":1,"passes":30,"fails":0}},"vus_max":{"type":"gauge","contains":"default","values":{"value":1,"min":1,"max":1}},"http_req_failed":{"contains":"default","values":{"rate":0,"passes":0,"fails":30},"thresholds":{"rate<0.01":{"ok":true}},"type":"rate"}}}