{"root_group":{"name":"","path":"","id":"d41d8cd98f00b204e9800998ecf8427e","groups":[],"checks":[{"passes":28,"fails":0,"name":"status es 200","path":"::status es 200","id":"c8f562f01bcdf8f7be8c15f6ad60295d"}]},"options":{"summaryTrendStats":["avg","min","med","max","p(90)","p(95)","p(99)"],"summaryTimeUnit":"","noColor":false},"state":{"isStdOutTTY":false,"isStdErrTTY":false,"testRunDurationMs":30017.276055},"metrics":{"http_req_duration{expected_response:true}":{"type":"trend","contains":"time","values":{"med":71.6166025,"max":117.140399,"p(90)":73.6388629,"p(95)":74.4392668,"p(99)":105.65497835000002,"avg":67.69468982142857,"min":51.178956}},"http_req_receiving":{"type":"trend","contains":"time","values":{"p(99)":3.51175997,"avg":3.1586450357142857,"min":2.522086,"med":3.250652,"max":3.527849,"p(90)":3.4520943,"p(95)":3.46638015}},"iteration_duration":{"type":"trend","contains":"time","values":{"min":1052.011128,"med":1072.3474004999998,"max":1165.992912,"p(90)":1075.237154,"p(95)":1102.8223,"p(99)":1152.89958708,"avg":1072.0175181428572}},"vus":{"type":"gauge","contains":"default","values":{"max":1,"value":1,"min":1}},"http_req_blocked":{"type":"trend","contains":"time","values":{"p(90)":0.00030420000000000013,"p(95)":0.00046429999999999985,"p(99)":73.15244001000003,"avg":3.579119571428572,"min":0.000209,"med":0.000234,"max":100.208637}},"http_req_waiting":{"values":{"max":113.774657,"p(90)":70.1765605,"p(95)":71.02700715,"p(99)":102.26649128000003,"avg":64.49750839285714,"min":48.042587,"med":68.46496350000001},"type":"trend","contains":"time"},"http_req_failed":{"type":"rate","contains":"default","values":{"fails":28,"rate":0,"passes":0},"thresholds":{"rate<0.01":{"ok":true}}},"http_req_tls_handshaking":{"type":"trend","contains":"time","values":{"p(99)":13.533161210000008,"avg":0.6620920357142858,"min":0,"med":0,"max":18.538577,"p(90)":0,"p(95)":0}},"http_req_connecting":{"type":"trend","contains":"time","values":{"max":12.558432,"p(90)":0,"p(95)":0,"p(99)":9.167655360000005,"avg":0.44851542857142856,"min":0,"med":0}},"checks":{"type":"rate","contains":"default","values":{"rate":1,"passes":28,"fails":0}},"http_req_sending":{"type":"trend","contains":"time","values":{"p(99)":0.09463751000000001,"avg":0.03853639285714285,"min":0.029943,"med":0.034113000000000004,"max":0.099629,"p(90)":0.040569900000000006,"p(95)":0.06853989999999996}},"http_req_duration":{"thresholds":{"p(95)<800":{"ok":true}},"type":"trend","contains":"time","values":{"p(90)":73.6388629,"p(95)":74.4392668,"p(99)":105.65497835000002,"avg":67.69468982142857,"min":51.178956,"med":71.6166025,"max":117.140399}},"http_reqs":{"type":"counter","contains":"default","values":{"count":28,"rate":0.932796165404756}},"data_sent":{"values":{"count":8629,"rate":287.46778968848713},"type":"counter","contains":"data"},"iterations":{"type":"counter","contains":"default","values":{"count":28,"rate":0.932796165404756}},"vus_max":{"contains":"default","values":{"value":1,"min":1,"max":1},"type":"gauge"},"data_received":{"type":"counter","contains":"data","values":{"count":1646076,"rate":54837.62074159997}}}}