{"state":{"isStdOutTTY":false,"isStdErrTTY":false,"testRunDurationMs":31003.909086},"metrics":{"data_received":{"type":"counter","contains":"data","values":{"count":1762926,"rate":56861.410446983275}},"iteration_duration":{"type":"trend","contains":"time","values":{"avg":1033.4242100000004,"min":1025.062953,"med":1027.600216,"max":1189.901591,"p(90)":1030.6034327,"p(95)":1035.3521097,"p(99)":1146.1387321000002}},"http_reqs":{"type":"counter","contains":"default","values":{"count":30,"rate":0.9676199190490685}},"http_req_receiving":{"type":"trend","contains":"time","values":{"avg":1.2673052,"min":1.059836,"med":1.23461,"max":1.64318,"p(90)":1.4894406000000002,"p(95)":1.6013639999999998,"p(99)":1.6337703700000001}},"checks":{"type":"rate","contains":"default","values":{"rate":1,"passes":30,"fails":0}},"http_req_sending":{"type":"trend","contains":"time","values":{"avg":0.11444309999999998,"min":0.083755,"med":0.1064885,"max":0.248239,"p(90)":0.1309813,"p(95)":0.14103709999999997,"p(99)":0.21915780000000007}},"vus_max":{"type":"gauge","contains":"default","values":{"value":1,"min":1,"max":1}},"http_req_duration":{"thresholds":{"p(95)<800":{"ok":true}},"type":"trend","contains":"time","values":{"med":27.000526,"max":46.945854,"p(90)":29.3324143,"p(95)":34.04857554999998,"p(99)":44.26395662000001,"avg":27.794213533333327,"min":24.405806}},"http_req_tls_handshaking":{"type":"trend","contains":"time","values":{"p(90)":0,"p(95)":0,"p(99)":10.539009250000012,"avg":0.49478916666666667,"min":0,"med":0,"max":14.843675}},"data_sent":{"type":"counter","contains":"data","values":{"count":9431,"rate":304.1874485517255}},"http_req_failed":{"type":"rate","contains":"default","values":{"fails":30,"rate":0,"passes":0},"thresholds":{"rate<0.01":{"ok":true}}},"iterations":{"type":"counter","contains":"default","values":{"count":30,"rate":0.9676199190490685}},"http_req_duration{expected_response:true}":{"type":"trend","contains":"time","values":{"avg":27.794213533333327,"min":24.405806,"med":27.000526,"max":46.945854,"p(90)":29.3324143,"p(95)":34.04857554999998,"p(99)":44.26395662000001}},"http_req_connecting":{"values":{"avg":0.22703596666666667,"min":0,"med":0,"max":6.811079,"p(90)":0,"p(95)":0,"p(99)":4.835866090000006},"type":"trend","contains":"time"},"http_req_waiting":{"values":{"p(95)":32.502301349999975,"p(99)":42.65180822000001,"avg":26.41246523333334,"min":23.221797,"med":25.3941225,"max":45.368929,"p(90)":28.075041199999998},"type":"trend","contains":"time"},"vus":{"type":"gauge","contains":"default","values":{"min":1,"max":1,"value":1}},"http_req_blocked":{"type":"trend","contains":"time","values":{"p(95)":0.00271424999999999,"p(99)":100.61411541000011,"avg":4.724140966666667,"min":0.00031,"med":0.0003505,"max":141.708267,"p(90)":0.000727}}},"root_group":{"id":"d41d8cd98f00b204e9800998ecf8427e","groups":[],"checks":[{"name":"status es 200","path":"::status es 200","id":"c8f562f01bcdf8f7be8c15f6ad60295d","passes":30,"fails":0}],"name":"","path":""},"options":{"summaryTimeUnit":"","noColor":false,"summaryTrendStats":["avg","min","med","max","p(90)","p(95)","p(99)"]}}