{"root_group":{"name":"","path":"","id":"d41d8cd98f00b204e9800998ecf8427e","groups":[],"checks":[{"fails":0,"name":"status es 200","path":"::status es 200","id":"c8f562f01bcdf8f7be8c15f6ad60295d","passes":28}]},"options":{"summaryTrendStats":["avg","min","med","max","p(90)","p(95)","p(99)"],"summaryTimeUnit":"","noColor":false},"state":{"isStdOutTTY":false,"isStdErrTTY":false,"testRunDurationMs":31021.593152},"metrics":{"http_reqs":{"type":"counter","contains":"default","values":{"count":28,"rate":0.90259709947214}},"http_req_connecting":{"type":"trend","contains":"time","values":{"med":0,"max":2.051379,"p(90)":0,"p(95)":0,"p(99)":1.4975066700000008,"avg":0.0732635357142857,"min":0}},"checks":{"type":"rate","contains":"default","values":{"rate":1,"passes":28,"fails":0}},"vus":{"type":"gauge","contains":"default","values":{"value":1,"min":1,"max":1}},"iterations":{"values":{"count":28,"rate":0.90259709947214},"type":"counter","contains":"default"},"http_req_receiving":{"contains":"time","values":{"med":1.663592,"max":5.677946,"p(90)":5.3366065,"p(95)":5.4376969,"p(99)":5.6270577500000005,"avg":2.393492821428571,"min":0.248394},"type":"trend"},"iteration_duration":{"type":"trend","contains":"time","values":{"p(90)":1117.6248299000001,"p(95)":1189.63381865,"p(99)":1319.7488678000002,"avg":1107.8755635000002,"min":1084.946461,"med":1092.884186,"max":1361.492801}},"http_req_duration":{"values":{"med":91.954069,"max":317.249948,"p(90)":116.33522750000003,"p(95)":189.07888174999994,"p(99)":287.3723657600001,"avg":105.52216407142858,"min":84.279157},"thresholds":{"p(95)<800":{"ok":true}},"type":"trend","contains":"time"},"vus_max":{"type":"gauge","contains":"default","values":{"value":1,"min":1,"max":1}},"http_req_tls_handshaking":{"type":"trend","contains":"time","values":{"min":0,"med":0,"max":9.285252,"p(90)":0,"p(95)":0,"p(99)":6.778233960000004,"avg":0.33161614285714286}},"http_req_sending":{"type":"trend","contains":"time","values":{"p(95)":0.14631695,"p(99)":0.1547085,"avg":0.11487139285714285,"min":0.090249,"med":0.11325650000000001,"max":0.157584,"p(90)":0.13469340000000002}},"http_req_duration{expected_response:true}":{"values":{"p(99)":287.3723657600001,"avg":105.52216407142858,"min":84.279157,"med":91.954069,"max":317.249948,"p(90)":116.33522750000003,"p(95)":189.07888174999994},"type":"trend","contains":"time"},"http_req_failed":{"values":{"rate":0,"passes":0,"fails":28},"thresholds":{"rate<0.01":{"ok":true}},"type":"rate","contains":"default"},"data_sent":{"type":"counter","contains":"data","values":{"count":8596,"rate":277.09730953794696}},"http_req_waiting":{"type":"trend","contains":"time","values":{"p(90)":113.16991130000004,"p(95)":185.19888549999993,"p(99)":285.43615361,"avg":103.01379985714286,"min":82.961594,"med":88.513002,"max":316.734272}},"data_received":{"type":"counter","contains":"data","values":{"count":1646351,"rate":53071.12990403775}},"http_req_blocked":{"type":"trend","contains":"time","values":{"min":0.00027,"med":0.000365,"max":42.868664,"p(90)":0.000506,"p(95)":0.0007409999999999997,"p(99)":31.29434369000002,"avg":1.5313878928571432}}}}