{"state":{"isStdOutTTY":false,"isStdErrTTY":false,"testRunDurationMs":30985.237047},"metrics":{"iteration_duration":{"values":{"avg":1147.566688111111,"min":1099.348253,"med":1156.365589,"max":1361.225906,"p(90)":1161.5439054,"p(95)":1162.0657074,"p(99)":1309.4678354799996},"type":"trend","contains":"time"},"http_req_duration{expected_response:true}":{"values":{"p(90)":160.8166426,"p(95)":161.77048489999999,"p(99)":281.39326907999975,"avg":145.51791292592594,"min":98.574275,"med":155.848442,"max":323.383501},"type":"trend","contains":"time"},"vus_max":{"type":"gauge","contains":"default","values":{"max":1,"value":1,"min":1}},"data_sent":{"type":"counter","contains":"data","values":{"count":8205,"rate":264.8035252257143}},"iterations":{"values":{"count":27,"rate":0.8713827155507965},"type":"counter","contains":"default"},"http_req_waiting":{"type":"trend","contains":"time","values":{"p(90)":160.3764818,"p(95)":161.3096038,"p(99)":280.6787318199997,"avg":143.58979729629633,"min":93.57242,"med":155.443147,"max":322.591822}},"http_req_duration":{"type":"trend","contains":"time","values":{"p(90)":160.8166426,"p(95)":161.77048489999999,"p(99)":281.39326907999975,"avg":145.51791292592594,"min":98.574275,"med":155.848442,"max":323.383501},"thresholds":{"p(95)<800":{"ok":true}}},"http_req_sending":{"type":"trend","contains":"time","values":{"avg":0.10273933333333334,"min":0.06862,"med":0.105138,"max":0.149131,"p(90)":0.12309600000000001,"p(95)":0.12704669999999998,"p(99)":0.14342347999999996}},"http_req_connecting":{"contains":"time","values":{"avg":0.06468711111111111,"min":0,"med":0,"max":1.746552,"p(90)":0,"p(95)":0,"p(99)":1.2924484799999973},"type":"trend"},"http_req_tls_handshaking":{"type":"trend","contains":"time","values":{"min":0,"med":0,"max":17.100615,"p(90)":0,"p(95)":0,"p(99)":12.654455099999975,"avg":0.6333561111111111}},"checks":{"type":"rate","contains":"default","values":{"rate":1,"passes":27,"fails":0}},"vus":{"type":"gauge","contains":"default","values":{"max":1,"value":1,"min":1}},"data_received":{"type":"counter","contains":"data","values":{"rate":51221.32832460173,"count":1587105}},"http_req_blocked":{"type":"trend","contains":"time","values":{"min":0.00029,"med":0.000321,"max":36.475684,"p(90)":0.000375,"p(95)":0.0005286999999999998,"p(99)":26.992160079999948,"avg":1.3512725185185188}},"http_reqs":{"contains":"default","values":{"count":27,"rate":0.8713827155507965},"type":"counter"},"http_req_receiving":{"type":"trend","contains":"time","values":{"avg":1.8253762962962967,"min":0.228075,"med":0.376613,"max":12.827253,"p(90)":4.5841662,"p(95)":4.8635944,"p(99)":10.774620859999988}},"http_req_failed":{"type":"rate","contains":"default","values":{"rate":0,"passes":0,"fails":27},"thresholds":{"rate<0.01":{"ok":true}}}},"root_group":{"id":"d41d8cd98f00b204e9800998ecf8427e","groups":[],"checks":[{"passes":27,"fails":0,"name":"status es 200","path":"::status es 200","id":"c8f562f01bcdf8f7be8c15f6ad60295d"}],"name":"","path":""},"options":{"summaryTrendStats":["avg","min","med","max","p(90)","p(95)","p(99)"],"summaryTimeUnit":"","noColor":false}}