{"root_group":{"checks":[{"path":"::status es 200","id":"c8f562f01bcdf8f7be8c15f6ad60295d","passes":29,"fails":0,"name":"status es 200"}],"name":"","path":"","id":"d41d8cd98f00b204e9800998ecf8427e","groups":[]},"options":{"summaryTimeUnit":"","noColor":false,"summaryTrendStats":["avg","min","med","max","p(90)","p(95)","p(99)"]},"state":{"testRunDurationMs":30022.966532,"isStdOutTTY":false,"isStdErrTTY":false},"metrics":{"iterations":{"values":{"count":29,"rate":0.965927200068332},"type":"counter","contains":"default"},"iteration_duration":{"type":"trend","contains":"time","values":{"p(99)":1090.0180186799998,"avg":1035.2398505862068,"min":1028.537307,"med":1033.361426,"max":1110.871612,"p(90)":1035.9506534,"p(95)":1036.3705082}},"http_req_duration{expected_response:true}":{"type":"trend","contains":"time","values":{"p(90)":35.3841562,"p(95)":35.5013674,"p(99)":56.158765239999966,"avg":32.83973286206896,"min":28.157034,"med":32.67489,"max":64.183038}},"checks":{"type":"rate","contains":"default","values":{"rate":1,"passes":29,"fails":0}},"http_req_tls_handshaking":{"values":{"max":15.945162,"p(90)":0,"p(95)":0,"p(99)":11.480516639999982,"avg":0.5498331724137931,"min":0,"med":0},"type":"trend","contains":"time"},"http_req_duration":{"type":"trend","contains":"time","values":{"avg":32.83973286206896,"min":28.157034,"med":32.67489,"max":64.183038,"p(90)":35.3841562,"p(95)":35.5013674,"p(99)":56.158765239999966},"thresholds":{"p(95)<800":{"ok":true}}},"http_req_sending":{"type":"trend","contains":"time","values":{"max":0.184212,"p(90)":0.1378102,"p(95)":0.14436539999999998,"p(99)":0.17411715999999997,"avg":0.11909272413793105,"min":0.090243,"med":0.113297}},"vus_max":{"type":"gauge","contains":"default","values":{"value":1,"min":1,"max":1}},"http_req_failed":{"values":{"rate":0,"passes":0,"fails":29},"thresholds":{"rate<0.01":{"ok":true}},"type":"rate","contains":"default"},"http_req_blocked":{"type":"trend","contains":"time","values":{"min":0.00033,"med":0.00037,"max":46.299143,"p(90)":0.0009712,"p(95)":0.0011739999999999995,"p(99)":33.33574191999995,"avg":1.5970128620689654}},"http_req_connecting":{"type":"trend","contains":"time","values":{"min":0,"med":0,"max":5.840753,"p(90)":0,"p(95)":0,"p(99)":4.205342159999994,"avg":0.20140527586206897}},"http_req_waiting":{"type":"trend","contains":"time","values":{"p(95)":34.318068000000004,"p(99)":54.68063287999997,"avg":31.517872931034475,"min":26.618364,"med":31.09278,"max":62.574275,"p(90)":34.2149444}},"data_received":{"type":"counter","contains":"data","values":{"count":1704783,"rate":56782.62999703763}},"http_req_receiving":{"type":"trend","contains":"time","values":{"med":1.126867,"max":1.791691,"p(90)":1.472396,"p(95)":1.5809129999999996,"p(99)":1.7508300399999999,"avg":1.2027672068965516,"min":0.340654}},"data_sent":{"type":"counter","contains":"data","values":{"count":9117,"rate":303.6675270007925}},"http_reqs":{"type":"counter","contains":"default","values":{"count":29,"rate":0.965927200068332}},"vus":{"type":"gauge","contains":"default","values":{"max":1,"value":1,"min":1}}}}