{"state":{"isStdOutTTY":false,"isStdErrTTY":false,"testRunDurationMs":30502.379634},"metrics":{"http_req_duration{expected_response:true}":{"type":"trend","contains":"time","values":{"avg":170.84348423076926,"min":160.200931,"med":162.43123400000002,"max":345.135643,"p(90)":168.46331650000002,"p(95)":178.05523925,"p(99)":304.10983550000003}},"http_req_blocked":{"type":"trend","contains":"time","values":{"p(99)":28.191965749999998,"avg":1.4460870384615385,"min":0.00029,"med":0.000321,"max":37.589044,"p(90)":0.0005560000000000001,"p(95)":0.00071375}},"http_req_connecting":{"type":"trend","contains":"time","values":{"max":1.705929,"p(90)":0,"p(95)":0,"p(99)":1.27944675,"avg":0.06561265384615385,"min":0,"med":0}},"http_req_duration":{"thresholds":{"p(95)<800":{"ok":true}},"type":"trend","contains":"time","values":{"p(99)":304.10983550000003,"avg":170.84348423076926,"min":160.200931,"med":162.43123400000002,"max":345.135643,"p(90)":168.46331650000002,"p(95)":178.05523925}},"iteration_duration":{"type":"trend","contains":"time","values":{"avg":1173.1176378076923,"min":1160.725794,"med":1163.3361625,"max":1383.086815,"p(90)":1169.23048,"p(95)":1178.5555445,"p(99)":1332.63995}},"vus":{"contains":"default","values":{"value":1,"min":1,"max":1},"type":"gauge"},"iterations":{"type":"counter","contains":"default","values":{"count":26,"rate":0.8523925120589166}},"http_req_waiting":{"type":"trend","contains":"time","values":{"p(90)":167.936792,"p(95)":177.48893875,"p(99)":303.5857105,"avg":170.34097238461533,"min":159.726759,"med":161.98060900000002,"max":344.633053}},"data_received":{"type":"counter","contains":"data","values":{"count":1528838,"rate":50121.925513505004}},"http_req_sending":{"type":"trend","contains":"time","values":{"max":0.173254,"p(90)":0.114399,"p(95)":0.1187975,"p(99)":0.15969875,"avg":0.09727161538461536,"min":0.070392,"med":0.0943615}},"data_sent":{"type":"counter","contains":"data","values":{"count":7128,"rate":233.68668561369068}},"http_req_receiving":{"type":"trend","contains":"time","values":{"p(90)":0.47688200000000003,"p(95)":0.55810425,"p(99)":1.1347625000000001,"avg":0.4052402307692308,"min":0.223568,"med":0.376375,"max":1.32068}},"http_req_tls_handshaking":{"type":"trend","contains":"time","values":{"max":9.913842,"p(90)":0,"p(95)":0,"p(99)":7.4353815,"avg":0.38130161538461543,"min":0,"med":0}},"checks":{"type":"rate","contains":"default","values":{"fails":0,"rate":1,"passes":26}},"vus_max":{"type":"gauge","contains":"default","values":{"value":1,"min":1,"max":1}},"http_req_failed":{"contains":"default","values":{"rate":0,"passes":0,"fails":26},"thresholds":{"rate<0.01":{"ok":true}},"type":"rate"},"http_reqs":{"contains":"default","values":{"count":26,"rate":0.8523925120589166},"type":"counter"}},"root_group":{"name":"","path":"","id":"d41d8cd98f00b204e9800998ecf8427e","groups":[],"checks":[{"id":"c8f562f01bcdf8f7be8c15f6ad60295d","passes":26,"fails":0,"name":"status es 200","path":"::status es 200"}]},"options":{"summaryTrendStats":["avg","min","med","max","p(90)","p(95)","p(99)"],"summaryTimeUnit":"","noColor":false}}