{"root_group":{"name":"","path":"","id":"d41d8cd98f00b204e9800998ecf8427e","groups":[],"checks":[{"name":"status es 200","path":"::status es 200","id":"c8f562f01bcdf8f7be8c15f6ad60295d","passes":28,"fails":0}]},"options":{"noColor":false,"summaryTrendStats":["avg","min","med","max","p(90)","p(95)","p(99)"],"summaryTimeUnit":""},"state":{"isStdOutTTY":false,"isStdErrTTY":false,"testRunDurationMs":30196.853511},"metrics":{"iterations":{"type":"counter","contains":"default","values":{"count":28,"rate":0.927248926441964}},"checks":{"contains":"default","values":{"rate":1,"passes":28,"fails":0},"type":"rate"},"http_req_receiving":{"values":{"avg":3.475859964285714,"min":3.010426,"med":3.4909410000000003,"max":3.894512,"p(90)":3.7216243,"p(95)":3.7572468499999996,"p(99)":3.86172455},"type":"trend","contains":"time"},"http_req_connecting":{"contains":"time","values":{"max":15.084664,"p(90)":0,"p(95)":0,"p(99)":11.011804720000006,"avg":0.538738,"min":0,"med":0},"type":"trend"},"iteration_duration":{"type":"trend","contains":"time","values":{"p(99)":1238.69832046,"avg":1078.4266707499996,"min":1051.681097,"med":1073.857945,"max":1297.363489,"p(90)":1077.477198,"p(95)":1079.4059848}},"data_received":{"type":"counter","contains":"data","values":{"count":1646177,"rate":54514.85199940903}},"http_req_failed":{"type":"rate","contains":"default","values":{"rate":0,"passes":0,"fails":28},"thresholds":{"rate<0.01":{"ok":true}}},"http_req_blocked":{"type":"trend","contains":"time","values":{"min":0.000216,"med":0.000285,"max":157.794139,"p(90)":0.0007061000000000002,"p(95)":0.0008116,"p(99)":115.18994098000006,"avg":5.6358438571428575}},"http_req_duration":{"type":"trend","contains":"time","values":{"p(90)":76.487471,"p(95)":78.37806415,"p(99)":122.81648868000003,"avg":71.93698096428572,"min":50.687053,"med":72.944371,"max":139.068171},"thresholds":{"p(95)<800":{"ok":true}}},"http_req_tls_handshaking":{"type":"trend","contains":"time","values":{"p(90)":0,"p(95)":0,"p(99)":14.462865120000009,"avg":0.7075765714285714,"min":0,"med":0,"max":19.812144}},"http_req_waiting":{"values":{"p(95)":74.9490828,"p(99)":119.58965987000003,"avg":68.37030075,"min":46.738234,"med":69.3783265,"max":135.925799,"p(90)":72.7963896},"type":"trend","contains":"time"},"http_req_sending":{"type":"trend","contains":"time","values":{"max":0.229385,"p(90)":0.12185240000000001,"p(95)":0.13051975,"p(99)":0.20307647000000006,"avg":0.09082025000000003,"min":0.040509,"med":0.0919745}},"vus_max":{"type":"gauge","contains":"default","values":{"value":1,"min":1,"max":1}},"data_sent":{"type":"counter","contains":"data","values":{"count":8817,"rate":291.98406372995703}},"http_reqs":{"type":"counter","contains":"default","values":{"count":28,"rate":0.927248926441964}},"http_req_duration{expected_response:true}":{"contains":"time","values":{"p(95)":78.37806415,"p(99)":122.81648868000003,"avg":71.93698096428572,"min":50.687053,"med":72.944371,"max":139.068171,"p(90)":76.487471},"type":"trend"},"vus":{"type":"gauge","contains":"default","values":{"value":1,"min":1,"max":1}}}}