{"state":{"isStdOutTTY":false,"isStdErrTTY":false,"testRunDurationMs":30588.368731},"metrics":{"http_req_connecting":{"type":"trend","contains":"time","values":{"p(95)":0,"p(99)":3.805142899999992,"avg":0.19044759259259258,"min":0,"med":0,"max":5.142085,"p(90)":0}},"data_sent":{"type":"counter","contains":"data","values":{"count":8735,"rate":285.5660619504515}},"http_req_failed":{"type":"rate","contains":"default","values":{"rate":0,"passes":0,"fails":27},"thresholds":{"rate<0.01":{"ok":true}}},"http_reqs":{"type":"counter","contains":"default","values":{"count":27,"rate":0.8826884570878295}},"http_req_duration{expected_response:true}":{"type":"trend","contains":"time","values":{"p(99)":260.59345533999976,"avg":130.0092783703704,"min":83.711386,"med":108.951667,"max":294.267678,"p(90)":164.2557732,"p(95)":164.7319973}},"iterations":{"values":{"rate":0.8826884570878295,"count":27},"type":"counter","contains":"default"},"data_received":{"contains":"data","values":{"count":1587719,"rate":51905.97164440858},"type":"counter"},"http_req_duration":{"thresholds":{"p(95)<800":{"ok":true}},"type":"trend","contains":"time","values":{"p(95)":164.7319973,"p(99)":260.59345533999976,"avg":130.0092783703704,"min":83.711386,"med":108.951667,"max":294.267678,"p(90)":164.2557732}},"http_req_receiving":{"values":{"max":3.650864,"p(90)":1.3758040000000002,"p(95)":1.4538606,"p(99)":3.0833409399999967,"avg":1.1828376666666667,"min":0.305327,"med":1.072765},"type":"trend","contains":"time"},"http_req_waiting":{"type":"trend","contains":"time","values":{"p(95)":163.5037743,"p(99)":259.52493231999983,"avg":128.71989766666664,"min":82.355764,"med":107.505041,"max":293.259092,"p(90)":163.1452882}},"vus":{"type":"gauge","contains":"default","values":{"value":1,"min":1,"max":1}},"checks":{"type":"rate","contains":"default","values":{"rate":1,"passes":27,"fails":0}},"vus_max":{"type":"gauge","contains":"default","values":{"value":1,"min":1,"max":1}},"http_req_tls_handshaking":{"type":"trend","contains":"time","values":{"med":0,"max":13.607775,"p(90)":0,"p(95)":0,"p(99)":10.06975349999998,"avg":0.5039916666666667,"min":0}},"http_req_sending":{"type":"trend","contains":"time","values":{"p(99)":0.15470543999999997,"avg":0.10654303703703702,"min":0.08019,"med":0.103223,"max":0.162533,"p(90)":0.1281112,"p(95)":0.1318681}},"iteration_duration":{"type":"trend","contains":"time","values":{"p(95)":1165.4390074,"p(99)":1261.4150991999998,"avg":1132.8692493703704,"min":1084.220163,"med":1154.399208,"max":1295.133376,"p(90)":1165.1602360000002}},"http_req_blocked":{"type":"trend","contains":"time","values":{"max":54.275021,"p(90)":0.0006094000000000003,"p(95)":0.000696,"p(99)":40.163698059999916,"avg":2.0105266296296307,"min":0.000281,"med":0.00032}}},"root_group":{"id":"d41d8cd98f00b204e9800998ecf8427e","groups":[],"checks":[{"path":"::status es 200","id":"c8f562f01bcdf8f7be8c15f6ad60295d","passes":27,"fails":0,"name":"status es 200"}],"name":"","path":""},"options":{"summaryTrendStats":["avg","min","med","max","p(90)","p(95)","p(99)"],"summaryTimeUnit":"","noColor":false}}