{"options":{"summaryTrendStats":["avg","min","med","max","p(90)","p(95)","p(99)"],"summaryTimeUnit":"","noColor":false},"state":{"isStdOutTTY":false,"isStdErrTTY":false,"testRunDurationMs":30649.554109},"metrics":{"http_req_failed":{"type":"rate","contains":"default","values":{"fails":60,"rate":0,"passes":0},"thresholds":{"rate<0.01":{"ok":true}}},"http_req_sending":{"type":"trend","contains":"time","values":{"avg":0.08294348333333332,"min":0.035757,"med":0.07388800000000001,"max":0.188001,"p(90)":0.1196505,"p(95)":0.1315510499999999,"p(99)":0.18659562}},"http_reqs":{"values":{"count":60,"rate":1.9576141234100848},"type":"counter","contains":"default"},"http_req_blocked":{"type":"trend","contains":"time","values":{"p(95)":0.0007680999999999984,"p(99)":65.65317861999979,"avg":2.3726395500000033,"min":0.00028,"med":0.000371,"max":101.804238,"p(90)":0.0005181000000000001}},"http_req_receiving":{"type":"trend","contains":"time","values":{"max":0.307515,"p(90)":0.0976571,"p(95)":0.10869249999999993,"p(99)":0.20436116999999937,"avg":0.06396963333333333,"min":0.03215,"med":0.0523775}},"data_received":{"type":"counter","contains":"data","values":{"count":118603,"rate":3869.6484646467716}},"http_req_duration":{"type":"trend","contains":"time","values":{"p(99)":13.03013848,"avg":7.959205150000001,"min":2.919891,"med":8.131502000000001,"max":13.104967,"p(90)":12.8816457,"p(95)":12.954236199999999},"thresholds":{"p(95)<800":{"ok":true}}},"data_sent":{"type":"counter","contains":"data","values":{"count":6343,"rate":206.9524397465028}},"http_req_connecting":{"contains":"time","values":{"avg":0.24467425,"min":0,"med":0,"max":12.394631,"p(90)":0,"p(95)":0,"p(99)":6.430434869999965},"type":"trend"},"checks":{"type":"rate","contains":"default","values":{"rate":1,"passes":60,"fails":0}},"http_req_waiting":{"type":"trend","contains":"time","values":{"max":12.864246,"p(90)":12.7466381,"p(95)":12.7841861,"p(99)":12.86053195,"avg":7.812292033333333,"min":2.764346,"med":7.9804105000000005}},"vus":{"type":"gauge","contains":"default","values":{"min":1,"max":1,"value":1}},"iteration_duration":{"type":"trend","contains":"time","values":{"max":1159.520902,"p(90)":1017.3968488,"p(95)":1017.494046,"p(99)":1118.34028865,"avg":1021.6148151333333,"min":1016.063038,"med":1016.959697}},"http_req_duration{expected_response:true}":{"type":"trend","contains":"time","values":{"max":13.104967,"p(90)":12.8816457,"p(95)":12.954236199999999,"p(99)":13.03013848,"avg":7.959205150000001,"min":2.919891,"med":8.131502000000001}},"vus_max":{"type":"gauge","contains":"default","values":{"value":1,"min":1,"max":1}},"http_req_tls_handshaking":{"type":"trend","contains":"time","values":{"med":0,"max":13.962074,"p(90)":0,"p(95)":0,"p(99)":8.52190878999997,"avg":0.31172548333333333,"min":0}},"iterations":{"type":"counter","contains":"default","values":{"count":30,"rate":0.9788070617050424}}},"root_group":{"groups":[],"checks":[{"id":"5bf9cd1e387741ed8e40bbdbca9b6c92","passes":30,"fails":0,"name":"status 2xx","path":"::status 2xx"},{"name":"tiene cuerpo","path":"::tiene cuerpo","id":"142ead3daa5d531bd997126675e457dd","passes":30,"fails":0}],"name":"","path":"","id":"d41d8cd98f00b204e9800998ecf8427e"}}