{"root_group":{"groups":[],"checks":[{"name":"status 2xx","path":"::status 2xx","id":"5bf9cd1e387741ed8e40bbdbca9b6c92","passes":28,"fails":0},{"passes":28,"fails":0,"name":"tiene cuerpo","path":"::tiene cuerpo","id":"142ead3daa5d531bd997126675e457dd"}],"name":"","path":"","id":"d41d8cd98f00b204e9800998ecf8427e"},"options":{"summaryTrendStats":["avg","min","med","max","p(90)","p(95)","p(99)"],"summaryTimeUnit":"","noColor":false},"state":{"isStdOutTTY":false,"isStdErrTTY":false,"testRunDurationMs":30255.876082},"metrics":{"http_req_blocked":{"type":"trend","contains":"time","values":{"avg":5.278938500000003,"min":0.0003,"med":0.00040050000000000003,"max":159.291459,"p(90)":0.000451,"p(95)":0.0005435,"p(99)":146.65064675000008}},"http_req_failed":{"type":"rate","contains":"default","values":{"rate":0,"passes":0,"fails":56},"thresholds":{"rate<0.01":{"ok":true}}},"http_req_sending":{"type":"trend","contains":"time","values":{"avg":0.06794051785714286,"min":0.038743,"med":0.0628525,"max":0.152955,"p(90)":0.095058,"p(95)":0.10073850000000001,"p(99)":0.1318344500000001}},"http_req_receiving":{"contains":"time","values":{"med":0.0431205,"max":0.120816,"p(90)":0.085367,"p(95)":0.09810225,"p(99)":0.11667725000000002,"avg":0.053014678571428574,"min":0.030297},"type":"trend"},"data_received":{"type":"counter","contains":"data","values":{"count":110948,"rate":3666.9901641356146}},"vus":{"type":"gauge","contains":"default","values":{"max":1,"value":1,"min":1}},"http_req_duration":{"type":"trend","contains":"time","values":{"avg":34.603906625,"min":2.540364,"med":35.86494,"max":75.287162,"p(90)":65.773342,"p(95)":65.87954625,"p(99)":71.54620665000002},"thresholds":{"p(95)<800":{"ok":true}}},"http_req_connecting":{"type":"trend","contains":"time","values":{"p(95)":0,"p(99)":30.15037615000018,"avg":1.1892583035714286,"min":0,"med":0,"max":64.787796,"p(90)":0}},"http_req_tls_handshaking":{"type":"trend","contains":"time","values":{"min":0,"med":0,"max":66.639182,"p(90)":0,"p(95)":0,"p(99)":33.092082150000174,"avg":1.290779232142857}},"vus_max":{"contains":"default","values":{"value":1,"min":1,"max":1},"type":"gauge"},"iteration_duration":{"type":"trend","contains":"time","values":{"avg":1080.5419850357143,"min":1068.88222,"med":1069.4562004999998,"max":1364.73834,"p(90)":1072.6541811,"p(95)":1076.8205047499998,"p(99)":1287.5979794700002}},"http_req_waiting":{"contains":"time","values":{"max":75.125299,"p(90)":65.642897,"p(95)":65.77465525,"p(99)":71.38612510000002,"avg":34.48295142857143,"min":2.441621,"med":35.759017},"type":"trend"},"http_req_duration{expected_response:true}":{"contains":"time","values":{"p(95)":65.87954625,"p(99)":71.54620665000002,"avg":34.603906625,"min":2.540364,"med":35.86494,"max":75.287162,"p(90)":65.773342},"type":"trend"},"http_reqs":{"contains":"default","values":{"count":56,"rate":1.8508801347621806},"type":"counter"},"checks":{"type":"rate","contains":"default","values":{"rate":1,"passes":56,"fails":0}},"data_sent":{"contains":"data","values":{"count":6123,"rate":202.37391187765772},"type":"counter"},"iterations":{"type":"counter","contains":"default","values":{"count":28,"rate":0.9254400673810903}}}}