{"root_group":{"id":"d41d8cd98f00b204e9800998ecf8427e","groups":[],"checks":[{"id":"c8f562f01bcdf8f7be8c15f6ad60295d","passes":27,"fails":0,"name":"status es 200","path":"::status es 200"}],"name":"","path":""},"options":{"summaryTrendStats":["avg","min","med","max","p(90)","p(95)","p(99)"],"summaryTimeUnit":"","noColor":false},"state":{"isStdOutTTY":false,"isStdErrTTY":false,"testRunDurationMs":30551.022661},"metrics":{"http_req_tls_handshaking":{"type":"trend","contains":"time","values":{"med":0,"max":8.299407,"p(90)":0,"p(95)":0,"p(99)":6.141561179999988,"avg":0.30738544444444443,"min":0}},"http_req_duration{expected_response:true}":{"type":"trend","contains":"time","values":{"p(90)":156.34538600000002,"p(95)":159.638457,"p(99)":261.8187961599998,"avg":129.055972,"min":82.784224,"med":149.967563,"max":297.419669}},"http_req_blocked":{"type":"trend","contains":"time","values":{"p(90)":0.0005530000000000001,"p(95)":0.0007599999999999998,"p(99)":29.948461919999936,"avg":1.4992051481481488,"min":0.00023,"med":0.00024,"max":40.470599}},"http_req_connecting":{"type":"trend","contains":"time","values":{"avg":0.09243448148148149,"min":0,"med":0,"max":2.495731,"p(90)":0,"p(95)":0,"p(99)":1.846840939999996}},"vus_max":{"type":"gauge","contains":"default","values":{"value":1,"min":1,"max":1}},"iteration_duration":{"type":"trend","contains":"time","values":{"avg":1131.4865834814816,"min":1083.785345,"med":1150.809743,"max":1338.682238,"p(90)":1157.5273126,"p(95)":1160.8146859,"p(99)":1292.6762995799997}},"iterations":{"type":"counter","contains":"default","values":{"count":27,"rate":0.8837674699009972}},"http_req_sending":{"type":"trend","contains":"time","values":{"avg":0.10110137037037036,"min":0.079309,"med":0.097657,"max":0.164637,"p(90)":0.11925720000000002,"p(95)":0.1336465,"p(99)":0.15737467999999996}},"http_req_waiting":{"type":"trend","contains":"time","values":{"avg":127.35039507407403,"min":82.492681,"med":149.587502,"max":296.813038,"p(90)":156.0322882,"p(95)":159.3493979,"p(99)":261.2929903199998}},"http_reqs":{"type":"counter","contains":"default","values":{"count":27,"rate":0.8837674699009972}},"data_sent":{"type":"counter","contains":"data","values":{"count":8394,"rate":274.7534867536655}},"http_req_duration":{"type":"trend","contains":"time","values":{"max":297.419669,"p(90)":156.34538600000002,"p(95)":159.638457,"p(99)":261.8187961599998,"avg":129.055972,"min":82.784224,"med":149.967563},"thresholds":{"p(95)<800":{"ok":true}}},"checks":{"values":{"rate":1,"passes":27,"fails":0},"type":"rate","contains":"default"},"http_req_failed":{"thresholds":{"rate<0.01":{"ok":true}},"type":"rate","contains":"default","values":{"rate":0,"passes":0,"fails":27}},"vus":{"values":{"value":1,"min":1,"max":1},"type":"gauge","contains":"default"},"data_received":{"type":"counter","contains":"data","values":{"count":1587728,"rate":51969.71694262853}},"http_req_receiving":{"values":{"p(90)":5.040201400000001,"p(95)":5.2508631,"p(99)":5.31377196,"avg":1.6044755555555557,"min":0.190507,"med":0.314017,"max":5.328255},"type":"trend","contains":"time"}}}