{"options":{"summaryTrendStats":["avg","min","med","max","p(90)","p(95)","p(99)"],"summaryTimeUnit":"","noColor":false},"state":{"isStdOutTTY":false,"isStdErrTTY":false,"testRunDurationMs":31011.698567},"metrics":{"http_req_waiting":{"contains":"time","values":{"med":100.5948525,"max":197.714703,"p(90)":115.8750123,"p(95)":148.04146009999994,"p(99)":188.65370118,"avg":99.37392196428571,"min":71.603463},"type":"trend"},"iteration_duration":{"type":"trend","contains":"time","values":{"med":1106.051,"max":1276.279457,"p(90)":1121.4917526,"p(95)":1153.7147166,"p(99)":1247.38157543,"avg":1107.5227850357142,"min":1076.279762}},"http_req_failed":{"thresholds":{"rate<0.01":{"ok":true}},"type":"rate","contains":"default","values":{"rate":0,"passes":0,"fails":28}},"http_req_tls_handshaking":{"type":"trend","contains":"time","values":{"max":28.81995,"p(90)":0,"p(95)":0,"p(99)":21.038563500000013,"avg":1.0292839285714286,"min":0,"med":0}},"data_received":{"values":{"count":1645900,"rate":53073.51986683587},"type":"counter","contains":"data"},"vus_max":{"type":"gauge","contains":"default","values":{"value":1,"min":1,"max":1}},"iterations":{"contains":"default","values":{"count":28,"rate":0.9028850818831061},"type":"counter"},"vus":{"type":"gauge","contains":"default","values":{"value":1,"min":1,"max":1}},"http_req_sending":{"values":{"p(95)":0.11707269999999999,"p(99)":0.13616011,"avg":0.0948562857142857,"min":0.076597,"med":0.09067349999999999,"max":0.141967,"p(90)":0.1064462},"type":"trend","contains":"time"},"http_req_duration":{"contains":"time","values":{"max":201.982921,"p(90)":121.08039910000001,"p(95)":153.20041539999994,"p(99)":192.97350538,"avg":104.14725746428572,"min":75.982277,"med":105.54335499999999},"thresholds":{"p(95)<800":{"ok":true}},"type":"trend"},"http_req_blocked":{"values":{"p(95)":0.0023850499999999966,"p(99)":53.36566727000003,"avg":2.611369178571429,"min":0.000317,"med":0.0004655,"max":73.102451,"p(90)":0.0007645},"type":"trend","contains":"time"},"http_req_connecting":{"values":{"med":0,"max":20.107465,"p(90)":0,"p(95)":0,"p(99)":14.67844945000001,"avg":0.7181237500000001,"min":0},"type":"trend","contains":"time"},"http_req_receiving":{"type":"trend","contains":"time","values":{"max":6.369483,"p(90)":4.8924874,"p(95)":5.1140101499999995,"p(99)":6.06045531,"avg":4.678479214285714,"min":4.126251,"med":4.688015}},"http_reqs":{"contains":"default","values":{"count":28,"rate":0.9028850818831061},"type":"counter"},"checks":{"type":"rate","contains":"default","values":{"rate":1,"passes":28,"fails":0}},"http_req_duration{expected_response:true}":{"type":"trend","contains":"time","values":{"avg":104.14725746428572,"min":75.982277,"med":105.54335499999999,"max":201.982921,"p(90)":121.08039910000001,"p(95)":153.20041539999994,"p(99)":192.97350538}},"data_sent":{"values":{"count":9707,"rate":313.010910351404},"type":"counter","contains":"data"}},"root_group":{"path":"","id":"d41d8cd98f00b204e9800998ecf8427e","groups":[],"checks":[{"name":"status es 200","path":"::status es 200","id":"c8f562f01bcdf8f7be8c15f6ad60295d","passes":28,"fails":0}],"name":""}}