{"root_group":{"path":"","id":"d41d8cd98f00b204e9800998ecf8427e","groups":[],"checks":[{"name":"status es 200","path":"::status es 200","id":"c8f562f01bcdf8f7be8c15f6ad60295d","passes":28,"fails":0}],"name":""},"options":{"summaryTrendStats":["avg","min","med","max","p(90)","p(95)","p(99)"],"summaryTimeUnit":"","noColor":false},"state":{"isStdOutTTY":false,"isStdErrTTY":false,"testRunDurationMs":30765.079993},"metrics":{"http_req_receiving":{"type":"trend","contains":"time","values":{"avg":2.4142587857142854,"min":0.795882,"med":2.5056555,"max":4.784396,"p(90)":4.2297503999999995,"p(95)":4.38887315,"p(99)":4.69042574}},"iterations":{"type":"counter","contains":"default","values":{"count":28,"rate":0.9101227757695042}},"data_sent":{"type":"counter","contains":"data","values":{"count":10180,"rate":330.89463776191263}},"http_req_duration{expected_response:true}":{"type":"trend","contains":"time","values":{"min":84.823322,"med":93.2694865,"max":120.687389,"p(90)":108.15035150000001,"p(95)":113.99256325,"p(99)":119.37225059,"avg":96.63003182142859}},"http_req_sending":{"contains":"time","values":{"max":0.164177,"p(90)":0.1248308,"p(95)":0.13454729999999998,"p(99)":0.15728471,"avg":0.10890303571428575,"min":0.074449,"med":0.10831750000000001},"type":"trend"},"checks":{"type":"rate","contains":"default","values":{"rate":1,"passes":28,"fails":0}},"vus":{"type":"gauge","contains":"default","values":{"value":1,"min":1,"max":1}},"http_req_connecting":{"type":"trend","contains":"time","values":{"max":4.850989,"p(90)":0,"p(95)":0,"p(99)":3.5412219700000023,"avg":0.17324960714285714,"min":0,"med":0}},"http_req_tls_handshaking":{"values":{"avg":0.49619564285714285,"min":0,"med":0,"max":13.893478,"p(90)":0,"p(95)":0,"p(99)":10.142238940000006},"type":"trend","contains":"time"},"http_req_duration":{"contains":"time","values":{"max":120.687389,"p(90)":108.15035150000001,"p(95)":113.99256325,"p(99)":119.37225059,"avg":96.63003182142859,"min":84.823322,"med":93.2694865},"thresholds":{"p(95)<800":{"ok":true}},"type":"trend"},"vus_max":{"contains":"default","values":{"max":1,"value":1,"min":1},"type":"gauge"},"http_req_failed":{"type":"rate","contains":"default","values":{"fails":28,"rate":0,"passes":0},"thresholds":{"rate<0.01":{"ok":true}}},"http_req_waiting":{"type":"trend","contains":"time","values":{"min":82.530137,"med":91.11283800000001,"max":117.333994,"p(90)":105.7357056,"p(95)":110.39606744999999,"p(99)":115.76010271000001,"avg":94.10687}},"http_reqs":{"values":{"count":28,"rate":0.9101227757695042},"type":"counter","contains":"default"},"iteration_duration":{"contains":"time","values":{"med":1093.9798955,"max":1157.972074,"p(90)":1108.6421332,"p(95)":1115.01945385,"p(99)":1146.89965426,"avg":1098.7200136071426,"min":1086.118924},"type":"trend"},"data_received":{"contains":"data","values":{"count":1646171,"rate":53507.77571111645},"type":"counter"},"http_req_blocked":{"values":{"p(90)":0.000424,"p(95)":0.000431,"p(99)":26.509175770000017,"avg":1.2972495,"min":0.000281,"med":0.00032,"max":36.31378},"type":"trend","contains":"time"}}}