{"root_group":{"groups":[],"checks":[{"name":"status es 200","path":"::status es 200","id":"c8f562f01bcdf8f7be8c15f6ad60295d","passes":26,"fails":0}],"name":"","path":"","id":"d41d8cd98f00b204e9800998ecf8427e"},"options":{"summaryTimeUnit":"","noColor":false,"summaryTrendStats":["avg","min","med","max","p(90)","p(95)","p(99)"]},"state":{"testRunDurationMs":30227.813518,"isStdOutTTY":false,"isStdErrTTY":false},"metrics":{"http_req_tls_handshaking":{"type":"trend","contains":"time","values":{"min":0,"med":0,"max":10.074055,"p(90)":0,"p(95)":0,"p(99)":7.555541249999999,"avg":0.38746365384615383}},"http_req_receiving":{"type":"trend","contains":"time","values":{"max":7.921322,"p(90)":4.9211265,"p(95)":5.2763095,"p(99)":7.2714535,"avg":1.7022318076923075,"min":0.219996,"med":0.4100875}},"http_req_waiting":{"contains":"time","values":{"min":83.909316,"med":177.539829,"max":362.24059,"p(90)":180.71828649999998,"p(95)":183.91724825,"p(99)":317.92386124999996,"avg":158.59815526923077},"type":"trend"},"vus_max":{"contains":"default","values":{"value":1,"min":1,"max":1},"type":"gauge"},"http_req_failed":{"type":"rate","contains":"default","values":{"rate":0,"passes":0,"fails":26},"thresholds":{"rate<0.01":{"ok":true}}},"iteration_duration":{"type":"trend","contains":"time","values":{"avg":1162.571294153846,"min":1087.132548,"med":1178.5043615,"max":1401.623215,"p(90)":1182.0747335,"p(95)":1185.5998690000001,"p(99)":1347.8951755}},"http_req_connecting":{"type":"trend","contains":"time","values":{"max":2.075899,"p(90)":0,"p(95)":0,"p(99)":1.5569242500000002,"avg":0.07984226923076923,"min":0,"med":0}},"data_sent":{"type":"counter","contains":"data","values":{"count":7547,"rate":249.67072115573052}},"http_req_blocked":{"type":"trend","contains":"time","values":{"p(90)":0.000776,"p(95)":0.00091675,"p(99)":28.503293999999997,"avg":1.4621366923076926,"min":0.0003,"med":0.000341,"max":38.004078}},"checks":{"type":"rate","contains":"default","values":{"rate":1,"passes":26,"fails":0}},"http_req_duration{expected_response:true}":{"type":"trend","contains":"time","values":{"p(95)":184.41914025,"p(99)":318.48662625,"avg":160.41673123076922,"min":86.610002,"med":178.04688,"max":362.82668,"p(90)":181.2356545}},"vus":{"values":{"value":1,"min":1,"max":1},"type":"gauge","contains":"default"},"data_received":{"type":"counter","contains":"data","values":{"rate":50581.13115225948,"count":1528957}},"http_req_sending":{"contains":"time","values":{"p(95)":0.13548875,"p(99)":0.15941725,"avg":0.11634415384615385,"min":0.088463,"med":0.1136755,"max":0.166931,"p(90)":0.1309565},"type":"trend"},"iterations":{"type":"counter","contains":"default","values":{"count":26,"rate":0.8601349874187085}},"http_reqs":{"type":"counter","contains":"default","values":{"count":26,"rate":0.8601349874187085}},"http_req_duration":{"type":"trend","contains":"time","values":{"avg":160.41673123076922,"min":86.610002,"med":178.04688,"max":362.82668,"p(90)":181.2356545,"p(95)":184.41914025,"p(99)":318.48662625},"thresholds":{"p(95)<800":{"ok":true}}}}}