{"root_group":{"name":"","path":"","id":"d41d8cd98f00b204e9800998ecf8427e","groups":[],"checks":[{"name":"status es 200","path":"::status es 200","id":"c8f562f01bcdf8f7be8c15f6ad60295d","passes":27,"fails":0}]},"options":{"summaryTrendStats":["avg","min","med","max","p(90)","p(95)","p(99)"],"summaryTimeUnit":"","noColor":false},"state":{"isStdErrTTY":false,"testRunDurationMs":30637.71882,"isStdOutTTY":false},"metrics":{"http_reqs":{"type":"counter","contains":"default","values":{"count":27,"rate":0.881266655609316}},"http_req_connecting":{"type":"trend","contains":"time","values":{"med":0,"max":4.950297,"p(90)":0,"p(95)":0,"p(99)":3.6632197799999924,"avg":0.18334433333333333,"min":0}},"http_req_receiving":{"values":{"p(90)":4.8252346,"p(95)":6.217534099999999,"p(99)":14.323396379999984,"avg":2.5131087037037037,"min":0.750076,"med":1.222286,"max":16.964434},"type":"trend","contains":"time"},"data_sent":{"type":"counter","contains":"data","values":{"count":8903,"rate":290.58951981073113}},"http_req_failed":{"type":"rate","contains":"default","values":{"fails":27,"rate":0,"passes":0},"thresholds":{"rate<0.01":{"ok":true}}},"iterations":{"type":"counter","contains":"default","values":{"count":27,"rate":0.881266655609316}},"http_req_duration{expected_response:true}":{"values":{"avg":132.16813151851852,"min":85.531811,"med":103.559945,"max":311.824138,"p(90)":172.0038934,"p(95)":177.33942449999998,"p(99)":277.14297745999977},"type":"trend","contains":"time"},"http_req_duration":{"contains":"time","values":{"med":103.559945,"max":311.824138,"p(90)":172.0038934,"p(95)":177.33942449999998,"p(99)":277.14297745999977,"avg":132.16813151851852,"min":85.531811},"thresholds":{"p(95)<800":{"ok":true}},"type":"trend"},"vus":{"type":"gauge","contains":"default","values":{"value":1,"min":1,"max":1}},"http_req_blocked":{"values":{"avg":1.6964362592592597,"min":0.0003,"med":0.00033,"max":45.795234,"p(90)":0.00037900000000000005,"p(95)":0.000391,"p(99)":33.88857481999993},"type":"trend","contains":"time"},"http_req_tls_handshaking":{"values":{"p(99)":13.22923529999997,"avg":0.6621238888888888,"min":0,"med":0,"max":17.877345,"p(90)":0,"p(95)":0},"type":"trend","contains":"time"},"data_received":{"type":"counter","contains":"data","values":{"count":1587548,"rate":51816.78209552809}},"vus_max":{"type":"gauge","contains":"default","values":{"value":1,"min":1,"max":1}},"iteration_duration":{"values":{"med":1104.342126,"max":1312.554828,"p(90)":1172.9474462,"p(95)":1178.3712537,"p(99)":1277.9306295599997,"avg":1134.694258925926,"min":1086.334346},"type":"trend","contains":"time"},"http_req_sending":{"type":"trend","contains":"time","values":{"p(90)":0.13154380000000002,"p(95)":0.1338338,"p(99)":0.16584739999999992,"avg":0.10629799999999998,"min":0.068819,"med":0.102562,"max":0.176861}},"checks":{"type":"rate","contains":"default","values":{"rate":1,"passes":27,"fails":0}},"http_req_waiting":{"type":"trend","contains":"time","values":{"p(99)":276.1673659999998,"avg":129.54872481481485,"min":84.206332,"med":99.512058,"max":310.982991,"p(90)":170.7375788,"p(95)":176.0401726}}}}