{"metrics":{"http_req_failed":{"type":"rate","contains":"default","values":{"rate":0,"passes":0,"fails":28},"thresholds":{"rate<0.01":{"ok":true}}},"checks":{"type":"rate","contains":"default","values":{"passes":28,"fails":0,"rate":1}},"http_req_duration{expected_response:true}":{"contains":"time","values":{"p(90)":115.0986742,"p(95)":158.4057130999999,"p(99)":190.58573778,"avg":103.8529505,"min":74.791106,"med":106.45830000000001,"max":194.11431},"type":"trend"},"http_req_connecting":{"type":"trend","contains":"time","values":{"max":18.013341,"p(90)":0,"p(95)":0,"p(99)":13.149738930000009,"avg":0.6433336071428571,"min":0,"med":0}},"http_req_receiving":{"values":{"avg":4.57975292857143,"min":3.564385,"med":4.7011210000000005,"max":4.922786,"p(90)":4.8459522,"p(95)":4.896160999999999,"p(99)":4.92276413},"type":"trend","contains":"time"},"iterations":{"type":"counter","contains":"default","values":{"count":28,"rate":0.9023481775493355}},"http_req_sending":{"type":"trend","contains":"time","values":{"min":0.071687,"med":0.0900685,"max":0.151211,"p(90)":0.1095146,"p(95)":0.12593179999999995,"p(99)":0.14642417000000002,"avg":0.09457199999999999}},"data_sent":{"type":"counter","contains":"data","values":{"count":9463,"rate":304.96145729104865}},"http_reqs":{"type":"counter","contains":"default","values":{"count":28,"rate":0.9023481775493355}},"http_req_waiting":{"type":"trend","contains":"time","values":{"p(99)":186.6709868,"avg":99.17862557142858,"min":70.440377,"med":101.6022925,"max":190.416443,"p(90)":110.2191531,"p(95)":153.80998004999992}},"http_req_tls_handshaking":{"type":"trend","contains":"time","values":{"max":33.129511,"p(90)":0,"p(95)":0,"p(99)":24.184543030000015,"avg":1.1831968214285715,"min":0,"med":0}},"vus":{"type":"gauge","contains":"default","values":{"value":1,"min":1,"max":1}},"http_req_duration":{"type":"trend","contains":"time","values":{"min":74.791106,"med":106.45830000000001,"max":194.11431,"p(90)":115.0986742,"p(95)":158.4057130999999,"p(99)":190.58573778,"avg":103.8529505},"thresholds":{"p(95)<800":{"ok":true}}},"iteration_duration":{"type":"trend","contains":"time","values":{"p(90)":1116.1637797,"p(95)":1159.1394303,"p(99)":1262.27192881,"avg":1108.182445392857,"min":1075.58269,"med":1107.2555915,"max":1292.121535}},"data_received":{"type":"counter","contains":"data","values":{"count":1646016,"rate":53045.69777918025}},"http_req_blocked":{"type":"trend","contains":"time","values":{"med":0.0003925,"max":97.6248,"p(90)":0.0008325000000000001,"p(95)":0.0022974499999999973,"p(99)":71.26691643000004,"avg":3.487145785714286,"min":0.000313}},"vus_max":{"type":"gauge","contains":"default","values":{"value":1,"min":1,"max":1}}},"root_group":{"name":"","path":"","id":"d41d8cd98f00b204e9800998ecf8427e","groups":[],"checks":[{"passes":28,"fails":0,"name":"status es 200","path":"::status es 200","id":"c8f562f01bcdf8f7be8c15f6ad60295d"}]},"options":{"summaryTrendStats":["avg","min","med","max","p(90)","p(95)","p(99)"],"summaryTimeUnit":"","noColor":false},"state":{"isStdOutTTY":false,"isStdErrTTY":false,"testRunDurationMs":31030.150774}}