{"root_group":{"name":"","path":"","id":"d41d8cd98f00b204e9800998ecf8427e","groups":[],"checks":[{"name":"status es 200","path":"::status es 200","id":"c8f562f01bcdf8f7be8c15f6ad60295d","passes":29,"fails":0}]},"options":{"summaryTrendStats":["avg","min","med","max","p(90)","p(95)","p(99)"],"summaryTimeUnit":"","noColor":false},"state":{"isStdOutTTY":false,"isStdErrTTY":false,"testRunDurationMs":31009.639864},"metrics":{"data_sent":{"values":{"count":8423,"rate":271.6252119321936},"type":"counter","contains":"data"},"http_req_duration":{"values":{"avg":64.3266432413793,"min":60.332721,"med":62.297964,"max":117.404326,"p(90)":64.091264,"p(95)":67.32203839999998,"p(99)":103.97361359999994},"thresholds":{"p(95)<800":{"ok":true}},"type":"trend","contains":"time"},"checks":{"type":"rate","contains":"default","values":{"rate":1,"passes":29,"fails":0}},"data_received":{"type":"counter","contains":"data","values":{"count":1704107,"rate":54954.10483558526}},"http_req_blocked":{"type":"trend","contains":"time","values":{"avg":4.1629894482758605,"min":0.00028,"med":0.000311,"max":120.705444,"p(90)":0.0004609999999999999,"p(95)":0.007570199999999976,"p(99)":86.91133651999986}},"http_req_connecting":{"type":"trend","contains":"time","values":{"avg":0.13308020689655173,"min":0,"med":0,"max":3.859326,"p(90)":0,"p(95)":0,"p(99)":2.7787147199999955}},"iteration_duration":{"type":"trend","contains":"time","values":{"min":1060.554617,"med":1063.103883,"max":1239.128482,"p(90)":1065.020292,"p(95)":1068.214888,"p(99)":1191.8586462399999,"avg":1069.2652416206895}},"http_req_duration{expected_response:true}":{"values":{"avg":64.3266432413793,"min":60.332721,"med":62.297964,"max":117.404326,"p(90)":64.091264,"p(95)":67.32203839999998,"p(99)":103.97361359999994},"type":"trend","contains":"time"},"http_req_tls_handshaking":{"contains":"time","values":{"avg":0.4395651034482759,"min":0,"med":0,"max":12.747388,"p(90)":0,"p(95)":0,"p(99)":9.178119359999986},"type":"trend"},"vus":{"type":"gauge","contains":"default","values":{"max":1,"value":1,"min":1}},"vus_max":{"type":"gauge","contains":"default","values":{"value":1,"min":1,"max":1}},"http_req_failed":{"thresholds":{"rate<0.01":{"ok":true}},"type":"rate","contains":"default","values":{"rate":0,"passes":0,"fails":29}},"http_req_receiving":{"values":{"avg":0.9395204827586208,"min":0.606252,"med":0.891706,"max":2.025961,"p(90)":1.0591001999999998,"p(95)":1.2579874,"p(99)":1.815740359999999},"type":"trend","contains":"time"},"iterations":{"contains":"default","values":{"count":29,"rate":0.9351930601963214},"type":"counter"},"http_reqs":{"type":"counter","contains":"default","values":{"count":29,"rate":0.9351930601963214}},"http_req_sending":{"type":"trend","contains":"time","values":{"max":0.148217,"p(90)":0.1151652,"p(95)":0.12650419999999996,"p(99)":0.14376779999999997,"avg":0.10024672413793105,"min":0.05891,"med":0.102171}},"http_req_waiting":{"type":"trend","contains":"time","values":{"max":116.536529,"p(90)":63.146437000000006,"p(95)":66.29884799999999,"p(99)":103.04444255999994,"avg":63.28687603448276,"min":59.317111,"med":61.139466}}}}