{"options":{"noColor":false,"summaryTrendStats":["avg","min","med","max","p(90)","p(95)","p(99)"],"summaryTimeUnit":""},"state":{"isStdOutTTY":false,"isStdErrTTY":false,"testRunDurationMs":30656.465445},"metrics":{"http_req_connecting":{"type":"trend","contains":"time","values":{"max":1.665338,"p(90)":0,"p(95)":0,"p(99)":1.2323501199999973,"avg":0.061679185185185184,"min":0,"med":0}},"http_req_sending":{"type":"trend","contains":"time","values":{"avg":0.09513788888888888,"min":0.066544,"med":0.093594,"max":0.122107,"p(90)":0.11630040000000001,"p(95)":0.1202884,"p(99)":0.12170608}},"http_reqs":{"contains":"default","values":{"count":27,"rate":0.8807277554041586},"type":"counter"},"vus":{"contains":"default","values":{"value":1,"min":1,"max":1},"type":"gauge"},"http_req_blocked":{"contains":"time","values":{"p(99)":65.38509111999987,"avg":3.272849925925926,"min":0.000281,"med":0.000321,"max":88.357999,"p(90)":0.0004570000000000003,"p(95)":0.0006249999999999999},"type":"trend"},"http_req_waiting":{"values":{"min":82.904697,"med":91.339424,"max":347.753935,"p(90)":180.4482468,"p(95)":188.4952161,"p(99)":306.9375346999998,"avg":128.62962492592595},"type":"trend","contains":"time"},"data_sent":{"contains":"data","values":{"count":8538,"rate":278.5056879866928},"type":"counter"},"data_received":{"type":"counter","contains":"data","values":{"rate":51785.813431369636,"count":1587570}},"iteration_duration":{"type":"trend","contains":"time","values":{"max":1437.526213,"p(90)":1181.4053482,"p(95)":1189.5279253,"p(99)":1373.6533553799998,"avg":1135.3932476296297,"min":1085.751513,"med":1097.271073}},"http_req_failed":{"type":"rate","contains":"default","values":{"rate":0,"passes":0,"fails":27},"thresholds":{"rate<0.01":{"ok":true}}},"http_req_duration":{"type":"trend","contains":"time","values":{"p(99)":307.41231549999975,"avg":131.33077314814815,"min":85.346516,"med":96.69294,"max":348.244399,"p(90)":181.0055522,"p(95)":188.9257159},"thresholds":{"p(95)<800":{"ok":true}}},"checks":{"type":"rate","contains":"default","values":{"rate":1,"passes":27,"fails":0}},"http_req_duration{expected_response:true}":{"type":"trend","contains":"time","values":{"p(99)":307.41231549999975,"avg":131.33077314814815,"min":85.346516,"med":96.69294,"max":348.244399,"p(90)":181.0055522,"p(95)":188.9257159}},"vus_max":{"type":"gauge","contains":"default","values":{"value":1,"min":1,"max":1}},"http_req_receiving":{"type":"trend","contains":"time","values":{"min":0.259984,"med":2.934388,"max":5.256606,"p(90)":5.1049954,"p(95)":5.204534600000001,"p(99)":5.25179314,"avg":2.606010333333333}},"iterations":{"type":"counter","contains":"default","values":{"count":27,"rate":0.8807277554041586}},"http_req_tls_handshaking":{"type":"trend","contains":"time","values":{"avg":0.5797912592592592,"min":0,"med":0,"max":15.654364,"p(90)":0,"p(95)":0,"p(99)":11.584229359999975}}},"root_group":{"name":"","path":"","id":"d41d8cd98f00b204e9800998ecf8427e","groups":[],"checks":[{"name":"status es 200","path":"::status es 200","id":"c8f562f01bcdf8f7be8c15f6ad60295d","passes":27,"fails":0}]}}