{"options":{"summaryTrendStats":["avg","min","med","max","p(90)","p(95)","p(99)"],"summaryTimeUnit":"","noColor":false},"state":{"isStdOutTTY":false,"isStdErrTTY":false,"testRunDurationMs":30043.527734},"metrics":{"http_reqs":{"type":"counter","contains":"default","values":{"rate":0.8654110206430926,"count":26}},"http_req_receiving":{"type":"trend","contains":"time","values":{"avg":1.283759923076923,"min":0.200855,"med":0.3375955,"max":4.807831,"p(90)":4.521284,"p(95)":4.6025755,"p(99)":4.761205}},"http_req_blocked":{"type":"trend","contains":"time","values":{"avg":1.6378575384615388,"min":0.00029,"med":0.00033,"max":42.574247,"p(90)":0.0007264999999999999,"p(95)":0.0011295,"p(99)":31.930995750000005}},"http_req_tls_handshaking":{"type":"trend","contains":"time","values":{"min":0,"med":0,"max":15.400476,"p(90)":0,"p(95)":0,"p(99)":11.550357,"avg":0.592326}},"vus_max":{"type":"gauge","contains":"default","values":{"min":1,"max":1,"value":1}},"data_sent":{"type":"counter","contains":"data","values":{"count":7401,"rate":246.34257552998184}},"http_req_connecting":{"type":"trend","contains":"time","values":{"avg":0.0665323076923077,"min":0,"med":0,"max":1.72984,"p(90)":0,"p(95)":0,"p(99)":1.29738}},"vus":{"type":"gauge","contains":"default","values":{"value":1,"min":1,"max":1}},"http_req_duration{expected_response:true}":{"type":"trend","contains":"time","values":{"med":157.884204,"max":300.990368,"p(90)":166.448011,"p(95)":173.494977,"p(99)":269.51409175,"avg":152.91224792307693,"min":95.922671}},"http_req_waiting":{"contains":"time","values":{"p(90)":166.051575,"p(95)":172.99736475,"p(99)":269.04220025,"avg":151.51720369230767,"min":91.406085,"med":157.523472,"max":300.542458},"type":"trend"},"http_req_sending":{"type":"trend","contains":"time","values":{"p(99)":0.15644775,"avg":0.11128430769230771,"min":0.083546,"med":0.1049155,"max":0.156934,"p(90)":0.1416645,"p(95)":0.15482125}},"data_received":{"type":"counter","contains":"data","values":{"count":1529104,"rate":50896.28666574752}},"iterations":{"type":"counter","contains":"default","values":{"count":26,"rate":0.8654110206430926}},"iteration_duration":{"contains":"time","values":{"p(99)":1270.51392325,"avg":1155.4862866538463,"min":1096.481744,"med":1159.2217110000001,"max":1302.226002,"p(90)":1171.0348305,"p(95)":1174.6645804999998},"type":"trend"},"checks":{"contains":"default","values":{"rate":1,"passes":26,"fails":0},"type":"rate"},"http_req_failed":{"type":"rate","contains":"default","values":{"rate":0,"passes":0,"fails":26},"thresholds":{"rate<0.01":{"ok":true}}},"http_req_duration":{"values":{"p(99)":269.51409175,"avg":152.91224792307693,"min":95.922671,"med":157.884204,"max":300.990368,"p(90)":166.448011,"p(95)":173.494977},"thresholds":{"p(95)<800":{"ok":true}},"type":"trend","contains":"time"}},"root_group":{"name":"","path":"","id":"d41d8cd98f00b204e9800998ecf8427e","groups":[],"checks":[{"id":"c8f562f01bcdf8f7be8c15f6ad60295d","passes":26,"fails":0,"name":"status es 200","path":"::status es 200"}]}}