{"root_group":{"name":"","path":"","id":"d41d8cd98f00b204e9800998ecf8427e","groups":[],"checks":[{"name":"status es 200","path":"::status es 200","id":"c8f562f01bcdf8f7be8c15f6ad60295d","passes":26,"fails":0}]},"options":{"summaryTrendStats":["avg","min","med","max","p(90)","p(95)","p(99)"],"summaryTimeUnit":"","noColor":false},"state":{"isStdOutTTY":false,"isStdErrTTY":false,"testRunDurationMs":30771.219703},"metrics":{"http_req_connecting":{"type":"trend","contains":"time","values":{"p(90)":0,"p(95)":0,"p(99)":6.3623009999999995,"avg":0.32627184615384613,"min":0,"med":0,"max":8.483068}},"http_req_waiting":{"type":"trend","contains":"time","values":{"max":317.411816,"p(90)":199.7755505,"p(95)":265.73652400000003,"p(99)":309.50605774999997,"avg":177.7331918846154,"min":98.153201,"med":174.93919649999998}},"http_req_duration":{"type":"trend","contains":"time","values":{"p(99)":311.5033765,"avg":179.83674657692305,"min":100.144477,"med":177.216951,"max":319.297754,"p(90)":201.95408550000002,"p(95)":267.99377275},"thresholds":{"p(95)<800":{"ok":true}}},"data_sent":{"type":"counter","contains":"data","values":{"count":8795,"rate":285.8190245589304}},"http_req_duration{expected_response:true}":{"type":"trend","contains":"time","values":{"med":177.216951,"max":319.297754,"p(90)":201.95408550000002,"p(95)":267.99377275,"p(99)":311.5033765,"avg":179.83674657692305,"min":100.144477}},"http_req_sending":{"type":"trend","contains":"time","values":{"p(90)":0.095774,"p(95)":0.125034,"p(99)":0.168134,"avg":0.065198,"min":0.04275,"med":0.053415000000000004,"max":0.179495}},"data_received":{"type":"counter","contains":"data","values":{"count":1528700,"rate":49679.53869735496}},"iterations":{"contains":"default","values":{"rate":0.8449453824368608,"count":26},"type":"counter"},"http_req_tls_handshaking":{"type":"trend","contains":"time","values":{"min":0,"med":0,"max":21.305524,"p(90)":0,"p(95)":0,"p(99)":15.979142999999999,"avg":0.8194432307692308}},"vus_max":{"type":"gauge","contains":"default","values":{"value":1,"min":1,"max":1}},"http_reqs":{"type":"counter","contains":"default","values":{"count":26,"rate":0.8449453824368608}},"http_req_receiving":{"type":"trend","contains":"time","values":{"p(99)":2.7453624999999997,"avg":2.038356692307693,"min":0.342183,"med":2.1479385,"max":2.837156,"p(90)":2.2576675,"p(95)":2.4223222499999997}},"iteration_duration":{"contains":"time","values":{"min":1100.86623,"med":1179.356704,"max":1319.736974,"p(90)":1216.2225905,"p(95)":1272.52039775,"p(99)":1311.94026025,"avg":1183.4841147692307},"type":"trend"},"http_req_failed":{"type":"rate","contains":"default","values":{"fails":26,"rate":0,"passes":0},"thresholds":{"rate<0.01":{"ok":true}}},"vus":{"type":"gauge","contains":"default","values":{"value":1,"min":1,"max":1}},"checks":{"type":"rate","contains":"default","values":{"passes":26,"fails":0,"rate":1}},"http_req_blocked":{"type":"trend","contains":"time","values":{"min":0.000281,"med":0.0003155,"max":76.699183,"p(90)":0.00041600000000000003,"p(95)":0.0004285,"p(99)":57.524494999999995,"avg":2.950291923076923}}}}