{"root_group":{"name":"","path":"","id":"d41d8cd98f00b204e9800998ecf8427e","groups":[],"checks":[{"name":"status es 200","path":"::status es 200","id":"c8f562f01bcdf8f7be8c15f6ad60295d","passes":27,"fails":0}]},"options":{"summaryTimeUnit":"","noColor":false,"summaryTrendStats":["avg","min","med","max","p(90)","p(95)","p(99)"]},"state":{"isStdErrTTY":false,"testRunDurationMs":30776.516436,"isStdOutTTY":false},"metrics":{"http_req_duration{expected_response:true}":{"type":"trend","contains":"time","values":{"p(95)":157.3776688,"p(99)":250.29670431999978,"avg":137.7038011481482,"min":83.892694,"med":146.816379,"max":282.367423,"p(90)":151.1880036}},"http_req_duration":{"type":"trend","contains":"time","values":{"min":83.892694,"med":146.816379,"max":282.367423,"p(90)":151.1880036,"p(95)":157.3776688,"p(99)":250.29670431999978,"avg":137.7038011481482},"thresholds":{"p(95)<800":{"ok":true}}},"http_req_sending":{"type":"trend","contains":"time","values":{"p(90)":0.11858600000000004,"p(95)":0.13129760000000001,"p(99)":0.1818598999999999,"avg":0.10167125925925925,"min":0.071564,"med":0.098013,"max":0.199133}},"http_req_tls_handshaking":{"type":"trend","contains":"time","values":{"med":0,"max":10.194719,"p(90)":0,"p(95)":0,"p(99)":7.544092059999984,"avg":0.37758218518518516,"min":0}},"data_sent":{"type":"counter","contains":"data","values":{"count":7411,"rate":240.800482257673}},"iteration_duration":{"contains":"time","values":{"p(99)":1251.14528336,"avg":1139.8369784444444,"min":1084.589529,"med":1147.35691,"max":1283.299266,"p(90)":1151.8310908,"p(95)":1157.917168},"type":"trend"},"vus":{"type":"gauge","contains":"default","values":{"max":1,"value":1,"min":1}},"http_req_blocked":{"type":"trend","contains":"time","values":{"min":0.0003,"med":0.000331,"max":35.817876,"p(90)":0.0006174000000000003,"p(95)":0.0007509999999999999,"p(99)":26.505428959999946,"avg":1.32695462962963}},"http_req_waiting":{"type":"trend","contains":"time","values":{"p(99)":249.82119799999978,"avg":136.89633866666665,"min":83.422872,"med":146.372083,"max":281.875662,"p(90)":150.7015474,"p(95)":156.90170709999998}},"checks":{"type":"rate","contains":"default","values":{"rate":1,"passes":27,"fails":0}},"vus_max":{"values":{"value":1,"min":1,"max":1},"type":"gauge","contains":"default"},"http_req_connecting":{"type":"trend","contains":"time","values":{"med":0,"max":1.776588,"p(90)":0,"p(95)":0,"p(99)":1.3146751199999973,"avg":0.06579955555555556,"min":0}},"http_req_receiving":{"type":"trend","contains":"time","values":{"p(90)":1.8524208000000035,"p(95)":3.2580422999999996,"p(99)":3.5819618799999997,"avg":0.7057912222222222,"min":0.178184,"med":0.358053,"max":3.628037}},"data_received":{"type":"counter","contains":"data","values":{"count":1587780,"rate":51590.63415451195}},"iterations":{"contains":"default","values":{"count":27,"rate":0.8772922710777454},"type":"counter"},"http_reqs":{"contains":"default","values":{"rate":0.8772922710777454,"count":27},"type":"counter"},"http_req_failed":{"type":"rate","contains":"default","values":{"rate":0,"passes":0,"fails":27},"thresholds":{"rate<0.01":{"ok":true}}}}}