{"state":{"isStdOutTTY":false,"isStdErrTTY":false,"testRunDurationMs":30806.441873},"metrics":{"iterations":{"type":"counter","contains":"default","values":{"count":27,"rate":0.8764400676750626}},"http_req_blocked":{"type":"trend","contains":"time","values":{"avg":1.7349533333333331,"min":0.00028,"med":0.000321,"max":46.834226,"p(90)":0.000451,"p(95)":0.0007939999999999997,"p(99)":34.65757189999993}},"http_req_failed":{"values":{"rate":0,"passes":0,"fails":27},"thresholds":{"rate<0.01":{"ok":true}},"type":"rate","contains":"default"},"http_req_duration":{"type":"trend","contains":"time","values":{"p(99)":274.3703903599998,"avg":138.2531078148148,"min":84.909847,"med":160.498835,"max":309.659752,"p(90)":162.9885802,"p(95)":170.7767457},"thresholds":{"p(95)<800":{"ok":true}}},"http_req_connecting":{"type":"trend","contains":"time","values":{"avg":0.07804296296296297,"min":0,"med":0,"max":2.10716,"p(90)":0,"p(95)":0,"p(99)":1.5592983999999968}},"data_received":{"type":"counter","contains":"data","values":{"count":1587655,"rate":51536.461320172275}},"http_reqs":{"type":"counter","contains":"default","values":{"count":27,"rate":0.8764400676750626}},"http_req_tls_handshaking":{"type":"trend","contains":"time","values":{"min":0,"med":0,"max":9.317789,"p(90)":0,"p(95)":0,"p(99)":6.895163859999985,"avg":0.34510329629629627}},"http_req_sending":{"values":{"med":0.107009,"max":0.223918,"p(90)":0.12749180000000002,"p(95)":0.13389310000000001,"p(99)":0.20060457999999987,"avg":0.10990859259259259,"min":0.079448},"type":"trend","contains":"time"},"http_req_receiving":{"type":"trend","contains":"time","values":{"max":4.422138,"p(90)":1.6159186000000025,"p(95)":3.6105931999999985,"p(99)":4.3515375999999995,"avg":0.7954865925925925,"min":0.279752,"med":0.390327}},"vus":{"type":"gauge","contains":"default","values":{"value":1,"min":1,"max":1}},"data_sent":{"type":"counter","contains":"data","values":{"count":7487,"rate":243.0335846919701}},"http_req_duration{expected_response:true}":{"type":"trend","contains":"time","values":{"med":160.498835,"max":309.659752,"p(90)":162.9885802,"p(95)":170.7767457,"p(99)":274.3703903599998,"avg":138.2531078148148,"min":84.909847}},"checks":{"values":{"rate":1,"passes":27,"fails":0},"type":"rate","contains":"default"},"vus_max":{"values":{"value":1,"min":1,"max":1},"type":"gauge","contains":"default"},"iteration_duration":{"type":"trend","contains":"time","values":{"med":1161.142194,"max":1310.966898,"p(90)":1163.9926206,"p(95)":1171.5126033,"p(99)":1275.5221590599997,"avg":1140.923668037037,"min":1085.370218}},"http_req_waiting":{"type":"trend","contains":"time","values":{"med":159.932786,"max":309.246108,"p(90)":162.497704,"p(95)":170.36310170000002,"p(99)":273.9541528599998,"avg":137.3477126296296,"min":84.503208}}},"root_group":{"name":"","path":"","id":"d41d8cd98f00b204e9800998ecf8427e","groups":[],"checks":[{"id":"c8f562f01bcdf8f7be8c15f6ad60295d","passes":27,"fails":0,"name":"status es 200","path":"::status es 200"}]},"options":{"summaryTrendStats":["avg","min","med","max","p(90)","p(95)","p(99)"],"summaryTimeUnit":"","noColor":false}}