{"options":{"summaryTrendStats":["avg","min","med","max","p(90)","p(95)","p(99)"],"summaryTimeUnit":"","noColor":false},"state":{"isStdOutTTY":false,"isStdErrTTY":false,"testRunDurationMs":30284.389705},"metrics":{"http_req_waiting":{"type":"trend","contains":"time","values":{"avg":73.79850121428571,"min":67.474445,"med":71.383616,"max":122.233826,"p(90)":76.9822903,"p(95)":78.82256339999999,"p(99)":110.77571207000001}},"http_req_tls_handshaking":{"type":"trend","contains":"time","values":{"avg":0.6622369285714286,"min":0,"med":0,"max":18.542634,"p(90)":0,"p(95)":0,"p(99)":13.536122820000008}},"checks":{"type":"rate","contains":"default","values":{"fails":0,"rate":1,"passes":28}},"iterations":{"type":"counter","contains":"default","values":{"count":28,"rate":0.9245687389690788}},"http_req_failed":{"type":"rate","contains":"default","values":{"rate":0,"passes":0,"fails":28},"thresholds":{"rate<0.01":{"ok":true}}},"http_reqs":{"type":"counter","contains":"default","values":{"count":28,"rate":0.9245687389690788}},"iteration_duration":{"type":"trend","contains":"time","values":{"p(90)":1081.8254459,"p(95)":1084.6683556,"p(99)":1188.4845288400002,"avg":1081.563935107143,"min":1071.527624,"med":1075.4107885,"max":1226.62384}},"http_req_connecting":{"type":"trend","contains":"time","values":{"p(90)":0,"p(95)":0,"p(99)":8.687562100000005,"avg":0.4250275,"min":0,"med":0,"max":11.90077}},"http_req_duration{expected_response:true}":{"type":"trend","contains":"time","values":{"max":124.50909,"p(90)":81.0509287,"p(95)":83.90877345,"p(99)":113.68296480000002,"avg":77.16095892857143,"min":70.528979,"med":74.325857}},"http_req_sending":{"type":"trend","contains":"time","values":{"p(99)":0.10872021000000003,"avg":0.049185678571428575,"min":0.031851,"med":0.0429875,"max":0.123699,"p(90)":0.0643728,"p(95)":0.06704285}},"http_req_receiving":{"type":"trend","contains":"time","values":{"avg":3.3132720357142866,"min":2.151565,"med":3.138218,"max":12.645491,"p(90)":3.3735805,"p(95)":3.42102715,"p(99)":10.156466840000004}},"data_received":{"type":"counter","contains":"data","values":{"count":1646216,"rate":54358.56611395432}},"http_req_blocked":{"values":{"p(90)":0.0004088,"p(95)":0.0005182999999999998,"p(99)":73.95453973000005,"avg":3.6183861071428574,"min":0.000208,"med":0.0002405,"max":101.307376},"type":"trend","contains":"time"},"vus":{"type":"gauge","contains":"default","values":{"value":1,"min":1,"max":1}},"data_sent":{"type":"counter","contains":"data","values":{"count":9417,"rate":310.95227910256483}},"http_req_duration":{"type":"trend","contains":"time","values":{"p(90)":81.0509287,"p(95)":83.90877345,"p(99)":113.68296480000002,"avg":77.16095892857143,"min":70.528979,"med":74.325857,"max":124.50909},"thresholds":{"p(95)<800":{"ok":true}}},"vus_max":{"type":"gauge","contains":"default","values":{"max":1,"value":1,"min":1}}},"root_group":{"name":"","path":"","id":"d41d8cd98f00b204e9800998ecf8427e","groups":[],"checks":[{"passes":28,"fails":0,"name":"status es 200","path":"::status es 200","id":"c8f562f01bcdf8f7be8c15f6ad60295d"}]}}