{"options":{"summaryTrendStats":["avg","min","med","max","p(90)","p(95)","p(99)"],"summaryTimeUnit":"","noColor":false},"state":{"isStdOutTTY":false,"isStdErrTTY":false,"testRunDurationMs":30272.939923},"metrics":{"iteration_duration":{"type":"trend","contains":"time","values":{"p(95)":1082.39833305,"p(99)":1197.04027507,"avg":1081.1541538214287,"min":1054.838508,"med":1077.872101,"max":1239.411904,"p(90)":1082.2035577}},"data_received":{"type":"counter","contains":"data","values":{"rate":54372.81625724845,"count":1646025}},"vus_max":{"type":"gauge","contains":"default","values":{"value":1,"min":1,"max":1}},"http_req_blocked":{"type":"trend","contains":"time","values":{"avg":3.8157719285714284,"min":0.000204,"med":0.000227,"max":106.835125,"p(90)":0.00028940000000000004,"p(95)":0.00039179999999999993,"p(99)":77.98975195000006}},"http_req_tls_handshaking":{"contains":"time","values":{"avg":0.8916376428571429,"min":0,"med":0,"max":24.965854,"p(90)":0,"p(95)":0,"p(99)":18.22507342000001},"type":"trend"},"vus":{"values":{"value":1,"min":1,"max":1},"type":"gauge","contains":"default"},"http_reqs":{"type":"counter","contains":"default","values":{"count":28,"rate":0.924918427850705}},"http_req_receiving":{"contains":"time","values":{"avg":4.36163175,"min":3.757529,"med":4.379462999999999,"max":4.855664,"p(90)":4.5218051,"p(95)":4.56383575,"p(99)":4.77919649},"type":"trend"},"iterations":{"type":"counter","contains":"default","values":{"count":28,"rate":0.924918427850705}},"http_req_duration{expected_response:true}":{"values":{"avg":76.61669710714284,"min":54.653275,"med":76.958817,"max":132.096781,"p(90)":81.4113794,"p(95)":81.7112996,"p(99)":118.53307180000002},"type":"trend","contains":"time"},"checks":{"type":"rate","contains":"default","values":{"rate":1,"passes":28,"fails":0}},"http_req_sending":{"type":"trend","contains":"time","values":{"min":0.031861,"med":0.037664500000000004,"max":0.08339,"p(90)":0.0510921,"p(95)":0.058994799999999986,"p(99)":0.07767572000000002,"avg":0.041551928571428566}},"http_req_duration":{"type":"trend","contains":"time","values":{"avg":76.61669710714284,"min":54.653275,"med":76.958817,"max":132.096781,"p(90)":81.4113794,"p(95)":81.7112996,"p(99)":118.53307180000002},"thresholds":{"p(95)<800":{"ok":true}}},"data_sent":{"type":"counter","contains":"data","values":{"count":9028,"rate":298.220127379863}},"http_req_waiting":{"type":"trend","contains":"time","values":{"p(95)":77.64334175,"p(99)":114.51636316000001,"avg":72.21351342857143,"min":49.762412,"med":72.606622,"max":128.002807,"p(90)":76.8608536}},"http_req_failed":{"type":"rate","contains":"default","values":{"rate":0,"passes":0,"fails":28},"thresholds":{"rate<0.01":{"ok":true}}},"http_req_connecting":{"type":"trend","contains":"time","values":{"min":0,"med":0,"max":16.589065,"p(90)":0,"p(95)":0,"p(99)":12.110017450000008,"avg":0.5924666071428571}}},"root_group":{"path":"","id":"d41d8cd98f00b204e9800998ecf8427e","groups":[],"checks":[{"path":"::status es 200","id":"c8f562f01bcdf8f7be8c15f6ad60295d","passes":28,"fails":0,"name":"status es 200"}],"name":""}}