{"root_group":{"name":"","path":"","id":"d41d8cd98f00b204e9800998ecf8427e","groups":[],"checks":[{"name":"status es 200","path":"::status es 200","id":"c8f562f01bcdf8f7be8c15f6ad60295d","passes":4264,"fails":0}]},"options":{"summaryTrendStats":["avg","min","med","max","p(90)","p(95)","p(99)"],"summaryTimeUnit":"","noColor":false},"state":{"isStdOutTTY":false,"isStdErrTTY":false,"testRunDurationMs":300162.45492},"metrics":{"data_received":{"type":"counter","contains":"data","values":{"count":249811555,"rate":832254.5038705135}},"http_req_duration":{"values":{"med":150.2197535,"max":334.614546,"p(90)":172.1177838,"p(95)":176.67015105,"p(99)":195.34359799999996,"avg":134.2946359409006,"min":82.320923},"thresholds":{"p(95)<800":{"ok":true}},"type":"trend","contains":"time"},"http_req_blocked":{"type":"trend","contains":"time","values":{"avg":0.15212729690431578,"min":0.000149,"med":0.000305,"max":85.257033,"p(90)":0.000608,"p(95)":0.0007048499999999999,"p(99)":0.002675439999999999}},"http_req_connecting":{"type":"trend","contains":"time","values":{"avg":0.044905207551594745,"min":0,"med":0,"max":16.145402,"p(90)":0,"p(95)":0,"p(99)":0}},"http_req_sending":{"type":"trend","contains":"time","values":{"p(99)":0.1375644299999999,"avg":0.075299335834897,"min":0.015566,"med":0.0747845,"max":0.702483,"p(90)":0.0952443,"p(95)":0.1035081}},"http_req_duration{expected_response:true}":{"type":"trend","contains":"time","values":{"p(99)":195.34359799999996,"avg":134.2946359409006,"min":82.320923,"med":150.2197535,"max":334.614546,"p(90)":172.1177838,"p(95)":176.67015105}},"http_req_failed":{"thresholds":{"rate<0.01":{"ok":true}},"type":"rate","contains":"default","values":{"rate":0,"passes":0,"fails":4264}},"http_req_tls_handshaking":{"type":"trend","contains":"time","values":{"med":0,"max":28.396937,"p(90)":0,"p(95)":0,"p(99)":0,"avg":0.09402603447467167,"min":0}},"http_req_receiving":{"type":"trend","contains":"time","values":{"p(95)":5.99775005,"p(99)":64.63468402999997,"avg":4.549871387664157,"min":0.107743,"med":2.32981,"max":112.580848,"p(90)":4.657875600000001}},"vus":{"type":"gauge","contains":"default","values":{"min":1,"max":20,"value":1}},"data_sent":{"values":{"rate":3298.120680229143,"count":989972},"type":"counter","contains":"data"},"iteration_duration":{"values":{"avg":1135.2265798820351,"min":1082.868857,"med":1151.0724715000001,"max":1366.19056,"p(90)":1172.9665424,"p(95)":1177.69184025,"p(99)":1198.5665404699998},"type":"trend","contains":"time"},"checks":{"type":"rate","contains":"default","values":{"fails":0,"rate":1,"passes":4264}},"vus_max":{"type":"gauge","contains":"default","values":{"max":20,"value":20,"min":20}},"http_reqs":{"type":"counter","contains":"default","values":{"count":4264,"rate":14.205640745896922}},"iterations":{"type":"counter","contains":"default","values":{"count":4264,"rate":14.205640745896922}},"http_req_waiting":{"type":"trend","contains":"time","values":{"avg":129.66946521740135,"min":79.764454,"med":146.5451595,"max":331.656518,"p(90)":169.63840900000002,"p(95)":174.25326195,"p(99)":191.31947974999997}}}}