{"state":{"isStdOutTTY":false,"isStdErrTTY":false,"testRunDurationMs":30768.368633},"metrics":{"vus":{"type":"gauge","contains":"default","values":{"value":1,"min":1,"max":1}},"vus_max":{"contains":"default","values":{"value":1,"min":1,"max":1},"type":"gauge"},"data_received":{"type":"counter","contains":"data","values":{"count":118686,"rate":3857.4030822260006}},"http_reqs":{"type":"counter","contains":"default","values":{"count":60,"rate":1.9500546394145901}},"http_req_failed":{"type":"rate","contains":"default","values":{"passes":0,"fails":60,"rate":0},"thresholds":{"rate<0.01":{"ok":true}}},"http_req_waiting":{"contains":"time","values":{"avg":8.190734433333331,"min":2.505353,"med":8.216918,"max":14.212013,"p(90)":13.638688199999999,"p(95)":13.6540331,"p(99)":13.967410799999998},"type":"trend"},"http_req_receiving":{"type":"trend","contains":"time","values":{"avg":0.06635503333333334,"min":0.028092,"med":0.0516315,"max":0.269693,"p(90)":0.0993796,"p(95)":0.1149994499999999,"p(99)":0.22012355999999972}},"data_sent":{"contains":"data","values":{"count":6198,"rate":201.44064425152715},"type":"counter"},"http_req_duration":{"thresholds":{"p(95)<800":{"ok":true}},"type":"trend","contains":"time","values":{"min":2.625929,"med":8.3548005,"max":14.345954,"p(90)":13.767635299999998,"p(95)":13.840796099999999,"p(99)":14.173152439999999,"avg":8.338159699999999}},"checks":{"type":"rate","contains":"default","values":{"rate":1,"passes":30,"fails":0}},"iteration_duration":{"values":{"med":1017.4673600000001,"max":1258.797689,"p(90)":1018.0059233,"p(95)":1018.2930129,"p(99)":1189.11607894,"avg":1025.5700009666666,"min":1016.813368},"type":"trend","contains":"time"},"iterations":{"contains":"default","values":{"count":30,"rate":0.9750273197072951},"type":"counter"},"http_req_blocked":{"type":"trend","contains":"time","values":{"max":201.110565,"p(90)":0.00048300000000000003,"p(95)":0.0007400999999999956,"p(99)":105.89718155999945,"avg":4.014430983333339,"min":0.00029,"med":0.00038}},"http_req_sending":{"type":"trend","contains":"time","values":{"med":0.073487,"max":0.194553,"p(90)":0.1320071,"p(95)":0.1478688,"p(99)":0.17914868999999992,"avg":0.08107023333333331,"min":0.039184}},"http_req_connecting":{"contains":"time","values":{"p(99)":6.690251429999961,"avg":0.25655445,"min":0,"med":0,"max":13.287645,"p(90)":0,"p(95)":0},"type":"trend"},"http_req_duration{expected_response:true}":{"type":"trend","contains":"time","values":{"p(90)":13.767635299999998,"p(95)":13.840796099999999,"p(99)":14.173152439999999,"avg":8.338159699999999,"min":2.625929,"med":8.3548005,"max":14.345954}},"http_req_tls_handshaking":{"type":"trend","contains":"time","values":{"med":0,"max":14.711536,"p(90)":0,"p(95)":0,"p(99)":8.198207399999962,"avg":0.30639220000000006,"min":0}}},"root_group":{"checks":[{"path":"::status es 200","id":"c8f562f01bcdf8f7be8c15f6ad60295d","passes":30,"fails":0,"name":"status es 200"}],"name":"","path":"","id":"d41d8cd98f00b204e9800998ecf8427e","groups":[]},"options":{"summaryTrendStats":["avg","min","med","max","p(90)","p(95)","p(99)"],"summaryTimeUnit":"","noColor":false}}