{"state":{"isStdOutTTY":false,"isStdErrTTY":false,"testRunDurationMs":30022.169718},"metrics":{"data_received":{"contains":"data","values":{"count":1704622,"rate":56778.774352807086},"type":"counter"},"http_req_receiving":{"values":{"p(99)":0.73885572,"avg":0.47508441379310345,"min":0.156933,"med":0.475751,"max":0.741117,"p(90)":0.6182903999999999,"p(95)":0.7289734},"type":"trend","contains":"time"},"http_req_duration":{"values":{"p(90)":37.5851718,"p(95)":38.6609444,"p(99)":46.758142239999984,"avg":32.497305137931036,"min":26.057814,"med":31.462135,"max":49.761644},"thresholds":{"p(95)<800":{"ok":true}},"type":"trend","contains":"time"},"http_req_tls_handshaking":{"type":"trend","contains":"time","values":{"avg":0.5074410344827587,"min":0,"med":0,"max":14.71579,"p(90)":0,"p(95)":0,"p(99)":10.595368799999983}},"iterations":{"type":"counter","contains":"default","values":{"count":29,"rate":0.9659528366003757}},"http_req_duration{expected_response:true}":{"type":"trend","contains":"time","values":{"p(90)":37.5851718,"p(95)":38.6609444,"p(99)":46.758142239999984,"avg":32.497305137931036,"min":26.057814,"med":31.462135,"max":49.761644}},"http_req_connecting":{"type":"trend","contains":"time","values":{"p(95)":0,"p(99)":1.2822854399999981,"avg":0.061412137931034484,"min":0,"med":0,"max":1.780952,"p(90)":0}},"http_req_sending":{"type":"trend","contains":"time","values":{"avg":0.1053756206896552,"min":0.060122,"med":0.104705,"max":0.185868,"p(90)":0.12131639999999999,"p(95)":0.13027499999999997,"p(99)":0.17189179999999993}},"data_sent":{"type":"counter","contains":"data","values":{"count":8521,"rate":283.8235903679931}},"http_req_blocked":{"type":"trend","contains":"time","values":{"p(99)":38.51808475999994,"avg":1.8450959655172416,"min":0.000281,"med":0.000331,"max":53.496876,"p(90)":0.0005751999999999999,"p(95)":0.0009685999999999988}},"http_reqs":{"type":"counter","contains":"default","values":{"count":29,"rate":0.9659528366003757}},"vus_max":{"type":"gauge","contains":"default","values":{"max":1,"value":1,"min":1}},"http_req_waiting":{"type":"trend","contains":"time","values":{"min":25.473579,"med":30.919963,"max":48.852904,"p(90)":36.939951199999996,"p(95)":38.0320876,"p(99)":45.93879447999999,"avg":31.91684510344827}},"checks":{"type":"rate","contains":"default","values":{"rate":1,"passes":29,"fails":0}},"vus":{"contains":"default","values":{"value":1,"min":1,"max":1},"type":"gauge"},"iteration_duration":{"values":{"avg":1035.2160677586205,"min":1026.830703,"med":1032.352188,"max":1104.107338,"p(90)":1038.7667153999998,"p(95)":1039.5761598,"p(99)":1086.16208788},"type":"trend","contains":"time"},"http_req_failed":{"contains":"default","values":{"rate":0,"passes":0,"fails":29},"thresholds":{"rate<0.01":{"ok":true}},"type":"rate"}},"root_group":{"groups":[],"checks":[{"path":"::status es 200","id":"c8f562f01bcdf8f7be8c15f6ad60295d","passes":29,"fails":0,"name":"status es 200"}],"name":"","path":"","id":"d41d8cd98f00b204e9800998ecf8427e"},"options":{"summaryTrendStats":["avg","min","med","max","p(90)","p(95)","p(99)"],"summaryTimeUnit":"","noColor":false}}