{"root_group":{"name":"","path":"","id":"d41d8cd98f00b204e9800998ecf8427e","groups":[],"checks":[{"path":"::status es 200","id":"c8f562f01bcdf8f7be8c15f6ad60295d","passes":26,"fails":0,"name":"status es 200"}]},"options":{"summaryTimeUnit":"","noColor":false,"summaryTrendStats":["avg","min","med","max","p(90)","p(95)","p(99)"]},"state":{"isStdOutTTY":false,"isStdErrTTY":false,"testRunDurationMs":30083.350337},"metrics":{"http_req_duration{expected_response:true}":{"type":"trend","contains":"time","values":{"max":315.822437,"p(90)":150.34911849999997,"p(95)":151.86360050000002,"p(99)":274.95467525,"avg":154.81462311538462,"min":145.975537,"med":148.1141655}},"iterations":{"type":"counter","contains":"default","values":{"count":26,"rate":0.8642654394787331}},"vus":{"type":"gauge","contains":"default","values":{"value":1,"min":1,"max":1}},"vus_max":{"type":"gauge","contains":"default","values":{"value":1,"min":1,"max":1}},"http_req_tls_handshaking":{"values":{"max":9.110712,"p(90)":0,"p(95)":0,"p(99)":6.833034,"avg":0.350412,"min":0,"med":0},"type":"trend","contains":"time"},"data_sent":{"contains":"data","values":{"count":6635,"rate":220.5538919592844},"type":"counter"},"http_req_sending":{"type":"trend","contains":"time","values":{"avg":0.09533392307692307,"min":0.066966,"med":0.0920775,"max":0.145903,"p(90)":0.11244599999999999,"p(95)":0.1267645,"p(99)":0.14156975}},"checks":{"contains":"default","values":{"rate":1,"passes":26,"fails":0},"type":"rate"},"iteration_duration":{"type":"trend","contains":"time","values":{"avg":1157.022625115385,"min":1146.234647,"med":1148.971428,"max":1354.911704,"p(90)":1151.4307210000002,"p(95)":1152.3724072500002,"p(99)":1304.3380365}},"http_req_waiting":{"type":"trend","contains":"time","values":{"avg":154.40743115384615,"min":145.510827,"med":147.76241299999998,"max":315.253236,"p(90)":150.0028605,"p(95)":151.447514,"p(99)":274.41816175}},"http_req_receiving":{"type":"trend","contains":"time","values":{"p(99)":0.73258125,"avg":0.3118580384615385,"min":0.162619,"med":0.26466049999999997,"max":0.739327,"p(90)":0.4421505,"p(95)":0.64950875}},"http_req_connecting":{"type":"trend","contains":"time","values":{"med":0,"max":1.541178,"p(90)":0,"p(95)":0,"p(99)":1.1558834999999998,"avg":0.05927607692307692,"min":0}},"http_reqs":{"type":"counter","contains":"default","values":{"count":26,"rate":0.8642654394787331}},"http_req_blocked":{"values":{"p(90)":0.000401,"p(95)":0.0004085,"p(99)":28.930479000000002,"avg":1.48393,"min":0.000281,"med":0.00032050000000000004,"max":38.573835},"type":"trend","contains":"time"},"data_received":{"values":{"count":1528927,"rate":50823.02944561158},"type":"counter","contains":"data"},"http_req_failed":{"thresholds":{"rate<0.01":{"ok":true}},"type":"rate","contains":"default","values":{"rate":0,"passes":0,"fails":26}},"http_req_duration":{"type":"trend","contains":"time","values":{"min":145.975537,"med":148.1141655,"max":315.822437,"p(90)":150.34911849999997,"p(95)":151.86360050000002,"p(99)":274.95467525,"avg":154.81462311538462},"thresholds":{"p(95)<800":{"ok":true}}}}}