{"root_group":{"path":"","id":"d41d8cd98f00b204e9800998ecf8427e","groups":[],"checks":[{"name":"status es 200","path":"::status es 200","id":"c8f562f01bcdf8f7be8c15f6ad60295d","passes":30,"fails":0}],"name":""},"options":{"summaryTimeUnit":"","noColor":false,"summaryTrendStats":["avg","min","med","max","p(90)","p(95)","p(99)"]},"state":{"isStdOutTTY":false,"isStdErrTTY":false,"testRunDurationMs":30774.649019},"metrics":{"http_req_duration":{"thresholds":{"p(95)<800":{"ok":true}},"type":"trend","contains":"time","values":{"avg":24.065674299999998,"min":17.655399,"med":21.294250499999997,"max":59.572638,"p(90)":31.945559700000008,"p(95)":40.373974299999986,"p(99)":54.60132518000001}},"http_req_waiting":{"type":"trend","contains":"time","values":{"max":41.253123,"p(90)":30.99288630000001,"p(95)":36.92880649999999,"p(99)":40.146493150000005,"avg":22.729290066666668,"min":17.190668,"med":20.778225499999998}},"data_received":{"type":"counter","contains":"data","values":{"rate":57297.64777857725,"count":1763315}},"http_req_connecting":{"contains":"time","values":{"p(99)":1.3981582700000017,"avg":0.06564123333333333,"min":0,"med":0,"max":1.969237,"p(90)":0,"p(95)":0},"type":"trend"},"iteration_duration":{"type":"trend","contains":"time","values":{"med":1022.197778,"max":1060.303887,"p(90)":1039.4845730999998,"p(95)":1050.4862690999998,"p(99)":1059.1305632400001,"avg":1025.7926177,"min":1017.953518}},"vus":{"type":"gauge","contains":"default","values":{"min":1,"max":1,"value":1}},"vus_max":{"type":"gauge","contains":"default","values":{"value":1,"min":1,"max":1}},"http_req_sending":{"type":"trend","contains":"time","values":{"med":0.0890875,"max":0.146686,"p(90)":0.1155463,"p(95)":0.1234397,"p(99)":0.14021523000000002,"avg":0.09280203333333331,"min":0.060222}},"http_req_failed":{"type":"rate","contains":"default","values":{"rate":0,"passes":0,"fails":30},"thresholds":{"rate<0.01":{"ok":true}}},"http_req_receiving":{"values":{"p(95)":1.0035844999999997,"p(99)":16.78077724000002,"avg":1.2435821999999996,"min":0.350259,"med":0.42698899999999995,"max":23.204928,"p(90)":0.7805822000000003},"type":"trend","contains":"time"},"http_req_tls_handshaking":{"type":"trend","contains":"time","values":{"p(90)":0,"p(95)":0,"p(99)":6.338875740000008,"avg":0.2975998,"min":0,"med":0,"max":8.927994}},"http_req_blocked":{"contains":"time","values":{"p(99)":17.176414520000023,"avg":0.806733433333333,"min":0.000291,"med":0.000331,"max":24.191953,"p(90)":0.000422,"p(95)":0.0004365},"type":"trend"},"iterations":{"type":"counter","contains":"default","values":{"count":30,"rate":0.9748283394386809}},"http_reqs":{"type":"counter","contains":"default","values":{"count":30,"rate":0.9748283394386809}},"http_req_duration{expected_response:true}":{"values":{"p(90)":31.945559700000008,"p(95)":40.373974299999986,"p(99)":54.60132518000001,"avg":24.065674299999998,"min":17.655399,"med":21.294250499999997,"max":59.572638},"type":"trend","contains":"time"},"data_sent":{"contains":"data","values":{"count":8555,"rate":277.9885481299305},"type":"counter"},"checks":{"type":"rate","contains":"default","values":{"rate":1,"passes":30,"fails":0}}}}