{"root_group":{"path":"","id":"d41d8cd98f00b204e9800998ecf8427e","groups":[],"checks":[{"name":"status es 200","path":"::status es 200","id":"c8f562f01bcdf8f7be8c15f6ad60295d","passes":26,"fails":0}],"name":""},"options":{"summaryTrendStats":["avg","min","med","max","p(90)","p(95)","p(99)"],"summaryTimeUnit":"","noColor":false},"state":{"isStdOutTTY":false,"isStdErrTTY":false,"testRunDurationMs":30029.747051},"metrics":{"data_sent":{"values":{"count":7873,"rate":262.1733705125507},"type":"counter","contains":"data"},"http_req_failed":{"type":"rate","contains":"default","values":{"rate":0,"passes":0,"fails":26},"thresholds":{"rate<0.01":{"ok":true}}},"http_req_connecting":{"type":"trend","contains":"time","values":{"p(99)":1.2417292500000001,"avg":0.06367842307692308,"min":0,"med":0,"max":1.655639,"p(90)":0,"p(95)":0}},"checks":{"values":{"rate":1,"passes":26,"fails":0},"type":"rate","contains":"default"},"vus":{"type":"gauge","contains":"default","values":{"value":1,"min":1,"max":1}},"http_req_blocked":{"type":"trend","contains":"time","values":{"max":39.688455,"p(90)":0.000341,"p(95)":0.00038525,"p(99)":29.76644125,"avg":1.526788423076924,"min":0.0003,"med":0.00032}},"http_req_receiving":{"type":"trend","contains":"time","values":{"avg":0.9070830000000001,"min":0.240029,"med":0.336688,"max":5.442529,"p(90)":2.3538930000000002,"p(95)":4.8499817499999995,"p(99)":5.4122585}},"iterations":{"type":"counter","contains":"default","values":{"count":26,"rate":0.8658081586849128}},"http_req_duration{expected_response:true}":{"contains":"time","values":{"p(99)":288.3641525,"avg":152.65113180769234,"min":86.303757,"med":156.620253,"max":329.095483,"p(90)":163.077182,"p(95)":165.62954275},"type":"trend"},"iteration_duration":{"values":{"p(95)":1166.5838935,"p(99)":1318.794097,"avg":1154.9557415384616,"min":1087.193846,"med":1157.2489575,"max":1369.311599,"p(90)":1163.537303},"type":"trend","contains":"time"},"vus_max":{"values":{"value":1,"min":1,"max":1},"type":"gauge","contains":"default"},"http_reqs":{"type":"counter","contains":"default","values":{"count":26,"rate":0.8658081586849128}},"http_req_tls_handshaking":{"type":"trend","contains":"time","values":{"min":0,"med":0,"max":11.111678,"p(90)":0,"p(95)":0,"p(99)":8.3337585,"avg":0.42737223076923075}},"http_req_sending":{"type":"trend","contains":"time","values":{"p(90)":0.140689,"p(95)":0.16163650000000002,"p(99)":0.198944,"avg":0.11316457692307692,"min":0.080792,"med":0.1045815,"max":0.209093}},"http_req_duration":{"type":"trend","contains":"time","values":{"max":329.095483,"p(90)":163.077182,"p(95)":165.62954275,"p(99)":288.3641525,"avg":152.65113180769234,"min":86.303757,"med":156.620253},"thresholds":{"p(95)<800":{"ok":true}}},"http_req_waiting":{"type":"trend","contains":"time","values":{"med":156.1368015,"max":328.439119,"p(90)":162.6480985,"p(95)":165.20636975,"p(99)":287.768107,"avg":151.63088423076925,"min":84.928914}},"data_received":{"type":"counter","contains":"data","values":{"count":1528293,"rate":50892.63647157852}}}}