{"root_group":{"name":"","path":"","id":"d41d8cd98f00b204e9800998ecf8427e","groups":[],"checks":[{"name":"status es 200","path":"::status es 200","id":"c8f562f01bcdf8f7be8c15f6ad60295d","passes":26,"fails":0}]},"options":{"summaryTrendStats":["avg","min","med","max","p(90)","p(95)","p(99)"],"summaryTimeUnit":"","noColor":false},"state":{"isStdOutTTY":false,"isStdErrTTY":false,"testRunDurationMs":30450.576009},"metrics":{"data_sent":{"values":{"count":7345,"rate":241.21054386061877},"type":"counter","contains":"data"},"http_req_receiving":{"type":"trend","contains":"time","values":{"med":0.42249349999999997,"max":0.52883,"p(90)":0.496471,"p(95)":0.5095975,"p(99)":0.52440925,"avg":0.4245744615384615,"min":0.268983}},"http_reqs":{"type":"counter","contains":"default","values":{"count":26,"rate":0.8538426331349337}},"http_req_blocked":{"type":"trend","contains":"time","values":{"p(95)":0.0010745,"p(99)":28.817231000000003,"avg":1.4781851538461548,"min":0.000291,"med":0.0003255,"max":38.422614,"p(90)":0.0008370000000000001}},"http_req_duration":{"thresholds":{"p(95)<800":{"ok":true}},"type":"trend","contains":"time","values":{"p(90)":165.504166,"p(95)":168.0022865,"p(99)":284.750092,"avg":168.7873010769231,"min":159.19987,"med":162.364135,"max":323.409536}},"http_req_tls_handshaking":{"contains":"time","values":{"min":0,"med":0,"max":9.441316,"p(90)":0,"p(95)":0,"p(99)":7.080987,"avg":0.3631275384615385},"type":"trend"},"vus_max":{"type":"gauge","contains":"default","values":{"value":1,"min":1,"max":1}},"http_req_connecting":{"contains":"time","values":{"max":2.129359,"p(90)":0,"p(95)":0,"p(99)":1.59701925,"avg":0.08189842307692308,"min":0,"med":0},"type":"trend"},"vus":{"type":"gauge","contains":"default","values":{"value":1,"min":1,"max":1}},"iterations":{"type":"counter","contains":"default","values":{"count":26,"rate":0.8538426331349337}},"http_req_waiting":{"type":"trend","contains":"time","values":{"med":161.81021049999998,"max":322.762285,"p(90)":164.9265525,"p(95)":167.45602975,"p(99)":284.136712,"avg":168.25508553846151,"min":158.658771}},"http_req_duration{expected_response:true}":{"contains":"time","values":{"max":323.409536,"p(90)":165.504166,"p(95)":168.0022865,"p(99)":284.750092,"avg":168.7873010769231,"min":159.19987,"med":162.364135},"type":"trend"},"iteration_duration":{"type":"trend","contains":"time","values":{"p(99)":1314.6465722500002,"avg":1171.1352861153844,"min":1159.73521,"med":1163.1232,"max":1362.858349,"p(90)":1166.5374445,"p(95)":1169.14557975}},"http_req_failed":{"type":"rate","contains":"default","values":{"rate":0,"passes":0,"fails":26},"thresholds":{"rate<0.01":{"ok":true}}},"http_req_sending":{"type":"trend","contains":"time","values":{"p(99)":0.1689135,"avg":0.10764107692307692,"min":0.067457,"med":0.107902,"max":0.172132,"p(90)":0.1342915,"p(95)":0.15408825}},"data_received":{"type":"counter","contains":"data","values":{"count":1528262,"rate":50188.27885384847}},"checks":{"type":"rate","contains":"default","values":{"rate":1,"passes":26,"fails":0}}}}