{"state":{"isStdOutTTY":false,"isStdErrTTY":false,"testRunDurationMs":30492.838754},"metrics":{"data_sent":{"type":"counter","contains":"data","values":{"count":9729,"rate":319.0585198868625}},"http_req_blocked":{"values":{"avg":2.897068535714285,"min":0.00029,"med":0.0003155,"max":81.10857,"p(90)":0.0004427,"p(95)":0.0006402999999999997,"p(99)":59.209453740000036},"type":"trend","contains":"time"},"http_reqs":{"type":"counter","contains":"default","values":{"count":28,"rate":0.9182483869701048}},"checks":{"type":"rate","contains":"default","values":{"rate":1,"passes":28,"fails":0}},"vus":{"type":"gauge","contains":"default","values":{"max":1,"value":1,"min":1}},"vus_max":{"type":"gauge","contains":"default","values":{"value":1,"min":1,"max":1}},"http_req_duration{expected_response:true}":{"type":"trend","contains":"time","values":{"med":75.900263,"max":181.025211,"p(90)":102.831238,"p(95)":108.73694979999999,"p(99)":161.99918040000003,"avg":85.17957153571426,"min":69.451278}},"http_req_duration":{"values":{"avg":85.17957153571426,"min":69.451278,"med":75.900263,"max":181.025211,"p(90)":102.831238,"p(95)":108.73694979999999,"p(99)":161.99918040000003},"thresholds":{"p(95)<800":{"ok":true}},"type":"trend","contains":"time"},"iteration_duration":{"values":{"max":1182.320204,"p(90)":1107.538669,"p(95)":1153.4448462999999,"p(99)":1180.7153634200001,"avg":1088.9992918928572,"min":1069.868562,"med":1077.100332},"type":"trend","contains":"time"},"iterations":{"type":"counter","contains":"default","values":{"count":28,"rate":0.9182483869701048}},"http_req_sending":{"type":"trend","contains":"time","values":{"avg":0.10468114285714285,"min":0.072795,"med":0.1002365,"max":0.173524,"p(90)":0.1240122,"p(95)":0.1309869,"p(99)":0.16280122000000002}},"data_received":{"type":"counter","contains":"data","values":{"count":1646108,"rate":53983.429134949474}},"http_req_failed":{"thresholds":{"rate<0.01":{"ok":true}},"type":"rate","contains":"default","values":{"rate":0,"passes":0,"fails":28}},"http_req_waiting":{"type":"trend","contains":"time","values":{"min":64.708896,"med":71.1209025,"max":176.39241,"p(90)":97.9508481,"p(95)":103.95569199999998,"p(99)":157.30402695000004,"avg":80.39897578571427}},"http_req_receiving":{"type":"trend","contains":"time","values":{"p(99)":4.91494947,"avg":4.675914607142857,"min":3.934986,"med":4.741146,"max":4.919172,"p(90)":4.8844002,"p(95)":4.90295515}},"http_req_connecting":{"type":"trend","contains":"time","values":{"p(90)":0,"p(95)":0,"p(99)":12.929889210000008,"avg":0.63257775,"min":0,"med":0,"max":17.712177}},"http_req_tls_handshaking":{"type":"trend","contains":"time","values":{"p(99)":23.521446070000014,"avg":1.1507556785714286,"min":0,"med":0,"max":32.221159,"p(90)":0,"p(95)":0}}},"root_group":{"path":"","id":"d41d8cd98f00b204e9800998ecf8427e","groups":[],"checks":[{"path":"::status es 200","id":"c8f562f01bcdf8f7be8c15f6ad60295d","passes":28,"fails":0,"name":"status es 200"}],"name":""},"options":{"summaryTrendStats":["avg","min","med","max","p(90)","p(95)","p(99)"],"summaryTimeUnit":"","noColor":false}}