{"root_group":{"checks":[{"name":"status es 200","path":"::status es 200","id":"c8f562f01bcdf8f7be8c15f6ad60295d","passes":28,"fails":0}],"name":"","path":"","id":"d41d8cd98f00b204e9800998ecf8427e","groups":[]},"options":{"summaryTimeUnit":"","noColor":false,"summaryTrendStats":["avg","min","med","max","p(90)","p(95)","p(99)"]},"state":{"isStdOutTTY":false,"isStdErrTTY":false,"testRunDurationMs":30603.430642},"metrics":{"http_req_sending":{"type":"trend","contains":"time","values":{"med":0.10595199999999999,"max":0.196858,"p(90)":0.1398689,"p(95)":0.14899894999999996,"p(99)":0.18510436000000002,"avg":0.11372175,"min":0.084248}},"iteration_duration":{"type":"trend","contains":"time","values":{"p(99)":1197.65156324,"avg":1092.94546775,"min":1070.746394,"med":1081.996381,"max":1198.621562,"p(90)":1101.8206806,"p(95)":1162.5516409999998}},"checks":{"values":{"rate":1,"passes":28,"fails":0},"type":"rate","contains":"default"},"vus_max":{"type":"gauge","contains":"default","values":{"value":1,"min":1,"max":1}},"http_req_connecting":{"contains":"time","values":{"p(95)":0,"p(99)":13.071371240000008,"avg":0.6394995714285715,"min":0,"med":0,"max":17.905988,"p(90)":0},"type":"trend"},"data_received":{"type":"counter","contains":"data","values":{"count":1645462,"rate":53767.239995040814}},"http_reqs":{"type":"counter","contains":"default","values":{"count":28,"rate":0.9149301046521542}},"http_req_blocked":{"type":"trend","contains":"time","values":{"max":96.660765,"p(90)":0.000427,"p(95)":0.0005449999999999997,"p(99)":70.56252072000004,"avg":3.4525086428571425,"min":0.000291,"med":0.0003305}},"http_req_waiting":{"contains":"time","values":{"p(99)":166.90007567000004,"avg":83.93861249999999,"min":65.252527,"med":76.1756665,"max":192.932282,"p(90)":95.8900404,"p(95)":96.46907395},"type":"trend"},"http_req_receiving":{"type":"trend","contains":"time","values":{"p(90)":4.9504832,"p(95)":5.004696399999999,"p(99)":5.2132325,"avg":4.733260607142857,"min":4.135329,"med":4.7996935,"max":5.28512}},"http_req_duration":{"type":"trend","contains":"time","values":{"med":80.8385755,"max":197.498223,"p(90)":100.7774974,"p(95)":101.38372405,"p(99)":171.55762362000004,"avg":88.78559485714285,"min":69.907454},"thresholds":{"p(95)<800":{"ok":true}}},"http_req_failed":{"thresholds":{"rate<0.01":{"ok":true}},"type":"rate","contains":"default","values":{"rate":0,"passes":0,"fails":28}},"http_req_duration{expected_response:true}":{"type":"trend","contains":"time","values":{"min":69.907454,"med":80.8385755,"max":197.498223,"p(90)":100.7774974,"p(95)":101.38372405,"p(99)":171.55762362000004,"avg":88.78559485714285}},"http_req_tls_handshaking":{"values":{"min":0,"med":0,"max":24.821524,"p(90)":0,"p(95)":0,"p(99)":18.11971252000001,"avg":0.886483},"type":"trend","contains":"time"},"data_sent":{"type":"counter","contains":"data","values":{"count":9577,"rate":312.93877186620284}},"iterations":{"type":"counter","contains":"default","values":{"count":28,"rate":0.9149301046521542}},"vus":{"type":"gauge","contains":"default","values":{"value":1,"min":1,"max":1}}}}