{"state":{"isStdOutTTY":false,"isStdErrTTY":false,"testRunDurationMs":30676.108447},"metrics":{"http_req_duration":{"type":"trend","contains":"time","values":{"max":15.820704,"p(90)":15.4122067,"p(95)":15.477873449999999,"p(99)":15.75979476,"avg":9.343899866666668,"min":3.048826,"med":9.681003},"thresholds":{"p(95)<800":{"ok":true}}},"http_reqs":{"contains":"default","values":{"count":60,"rate":1.9559195425216251},"type":"counter"},"vus":{"type":"gauge","contains":"default","values":{"value":1,"min":1,"max":1}},"data_sent":{"contains":"data","values":{"count":6343,"rate":206.77329430357779},"type":"counter"},"http_req_connecting":{"type":"trend","contains":"time","values":{"max":14.459122,"p(90)":0,"p(95)":0,"p(99)":7.359067899999959,"avg":0.28140423333333336,"min":0,"med":0}},"http_req_receiving":{"contains":"time","values":{"avg":0.07803856666666667,"min":0.034976,"med":0.0655675,"max":0.459319,"p(90)":0.1053422,"p(95)":0.12427064999999998,"p(99)":0.29328296999999903},"type":"trend"},"iterations":{"values":{"rate":0.9779597712608126,"count":30},"type":"counter","contains":"default"},"http_req_sending":{"values":{"avg":0.10658835000000003,"min":0.039183,"med":0.11223,"max":0.237113,"p(90)":0.1752591,"p(95)":0.18310544999999998,"p(99)":0.21349883999999986},"type":"trend","contains":"time"},"http_req_blocked":{"values":{"p(95)":0.0012300499999999995,"p(99)":40.852160129999874,"avg":1.4689396333333324,"min":0.000281,"med":0.000391,"max":61.847542,"p(90)":0.0008739},"type":"trend","contains":"time"},"http_req_tls_handshaking":{"contains":"time","values":{"p(90)":0,"p(95)":0,"p(99)":10.750680499999968,"avg":0.3870781666666667,"min":0,"med":0,"max":16.39937},"type":"trend"},"http_req_waiting":{"type":"trend","contains":"time","values":{"avg":9.15927295,"min":2.868458,"med":9.483527500000001,"max":15.559999,"p(90)":15.2450668,"p(95)":15.296869749999999,"p(99)":15.420860479999998}},"data_received":{"type":"counter","contains":"data","values":{"count":118226,"rate":3854.009063902694}},"iteration_duration":{"values":{"med":1019.4806105,"max":1108.220691,"p(90)":1020.0242551,"p(95)":1020.3601495,"p(99)":1082.81053517,"avg":1022.4957915333332,"min":1018.856452},"type":"trend","contains":"time"},"http_req_failed":{"contains":"default","values":{"fails":60,"rate":0,"passes":0},"thresholds":{"rate<0.01":{"ok":true}},"type":"rate"},"vus_max":{"type":"gauge","contains":"default","values":{"value":1,"min":1,"max":1}},"http_req_duration{expected_response:true}":{"type":"trend","contains":"time","values":{"med":9.681003,"max":15.820704,"p(90)":15.4122067,"p(95)":15.477873449999999,"p(99)":15.75979476,"avg":9.343899866666668,"min":3.048826}},"checks":{"type":"rate","contains":"default","values":{"fails":0,"rate":1,"passes":60}}},"root_group":{"name":"","path":"","id":"d41d8cd98f00b204e9800998ecf8427e","groups":[],"checks":[{"name":"status 2xx","path":"::status 2xx","id":"5bf9cd1e387741ed8e40bbdbca9b6c92","passes":30,"fails":0},{"path":"::tiene cuerpo","id":"142ead3daa5d531bd997126675e457dd","passes":30,"fails":0,"name":"tiene cuerpo"}]},"options":{"summaryTrendStats":["avg","min","med","max","p(90)","p(95)","p(99)"],"summaryTimeUnit":"","noColor":false}}