{"metrics":{"data_sent":{"type":"counter","contains":"data","values":{"rate":271.8836654934988,"count":8298}},"http_req_failed":{"type":"rate","contains":"default","values":{"fails":27,"rate":0,"passes":0},"thresholds":{"rate<0.01":{"ok":true}}},"vus_max":{"type":"gauge","contains":"default","values":{"value":1,"min":1,"max":1}},"http_req_duration":{"type":"trend","contains":"time","values":{"p(95)":169.0597494,"p(99)":274.4943294199998,"avg":128.6179134814815,"min":83.611017,"med":98.658801,"max":311.178193,"p(90)":165.271848},"thresholds":{"p(95)<800":{"ok":true}}},"http_req_waiting":{"values":{"avg":127.06963607407408,"min":83.030582,"med":97.904262,"max":310.619689,"p(90)":164.5854736,"p(95)":168.5280855,"p(99)":273.9558277399998},"type":"trend","contains":"time"},"http_reqs":{"type":"counter","contains":"default","values":{"count":27,"rate":0.8846540091979354}},"http_req_tls_handshaking":{"type":"trend","contains":"time","values":{"avg":0.4778914444444445,"min":0,"med":0,"max":12.903069,"p(90)":0,"p(95)":0,"p(99)":9.54827105999998}},"iterations":{"type":"counter","contains":"default","values":{"rate":0.8846540091979354,"count":27}},"http_req_connecting":{"type":"trend","contains":"time","values":{"p(99)":1.7523347999999963,"avg":0.08770444444444445,"min":0,"med":0,"max":2.36802,"p(90)":0,"p(95)":0}},"iteration_duration":{"type":"trend","contains":"time","values":{"avg":1130.3515704814815,"min":1084.291708,"med":1099.402848,"max":1311.923046,"p(90)":1166.2854086,"p(95)":1169.519252,"p(99)":1275.1232868999998}},"http_req_sending":{"values":{"p(90)":0.12003380000000002,"p(95)":0.1270639,"p(99)":0.28151977999999966,"avg":0.1122157037037037,"min":0.065832,"med":0.104326,"max":0.335508},"type":"trend","contains":"time"},"vus":{"values":{"value":1,"min":1,"max":1},"type":"gauge","contains":"default"},"data_received":{"values":{"count":1587863,"rate":52026.272926187456},"type":"counter","contains":"data"},"http_req_receiving":{"values":{"avg":1.4360617037037036,"min":0.315955,"med":0.640516,"max":4.94573,"p(90)":3.9986798000000014,"p(95)":4.714444599999999,"p(99)":4.90900344},"type":"trend","contains":"time"},"http_req_duration{expected_response:true}":{"type":"trend","contains":"time","values":{"p(90)":165.271848,"p(95)":169.0597494,"p(99)":274.4943294199998,"avg":128.6179134814815,"min":83.611017,"med":98.658801,"max":311.178193}},"http_req_blocked":{"type":"trend","contains":"time","values":{"p(99)":16.883759619999964,"avg":0.8453644444444443,"min":0.000281,"med":0.00032,"max":22.815585,"p(90)":0.0004810000000000004,"p(95)":0.0007906999999999999}},"checks":{"type":"rate","contains":"default","values":{"rate":1,"passes":27,"fails":0}}},"root_group":{"groups":[],"checks":[{"path":"::status es 200","id":"c8f562f01bcdf8f7be8c15f6ad60295d","passes":27,"fails":0,"name":"status es 200"}],"name":"","path":"","id":"d41d8cd98f00b204e9800998ecf8427e"},"options":{"summaryTimeUnit":"","noColor":false,"summaryTrendStats":["avg","min","med","max","p(90)","p(95)","p(99)"]},"state":{"isStdOutTTY":false,"isStdErrTTY":false,"testRunDurationMs":30520.406531}}