{"state":{"isStdOutTTY":false,"isStdErrTTY":false,"testRunDurationMs":30221.197416},"metrics":{"http_req_waiting":{"type":"trend","contains":"time","values":{"avg":34.867422767857136,"min":17.845809,"med":38.880695,"max":52.846703,"p(90)":51.114664000000005,"p(95)":51.245537,"p(99)":52.81059715}},"iteration_duration":{"type":"trend","contains":"time","values":{"p(90)":1071.60108,"p(95)":1072.2637017499999,"p(99)":1251.0748635100001,"avg":1079.2931393214283,"min":1069.487415,"med":1070.3246454999999,"max":1317.091696}},"http_req_tls_handshaking":{"type":"trend","contains":"time","values":{"min":0,"med":0,"max":52.312282,"p(90)":0,"p(95)":0,"p(99)":35.542195700000086,"avg":1.3238124642857143}},"iterations":{"type":"counter","contains":"default","values":{"count":28,"rate":0.9265020050190323}},"http_req_blocked":{"contains":"time","values":{"avg":4.2388676785714345,"min":0.000291,"med":0.000381,"max":171.54733,"p(90)":0.000551,"p(95)":0.000653,"p(99)":113.3908178500003},"type":"trend"},"data_received":{"type":"counter","contains":"data","values":{"count":110984,"rate":3672.3892330368676}},"http_req_duration{expected_response:true}":{"type":"trend","contains":"time","values":{"med":39.092264,"max":52.978325,"p(90)":51.264047500000004,"p(95)":51.40281375,"p(99)":52.972342649999995,"avg":35.006881750000005,"min":17.971555}},"http_req_connecting":{"type":"trend","contains":"time","values":{"med":0,"max":50.227367,"p(90)":0,"p(95)":0,"p(99)":31.997189100000096,"avg":1.2019456428571427,"min":0}},"http_req_receiving":{"type":"trend","contains":"time","values":{"avg":0.06102808928571429,"min":0.031098,"med":0.05337,"max":0.134051,"p(90)":0.10489599999999999,"p(95)":0.10958975,"p(99)":0.12311810000000006}},"data_sent":{"type":"counter","contains":"data","values":{"count":6017,"rate":199.09866300712565}},"http_req_failed":{"type":"rate","contains":"default","values":{"rate":0,"passes":0,"fails":56},"thresholds":{"rate<0.01":{"ok":true}}},"vus":{"type":"gauge","contains":"default","values":{"value":1,"min":1,"max":1}},"http_req_duration":{"type":"trend","contains":"time","values":{"avg":35.006881750000005,"min":17.971555,"med":39.092264,"max":52.978325,"p(90)":51.264047500000004,"p(95)":51.40281375,"p(99)":52.972342649999995},"thresholds":{"p(95)<800":{"ok":true}}},"http_reqs":{"type":"counter","contains":"default","values":{"count":56,"rate":1.8530040100380647}},"vus_max":{"values":{"value":1,"min":1,"max":1},"type":"gauge","contains":"default"},"http_req_sending":{"type":"trend","contains":"time","values":{"p(99)":0.17211005000000024,"avg":0.0784308928571429,"min":0.036388,"med":0.07143849999999999,"max":0.219228,"p(90)":0.1155305,"p(95)":0.11935075}},"checks":{"type":"rate","contains":"default","values":{"fails":0,"rate":1,"passes":28}}},"root_group":{"name":"","path":"","id":"d41d8cd98f00b204e9800998ecf8427e","groups":[],"checks":[{"id":"c8f562f01bcdf8f7be8c15f6ad60295d","passes":28,"fails":0,"name":"status es 200","path":"::status es 200"}]},"options":{"summaryTrendStats":["avg","min","med","max","p(90)","p(95)","p(99)"],"summaryTimeUnit":"","noColor":false}}