{"root_group":{"checks":[{"name":"status es 200","path":"::status es 200","id":"c8f562f01bcdf8f7be8c15f6ad60295d","passes":27,"fails":0}],"name":"","path":"","id":"d41d8cd98f00b204e9800998ecf8427e","groups":[]},"options":{"summaryTrendStats":["avg","min","med","max","p(90)","p(95)","p(99)"],"summaryTimeUnit":"","noColor":false},"state":{"isStdOutTTY":false,"isStdErrTTY":false,"testRunDurationMs":30362.082686},"metrics":{"http_req_sending":{"type":"trend","contains":"time","values":{"med":0.098484,"max":0.155821,"p(90)":0.1307078,"p(95)":0.14703029999999997,"p(99)":0.15476072,"avg":0.10464511111111113,"min":0.075992}},"checks":{"values":{"rate":1,"passes":27,"fails":0},"type":"rate","contains":"default"},"http_req_waiting":{"contains":"time","values":{"max":202.349011,"p(90)":112.7029066,"p(95)":167.65032829999996,"p(99)":199.42019315999997,"avg":113.92897281481481,"min":100.250802,"med":107.67427},"type":"trend"},"vus":{"type":"gauge","contains":"default","values":{"value":1,"min":1,"max":1}},"http_req_duration":{"values":{"p(95)":172.90512479999995,"p(99)":204.95947913999998,"avg":119.58631918518519,"min":105.803405,"med":113.697648,"max":208.051584,"p(90)":118.40168399999999},"thresholds":{"p(95)<800":{"ok":true}},"type":"trend","contains":"time"},"http_req_failed":{"type":"rate","contains":"default","values":{"rate":0,"passes":0,"fails":27},"thresholds":{"rate<0.01":{"ok":true}}},"http_req_duration{expected_response:true}":{"type":"trend","contains":"time","values":{"p(99)":204.95947913999998,"avg":119.58631918518519,"min":105.803405,"med":113.697648,"max":208.051584,"p(90)":118.40168399999999,"p(95)":172.90512479999995}},"http_req_connecting":{"type":"trend","contains":"time","values":{"min":0,"med":0,"max":22.474074,"p(90)":0,"p(95)":0,"p(99)":16.630814759999968,"avg":0.8323731111111111}},"http_req_blocked":{"type":"trend","contains":"time","values":{"med":0.000341,"max":112.647772,"p(90)":0.0004834000000000002,"p(95)":0.0006159999999999999,"p(99)":83.35952079999983,"avg":4.172501518518519,"min":0.000291}},"data_sent":{"type":"counter","contains":"data","values":{"count":9258,"rate":304.91979406501247}},"iterations":{"type":"counter","contains":"default","values":{"count":27,"rate":0.8892670598137109}},"http_req_receiving":{"contains":"time","values":{"min":4.922803,"med":5.527827,"max":6.133936,"p(90)":5.781382000000001,"p(95)":6.0155758,"p(99)":6.1032976,"avg":5.55270125925926},"type":"trend"},"iteration_duration":{"values":{"p(95)":1182.1336581,"p(99)":1283.1301627799999,"avg":1124.4893686666665,"min":1106.737864,"med":1113.970388,"max":1309.225218,"p(90)":1119.2759564},"type":"trend","contains":"time"},"http_req_tls_handshaking":{"values":{"avg":1.1823067407407406,"min":0,"med":0,"max":31.922282,"p(90)":0,"p(95)":0,"p(99)":23.62248867999995},"type":"trend","contains":"time"},"data_received":{"type":"counter","contains":"data","values":{"count":1587334,"rate":52280.142189716185}},"vus_max":{"type":"gauge","contains":"default","values":{"value":1,"min":1,"max":1}},"http_reqs":{"type":"counter","contains":"default","values":{"count":27,"rate":0.8892670598137109}}}}