{"state":{"isStdOutTTY":false,"isStdErrTTY":false,"testRunDurationMs":30686.779124},"metrics":{"http_req_tls_handshaking":{"type":"trend","contains":"time","values":{"med":0,"max":12.369345,"p(90)":0,"p(95)":0,"p(99)":9.15331529999998,"avg":0.45812388888888883,"min":0}},"http_req_failed":{"type":"rate","contains":"default","values":{"passes":0,"fails":27,"rate":0},"thresholds":{"rate<0.01":{"ok":true}}},"http_reqs":{"type":"counter","contains":"default","values":{"count":27,"rate":0.8798577358313703}},"http_req_duration{expected_response:true}":{"contains":"time","values":{"p(99)":318.6454430799997,"avg":134.1282917777778,"min":83.544569,"med":97.635381,"max":364.459664,"p(90)":179.07760820000001,"p(95)":186.126777},"type":"trend"},"http_req_blocked":{"type":"trend","contains":"time","values":{"p(95)":0.0006079999999999998,"p(99)":29.96244811999994,"avg":1.4999450740740743,"min":0.00028,"med":0.00032,"max":40.489559,"p(90)":0.0004304000000000001}},"vus_max":{"type":"gauge","contains":"default","values":{"value":1,"min":1,"max":1}},"http_req_sending":{"type":"trend","contains":"time","values":{"p(95)":0.13953349999999998,"p(99)":0.16924783999999995,"avg":0.09973944444444448,"min":0.073166,"med":0.094796,"max":0.17726,"p(90)":0.11959240000000002}},"checks":{"type":"rate","contains":"default","values":{"rate":1,"passes":27,"fails":0}},"iteration_duration":{"values":{"p(95)":1186.5520378,"p(99)":1349.9406276999996,"avg":1136.5124982962966,"min":1084.70941,"med":1098.695908,"max":1406.579965,"p(90)":1179.9242288},"type":"trend","contains":"time"},"iterations":{"type":"counter","contains":"default","values":{"count":27,"rate":0.8798577358313703}},"http_req_waiting":{"type":"trend","contains":"time","values":{"p(95)":185.6257063,"p(99)":318.1053557599997,"avg":133.1026742962963,"min":83.163561,"med":94.350175,"max":363.912279,"p(90)":178.65817520000002}},"http_req_receiving":{"type":"trend","contains":"time","values":{"p(99)":5.88287336,"avg":0.925878037037037,"min":0.191964,"med":0.373414,"max":5.912712,"p(90)":2.106826800000004,"p(95)":5.010276699999999}},"http_req_duration":{"thresholds":{"p(95)<800":{"ok":true}},"type":"trend","contains":"time","values":{"med":97.635381,"max":364.459664,"p(90)":179.07760820000001,"p(95)":186.126777,"p(99)":318.6454430799997,"avg":134.1282917777778,"min":83.544569}},"vus":{"type":"gauge","contains":"default","values":{"max":1,"value":1,"min":1}},"data_sent":{"type":"counter","contains":"data","values":{"count":7909,"rate":257.7331419514929}},"data_received":{"type":"counter","contains":"data","values":{"count":1587091,"rate":51719.04791919797}},"http_req_connecting":{"type":"trend","contains":"time","values":{"max":1.590387,"p(90)":0,"p(95)":0,"p(99)":1.1768863799999976,"avg":0.058903222222222225,"min":0,"med":0}}},"root_group":{"groups":[],"checks":[{"fails":0,"name":"status es 200","path":"::status es 200","id":"c8f562f01bcdf8f7be8c15f6ad60295d","passes":27}],"name":"","path":"","id":"d41d8cd98f00b204e9800998ecf8427e"},"options":{"summaryTrendStats":["avg","min","med","max","p(90)","p(95)","p(99)"],"summaryTimeUnit":"","noColor":false}}