{"root_group":{"name":"","path":"","id":"d41d8cd98f00b204e9800998ecf8427e","groups":[],"checks":[{"path":"::status es 200","id":"c8f562f01bcdf8f7be8c15f6ad60295d","passes":28,"fails":0,"name":"status es 200"}]},"options":{"summaryTrendStats":["avg","min","med","max","p(90)","p(95)","p(99)"],"summaryTimeUnit":"","noColor":false},"state":{"isStdErrTTY":false,"testRunDurationMs":30295.447469,"isStdOutTTY":false},"metrics":{"http_reqs":{"contains":"default","values":{"count":28,"rate":0.9242312736476717},"type":"counter"},"http_req_duration":{"contains":"time","values":{"max":124.291823,"p(90)":88.0344335,"p(95)":110.89360074999998,"p(99)":122.6207228,"avg":75.47053121428571,"min":50.717166,"med":75.53549849999999},"thresholds":{"p(95)<800":{"ok":true}},"type":"trend"},"http_req_duration{expected_response:true}":{"type":"trend","contains":"time","values":{"med":75.53549849999999,"max":124.291823,"p(90)":88.0344335,"p(95)":110.89360074999998,"p(99)":122.6207228,"avg":75.47053121428571,"min":50.717166}},"http_req_connecting":{"values":{"avg":0.6592221785714286,"min":0,"med":0,"max":18.458221,"p(90)":0,"p(95)":0,"p(99)":13.47450133000001},"type":"trend","contains":"time"},"http_req_waiting":{"type":"trend","contains":"time","values":{"p(95)":106.44572979999997,"p(99)":117.88086898,"avg":70.59216489285714,"min":45.762528,"med":70.69944799999999,"max":119.354131,"p(90)":83.00122820000001}},"http_req_failed":{"values":{"rate":0,"passes":0,"fails":28},"thresholds":{"rate<0.01":{"ok":true}},"type":"rate","contains":"default"},"http_req_sending":{"contains":"time","values":{"med":0.050794,"max":0.18895,"p(90)":0.08544330000000003,"p(95)":0.11470749999999999,"p(99)":0.16973140000000003,"avg":0.06013339285714288,"min":0.03462},"type":"trend"},"http_req_receiving":{"type":"trend","contains":"time","values":{"avg":4.818232928571427,"min":4.087188,"med":4.896912,"max":5.099859,"p(90)":5.0333971,"p(95)":5.03913275,"p(99)":5.084241120000001}},"checks":{"type":"rate","contains":"default","values":{"rate":1,"passes":28,"fails":0}},"data_received":{"values":{"rate":54335.919668604125,"count":1646131},"type":"counter","contains":"data"},"iteration_duration":{"contains":"time","values":{"avg":1081.9474596785715,"min":1050.925329,"med":1076.2463785,"max":1282.035715,"p(90)":1088.4939391999999,"p(95)":1115.62143715,"p(99)":1239.63271693},"type":"trend"},"iterations":{"type":"counter","contains":"default","values":{"count":28,"rate":0.9242312736476717}},"data_sent":{"type":"counter","contains":"data","values":{"count":9887,"rate":326.3526643769475}},"http_req_tls_handshaking":{"values":{"med":0,"max":19.003205,"p(90)":0,"p(95)":0,"p(99)":13.87233965000001,"avg":0.6786858928571429,"min":0},"type":"trend","contains":"time"},"vus_max":{"type":"gauge","contains":"default","values":{"value":1,"min":1,"max":1}},"http_req_blocked":{"type":"trend","contains":"time","values":{"p(95)":0.0005096499999999997,"p(99)":119.22979151000007,"avg":5.8334154285714295,"min":0.000208,"med":0.0002345,"max":163.328267,"p(90)":0.0003706}},"vus":{"type":"gauge","contains":"default","values":{"value":1,"min":1,"max":1}}}}