{"root_group":{"name":"","path":"","id":"d41d8cd98f00b204e9800998ecf8427e","groups":[],"checks":[{"id":"c8f562f01bcdf8f7be8c15f6ad60295d","passes":27,"fails":0,"name":"status es 200","path":"::status es 200"}]},"options":{"summaryTrendStats":["avg","min","med","max","p(90)","p(95)","p(99)"],"summaryTimeUnit":"","noColor":false},"state":{"isStdOutTTY":false,"isStdErrTTY":false,"testRunDurationMs":30930.122538},"metrics":{"data_sent":{"values":{"count":7835,"rate":253.31293111994978},"type":"counter","contains":"data"},"http_req_connecting":{"type":"trend","contains":"time","values":{"avg":0.06613314814814815,"min":0,"med":0,"max":1.785595,"p(90)":0,"p(95)":0,"p(99)":1.3213402999999972}},"vus_max":{"type":"gauge","contains":"default","values":{"max":1,"value":1,"min":1}},"data_received":{"type":"counter","contains":"data","values":{"count":1587486,"rate":51324.9179032399}},"http_reqs":{"contains":"default","values":{"count":27,"rate":0.8729354358951683},"type":"counter"},"http_req_failed":{"type":"rate","contains":"default","values":{"passes":0,"fails":27,"rate":0},"thresholds":{"rate<0.01":{"ok":true}}},"http_req_duration":{"values":{"med":151.621402,"max":353.948557,"p(90)":157.48073159999998,"p(95)":159.9042121,"p(99)":303.6716133999997,"avg":143.05557362962963,"min":93.100863},"thresholds":{"p(95)<800":{"ok":true}},"type":"trend","contains":"time"},"http_req_blocked":{"type":"trend","contains":"time","values":{"min":0.00029,"med":0.000321,"max":44.301175,"p(90)":0.0006074000000000001,"p(95)":0.0006732999999999999,"p(99)":32.78304915999993,"avg":1.641136000000001}},"checks":{"type":"rate","contains":"default","values":{"rate":1,"passes":27,"fails":0}},"http_req_receiving":{"contains":"time","values":{"max":4.948107,"p(90)":4.2866638,"p(95)":4.5463673,"p(99)":4.86219832,"avg":1.5875556666666668,"min":0.19185,"med":0.500846},"type":"trend"},"http_req_duration{expected_response:true}":{"type":"trend","contains":"time","values":{"min":93.100863,"med":151.621402,"max":353.948557,"p(90)":157.48073159999998,"p(95)":159.9042121,"p(99)":303.6716133999997,"avg":143.05557362962963}},"http_req_sending":{"type":"trend","contains":"time","values":{"p(90)":0.1439592,"p(95)":0.16434169999999998,"p(99)":0.18704203999999996,"avg":0.12216477777777775,"min":0.094716,"med":0.113432,"max":0.192098}},"http_req_waiting":{"type":"trend","contains":"time","values":{"p(95)":159.3308528,"p(99)":302.1895981199997,"avg":141.34585318518518,"min":89.971074,"med":151.267562,"max":352.139326,"p(90)":156.7945858}},"vus":{"type":"gauge","contains":"default","values":{"max":1,"value":1,"min":1}},"iteration_duration":{"type":"trend","contains":"time","values":{"max":1398.980038,"p(90)":1158.4315800000002,"p(95)":1160.8653805000001,"p(99)":1337.2411776999995,"avg":1145.5251269629632,"min":1093.449528,"med":1152.833287}},"iterations":{"type":"counter","contains":"default","values":{"count":27,"rate":0.8729354358951683}},"http_req_tls_handshaking":{"contains":"time","values":{"avg":0.5062691851851852,"min":0,"med":0,"max":13.669268,"p(90)":0,"p(95)":0,"p(99)":10.11525831999998},"type":"trend"}}}