{"root_group":{"groups":[],"checks":[{"name":"status es 200","path":"::status es 200","id":"c8f562f01bcdf8f7be8c15f6ad60295d","passes":28,"fails":0}],"name":"","path":"","id":"d41d8cd98f00b204e9800998ecf8427e"},"options":{"summaryTrendStats":["avg","min","med","max","p(90)","p(95)","p(99)"],"summaryTimeUnit":"","noColor":false},"state":{"isStdOutTTY":false,"isStdErrTTY":false,"testRunDurationMs":30395.601868},"metrics":{"vus":{"type":"gauge","contains":"default","values":{"min":1,"max":1,"value":1}},"http_req_duration":{"values":{"avg":81.90221225,"min":64.637143,"med":79.813419,"max":142.759504,"p(90)":91.2546037,"p(95)":95.49363355,"p(99)":130.33681588000002},"thresholds":{"p(95)<800":{"ok":true}},"type":"trend","contains":"time"},"vus_max":{"type":"gauge","contains":"default","values":{"value":1,"min":1,"max":1}},"data_received":{"type":"counter","contains":"data","values":{"count":1645450,"rate":54134.476663622285}},"data_sent":{"type":"counter","contains":"data","values":{"rate":256.8134703796746,"count":7806}},"iterations":{"type":"counter","contains":"default","values":{"rate":0.9211859045133088,"count":28}},"http_req_duration{expected_response:true}":{"type":"trend","contains":"time","values":{"p(90)":91.2546037,"p(95)":95.49363355,"p(99)":130.33681588000002,"avg":81.90221225,"min":64.637143,"med":79.813419,"max":142.759504}},"http_req_waiting":{"values":{"p(99)":127.01198596,"avg":79.20158878571428,"min":63.955427,"med":76.57438450000001,"max":139.302373,"p(90)":88.9327037,"p(95)":93.3060605},"type":"trend","contains":"time"},"http_req_failed":{"type":"rate","contains":"default","values":{"rate":0,"passes":0,"fails":28},"thresholds":{"rate<0.01":{"ok":true}}},"http_req_connecting":{"values":{"p(95)":0,"p(99)":9.069814920000004,"avg":0.44372871428571425,"min":0,"med":0,"max":12.424404,"p(90)":0},"type":"trend","contains":"time"},"http_req_blocked":{"type":"trend","contains":"time","values":{"med":0.000326,"max":77.667813,"p(90)":0.000506,"p(95)":0.0007149999999999997,"p(99)":56.69771166000003,"avg":2.7742023214285716,"min":0.000291}},"http_req_sending":{"type":"trend","contains":"time","values":{"p(90)":0.1161175,"p(95)":0.14758974999999994,"p(99)":0.17684262,"avg":0.10014464285714285,"min":0.068608,"med":0.09730649999999999,"max":0.181809}},"http_req_receiving":{"type":"trend","contains":"time","values":{"max":3.384876,"p(90)":3.3324195,"p(95)":3.3665522,"p(99)":3.3823655400000003,"avg":2.600478821428571,"min":0.178052,"med":2.8221024999999997}},"checks":{"type":"rate","contains":"default","values":{"rate":1,"passes":28,"fails":0}},"http_req_tls_handshaking":{"contains":"time","values":{"avg":0.9569255714285714,"min":0,"med":0,"max":26.793916,"p(90)":0,"p(95)":0,"p(99)":19.559558680000013},"type":"trend"},"iteration_duration":{"type":"trend","contains":"time","values":{"med":1080.9383805,"max":1220.775035,"p(90)":1092.3873301,"p(95)":1096.55900035,"p(99)":1187.63701511,"avg":1085.5119373214286,"min":1065.890266}},"http_reqs":{"contains":"default","values":{"count":28,"rate":0.9211859045133088},"type":"counter"}}}