{"state":{"isStdOutTTY":false,"isStdErrTTY":false,"testRunDurationMs":30120.932982},"metrics":{"http_req_sending":{"values":{"min":0.084728,"med":0.10477049999999999,"max":0.213739,"p(90)":0.11993899999999999,"p(95)":0.13327825,"p(99)":0.19443775000000002,"avg":0.10860215384615383},"type":"trend","contains":"time"},"http_req_receiving":{"type":"trend","contains":"time","values":{"avg":2.1804151923076924,"min":1.614701,"med":2.2664584999999997,"max":2.352602,"p(90)":2.313893,"p(95)":2.3239655,"p(99)":2.346194}},"vus":{"type":"gauge","contains":"default","values":{"value":1,"min":1,"max":1}},"http_reqs":{"type":"counter","contains":"default","values":{"count":26,"rate":0.8631870737714986}},"http_req_duration{expected_response:true}":{"type":"trend","contains":"time","values":{"p(99)":314.59569124999996,"avg":155.1053221153846,"min":91.76944,"med":160.109618,"max":315.317862,"p(90)":182.755129,"p(95)":282.16971474999997}},"http_req_blocked":{"type":"trend","contains":"time","values":{"avg":2.5265056923076914,"min":0.00029,"med":0.00037600000000000003,"max":65.6793,"p(90)":0.000566,"p(95)":0.0007934999999999999,"p(99)":49.25968775}},"http_req_waiting":{"type":"trend","contains":"time","values":{"p(99)":312.284121,"avg":152.81630476923075,"min":90.010983,"med":157.74603150000002,"max":313.032006,"p(90)":180.4090225,"p(95)":279.77327149999996}},"http_req_connecting":{"type":"trend","contains":"time","values":{"p(90)":0,"p(95)":0,"p(99)":6.68223,"avg":0.34267846153846154,"min":0,"med":0,"max":8.90964}},"http_req_tls_handshaking":{"type":"trend","contains":"time","values":{"max":23.333872,"p(90)":0,"p(95)":0,"p(99)":17.500404,"avg":0.8974566153846154,"min":0,"med":0}},"http_req_duration":{"values":{"p(95)":282.16971474999997,"p(99)":314.59569124999996,"avg":155.1053221153846,"min":91.76944,"med":160.109618,"max":315.317862,"p(90)":182.755129},"thresholds":{"p(95)<800":{"ok":true}},"type":"trend","contains":"time"},"iterations":{"type":"counter","contains":"default","values":{"count":26,"rate":0.8631870737714986}},"data_sent":{"contains":"data","values":{"count":9081,"rate":301.4846852661146},"type":"counter"},"checks":{"type":"rate","contains":"default","values":{"rate":1,"passes":26,"fails":0}},"http_req_failed":{"type":"rate","contains":"default","values":{"rate":0,"passes":0,"fails":26},"thresholds":{"rate<0.01":{"ok":true}}},"iteration_duration":{"type":"trend","contains":"time","values":{"p(99)":1364.9280924999998,"avg":1158.4569543461537,"min":1092.799366,"med":1160.7652585,"max":1382.078754,"p(90)":1183.7006505,"p(95)":1283.2088705}},"vus_max":{"type":"gauge","contains":"default","values":{"max":1,"value":1,"min":1}},"data_received":{"type":"counter","contains":"data","values":{"count":1528464,"rate":50744.24490481077}}},"root_group":{"name":"","path":"","id":"d41d8cd98f00b204e9800998ecf8427e","groups":[],"checks":[{"name":"status es 200","path":"::status es 200","id":"c8f562f01bcdf8f7be8c15f6ad60295d","passes":26,"fails":0}]},"options":{"summaryTrendStats":["avg","min","med","max","p(90)","p(95)","p(99)"],"summaryTimeUnit":"","noColor":false}}