{"root_group":{"path":"","id":"d41d8cd98f00b204e9800998ecf8427e","groups":[],"checks":[{"passes":27,"fails":0,"name":"status es 200","path":"::status es 200","id":"c8f562f01bcdf8f7be8c15f6ad60295d"}],"name":""},"options":{"summaryTrendStats":["avg","min","med","max","p(90)","p(95)","p(99)"],"summaryTimeUnit":"","noColor":false},"state":{"isStdOutTTY":false,"isStdErrTTY":false,"testRunDurationMs":30694.26342},"metrics":{"http_req_sending":{"contains":"time","values":{"max":0.151824,"p(90)":0.12401000000000001,"p(95)":0.1408234,"p(99)":0.15068858,"avg":0.10811003703703703,"min":0.078546,"med":0.10687},"type":"trend"},"checks":{"contains":"default","values":{"passes":27,"fails":0,"rate":1},"type":"rate"},"vus_max":{"values":{"value":1,"min":1,"max":1},"type":"gauge","contains":"default"},"http_req_blocked":{"type":"trend","contains":"time","values":{"med":0.000311,"max":41.350852,"p(90)":0.00047700000000000026,"p(95)":0.000582,"p(99)":30.599784139999937,"avg":1.5318414814814825,"min":0.000291}},"http_req_tls_handshaking":{"values":{"min":0,"med":0,"max":9.533689,"p(90)":0,"p(95)":0,"p(99)":7.0549298599999855,"avg":0.3530995925925926},"type":"trend","contains":"time"},"data_received":{"type":"counter","contains":"data","values":{"count":1587582,"rate":51722.43354650926}},"http_req_duration":{"type":"trend","contains":"time","values":{"max":336.594261,"p(90)":181.70345040000004,"p(95)":189.966567,"p(99)":298.6921718399998,"avg":134.42481355555557,"min":85.095352,"med":100.789515},"thresholds":{"p(95)<800":{"ok":true}}},"http_req_duration{expected_response:true}":{"values":{"p(99)":298.6921718399998,"avg":134.42481355555557,"min":85.095352,"med":100.789515,"max":336.594261,"p(90)":181.70345040000004,"p(95)":189.966567},"type":"trend","contains":"time"},"http_req_failed":{"values":{"passes":0,"fails":27,"rate":0},"thresholds":{"rate<0.01":{"ok":true}},"type":"rate","contains":"default"},"vus":{"type":"gauge","contains":"default","values":{"max":1,"value":1,"min":1}},"http_req_waiting":{"contains":"time","values":{"p(90)":181.06407860000002,"p(95)":189.3394167,"p(99)":298.3275761999998,"avg":132.8213372962963,"min":84.544882,"med":97.116595,"max":336.31257},"type":"trend"},"iterations":{"type":"counter","contains":"default","values":{"rate":0.8796431968589654,"count":27}},"http_req_receiving":{"contains":"time","values":{"p(95)":5.1327254,"p(99)":5.43095984,"avg":1.4953662222222226,"min":0.195159,"med":0.547193,"max":5.508431,"p(90)":4.830530800000001},"type":"trend"},"iteration_duration":{"type":"trend","contains":"time","values":{"med":1101.528166,"max":1337.332303,"p(90)":1182.8448656,"p(95)":1190.4712290999998,"p(99)":1299.3710718999996,"avg":1136.7866554444445,"min":1086.210827}},"http_reqs":{"values":{"count":27,"rate":0.8796431968589654},"type":"counter","contains":"default"},"data_sent":{"type":"counter","contains":"data","values":{"rate":258.38704423290574,"count":7931}},"http_req_connecting":{"values":{"med":0,"max":2.573235,"p(90)":0,"p(95)":0,"p(99)":1.9041938999999959,"avg":0.095305,"min":0},"type":"trend","contains":"time"}}}