{"root_group":{"path":"","id":"d41d8cd98f00b204e9800998ecf8427e","groups":[],"checks":[{"path":"::status es 200","id":"c8f562f01bcdf8f7be8c15f6ad60295d","passes":30,"fails":0,"name":"status es 200"}],"name":""},"options":{"summaryTrendStats":["avg","min","med","max","p(90)","p(95)","p(99)"],"summaryTimeUnit":"","noColor":false},"state":{"isStdOutTTY":false,"isStdErrTTY":false,"testRunDurationMs":30922.381003},"metrics":{"http_req_blocked":{"type":"trend","contains":"time","values":{"max":25.294353,"p(90)":0.0004090000000000001,"p(95)":0.0005744999999999995,"p(99)":17.959179420000023,"avg":0.8434821,"min":0.000281,"med":0.0003155}},"vus_max":{"type":"gauge","contains":"default","values":{"max":1,"value":1,"min":1}},"http_req_failed":{"values":{"fails":30,"rate":0,"passes":0},"thresholds":{"rate<0.01":{"ok":true}},"type":"rate","contains":"default"},"http_req_sending":{"type":"trend","contains":"time","values":{"p(95)":0.17113509999999996,"p(99)":0.2553913000000001,"avg":0.11108193333333333,"min":0.067966,"med":0.1054815,"max":0.286633,"p(90)":0.15219190000000002}},"http_req_duration{expected_response:true}":{"type":"trend","contains":"time","values":{"avg":29.0231119,"min":19.898966,"med":28.16062,"max":40.066254,"p(90)":37.969506900000006,"p(95)":38.9967268,"p(99)":39.81017501}},"data_received":{"type":"counter","contains":"data","values":{"count":1763034,"rate":57014.82042501693}},"http_reqs":{"type":"counter","contains":"default","values":{"count":30,"rate":0.9701710873134085}},"http_req_tls_handshaking":{"type":"trend","contains":"time","values":{"med":0,"max":9.658151,"p(90)":0,"p(95)":0,"p(99)":6.857287210000008,"avg":0.3219383666666667,"min":0}},"http_req_connecting":{"type":"trend","contains":"time","values":{"min":0,"med":0,"max":2.063954,"p(90)":0,"p(95)":0,"p(99)":1.4654073400000016,"avg":0.06879846666666666}},"http_req_waiting":{"contains":"time","values":{"max":39.534554,"p(90)":36.9781424,"p(95)":38.4025727,"p(99)":39.27944999,"avg":28.518501200000003,"min":19.433868,"med":27.680494},"type":"trend"},"http_req_duration":{"type":"trend","contains":"time","values":{"p(99)":39.81017501,"avg":29.0231119,"min":19.898966,"med":28.16062,"max":40.066254,"p(90)":37.969506900000006,"p(95)":38.9967268},"thresholds":{"p(95)<800":{"ok":true}}},"vus":{"values":{"min":1,"max":1,"value":1},"type":"gauge","contains":"default"},"iteration_duration":{"type":"trend","contains":"time","values":{"p(90)":1039.0723931,"p(95)":1040.2711219,"p(99)":1057.8575998200001,"avg":1030.691,"min":1020.626718,"med":1029.312913,"max":1065.016871}},"http_req_receiving":{"type":"trend","contains":"time","values":{"p(90)":0.4544811000000001,"p(95)":0.6011114999999995,"p(99)":0.8454168100000001,"avg":0.39352876666666664,"min":0.251079,"med":0.3706465,"max":0.909974}},"checks":{"type":"rate","contains":"default","values":{"rate":1,"passes":30,"fails":0}},"data_sent":{"type":"counter","contains":"data","values":{"count":7398,"rate":239.24419013148653}},"iterations":{"type":"counter","contains":"default","values":{"count":30,"rate":0.9701710873134085}}}}